solid OpenSCAD_Model
  facet normal -1 0 0
    outer loop
      vertex -9 -26.15 0
      vertex -9 -21.8411 4.69106
      vertex -9 -17.15 0
    endloop
  endfacet
  facet normal -1 0 0
    outer loop
      vertex -9 -26.15 5
      vertex -9 -21.8411 4.69106
      vertex -9 -26.15 0
    endloop
  endfacet
  facet normal -1 0 0
    outer loop
      vertex -9 -21.8411 4.69106
      vertex -9 -26.15 5
      vertex -9 -22.1321 5
    endloop
  endfacet
  facet normal -1 0 0
    outer loop
      vertex -9 21.8411 4.69106
      vertex -9 26.15 5
      vertex -9 26.15 0
    endloop
  endfacet
  facet normal -1 -0 0
    outer loop
      vertex -9 26.15 5
      vertex -9 21.8411 4.69106
      vertex -9 22.1321 5
    endloop
  endfacet
  facet normal -1 0 -0
    outer loop
      vertex -9 21.8411 4.69106
      vertex -9 26.15 0
      vertex -9 17.15 0
    endloop
  endfacet
  facet normal 0 -1 0
    outer loop
      vertex -6 -29.15 0
      vertex 6 -29.15 5
      vertex -6 -29.15 5
    endloop
  endfacet
  facet normal 0 -1 -0
    outer loop
      vertex 6 -29.15 5
      vertex -6 -29.15 0
      vertex 6 -29.15 0
    endloop
  endfacet
  facet normal -0 0 1
    outer loop
      vertex 8.31497 -22.15 5
      vertex 9 -26.15 5
      vertex 9 -22.1321 5
    endloop
  endfacet
  facet normal -0 0 1
    outer loop
      vertex 6 -23.15 5
      vertex 9 -26.15 5
      vertex 8.31497 -22.15 5
    endloop
  endfacet
  facet normal 0 0 1
    outer loop
      vertex 6 -26.15 5
      vertex 9 -26.15 5
      vertex 6 -23.15 5
    endloop
  endfacet
  facet normal 0 0 1
    outer loop
      vertex 9 -26.15 5
      vertex 6 -26.15 5
      vertex 8.99589 -26.307 5
    endloop
  endfacet
  facet normal 0 0 1
    outer loop
      vertex 8.99589 -26.307 5
      vertex 6 -26.15 5
      vertex 8.98357 -26.4636 5
    endloop
  endfacet
  facet normal 0 0 1
    outer loop
      vertex 8.98357 -26.4636 5
      vertex 6 -26.15 5
      vertex 8.96306 -26.6193 5
    endloop
  endfacet
  facet normal 0 0 1
    outer loop
      vertex 8.96306 -26.6193 5
      vertex 6 -26.15 5
      vertex 8.93444 -26.7737 5
    endloop
  endfacet
  facet normal 0 0 1
    outer loop
      vertex 8.89778 -26.9265 5
      vertex 6 -26.15 5
      vertex 8.85317 -27.077 5
    endloop
  endfacet
  facet normal 0 0 1
    outer loop
      vertex 8.85317 -27.077 5
      vertex 6 -26.15 5
      vertex 8.80074 -27.2251 5
    endloop
  endfacet
  facet normal 0 0 1
    outer loop
      vertex 8.80074 -27.2251 5
      vertex 6 -26.15 5
      vertex 8.74064 -27.3702 5
    endloop
  endfacet
  facet normal 0 0 1
    outer loop
      vertex 8.74064 -27.3702 5
      vertex 6 -26.15 5
      vertex 8.67302 -27.512 5
    endloop
  endfacet
  facet normal 0 0 1
    outer loop
      vertex 8.67302 -27.512 5
      vertex 6 -26.15 5
      vertex 8.59808 -27.65 5
    endloop
  endfacet
  facet normal 0 0 1
    outer loop
      vertex 8.59808 -27.65 5
      vertex 6 -26.15 5
      vertex 8.51601 -27.7839 5
    endloop
  endfacet
  facet normal 0 0 1
    outer loop
      vertex 8.51601 -27.7839 5
      vertex 6 -26.15 5
      vertex 8.42705 -27.9134 5
    endloop
  endfacet
  facet normal 0 0 1
    outer loop
      vertex 8.42705 -27.9134 5
      vertex 6 -26.15 5
      vertex 8.33144 -28.038 5
    endloop
  endfacet
  facet normal 0 0 1
    outer loop
      vertex 8.33144 -28.038 5
      vertex 6 -26.15 5
      vertex 8.22943 -28.1574 5
    endloop
  endfacet
  facet normal 0 0 1
    outer loop
      vertex 8.22943 -28.1574 5
      vertex 6 -26.15 5
      vertex 8.12132 -28.2713 5
    endloop
  endfacet
  facet normal 0 0 1
    outer loop
      vertex 8.12132 -28.2713 5
      vertex 6 -26.15 5
      vertex 8.00739 -28.3794 5
    endloop
  endfacet
  facet normal 0 0 1
    outer loop
      vertex 8.00739 -28.3794 5
      vertex 6 -26.15 5
      vertex 7.88796 -28.4814 5
    endloop
  endfacet
  facet normal 0 0 1
    outer loop
      vertex 7.88796 -28.4814 5
      vertex 6 -26.15 5
      vertex 7.76336 -28.577 5
    endloop
  endfacet
  facet normal 0 0 1
    outer loop
      vertex 7.76336 -28.577 5
      vertex 6 -26.15 5
      vertex 7.63392 -28.666 5
    endloop
  endfacet
  facet normal 0 0 1
    outer loop
      vertex 7.63392 -28.666 5
      vertex 6 -26.15 5
      vertex 7.5 -28.7481 5
    endloop
  endfacet
  facet normal 0 0 1
    outer loop
      vertex 7.5 -28.7481 5
      vertex 6 -26.15 5
      vertex 7.36197 -28.823 5
    endloop
  endfacet
  facet normal 0 0 1
    outer loop
      vertex 7.36197 -28.823 5
      vertex 6 -26.15 5
      vertex 7.22021 -28.8906 5
    endloop
  endfacet
  facet normal 0 0 1
    outer loop
      vertex 7.22021 -28.8906 5
      vertex 6 -26.15 5
      vertex 7.0751 -28.9507 5
    endloop
  endfacet
  facet normal 0 0 1
    outer loop
      vertex 7.0751 -28.9507 5
      vertex 6 -26.15 5
      vertex 6.92705 -29.0032 5
    endloop
  endfacet
  facet normal 0 0 1
    outer loop
      vertex 6.92705 -29.0032 5
      vertex 6 -26.15 5
      vertex 6.77646 -29.0478 5
    endloop
  endfacet
  facet normal 0 0 1
    outer loop
      vertex 6.77646 -29.0478 5
      vertex 6 -26.15 5
      vertex 6.62373 -29.0844 5
    endloop
  endfacet
  facet normal 0 0 1
    outer loop
      vertex 6.62373 -29.0844 5
      vertex 6 -26.15 5
      vertex 6.4693 -29.1131 5
    endloop
  endfacet
  facet normal 0 0 1
    outer loop
      vertex 6.4693 -29.1131 5
      vertex 6 -26.15 5
      vertex 6.31359 -29.1336 5
    endloop
  endfacet
  facet normal 0 0 1
    outer loop
      vertex 8.93444 -26.7737 5
      vertex 6 -26.15 5
      vertex 8.89778 -26.9265 5
    endloop
  endfacet
  facet normal 0 0 1
    outer loop
      vertex 8.31497 -22.15 5
      vertex -6 -23.15 5
      vertex 6 -23.15 5
    endloop
  endfacet
  facet normal 0 0 1
    outer loop
      vertex -9 -26.15 5
      vertex -6 -26.15 5
      vertex -6 -23.15 5
    endloop
  endfacet
  facet normal 0 0 1
    outer loop
      vertex -6 -26.15 5
      vertex -6.15701 -29.1459 5
      vertex -6 -29.15 5
    endloop
  endfacet
  facet normal 0 0 1
    outer loop
      vertex -6 -26.15 5
      vertex -6.31359 -29.1336 5
      vertex -6.15701 -29.1459 5
    endloop
  endfacet
  facet normal 0 0 1
    outer loop
      vertex -6 -26.15 5
      vertex -6.4693 -29.1131 5
      vertex -6.31359 -29.1336 5
    endloop
  endfacet
  facet normal 0 0 1
    outer loop
      vertex -6 -26.15 5
      vertex -6.62373 -29.0844 5
      vertex -6.4693 -29.1131 5
    endloop
  endfacet
  facet normal 0 0 1
    outer loop
      vertex -6 -26.15 5
      vertex -6.77646 -29.0478 5
      vertex -6.62373 -29.0844 5
    endloop
  endfacet
  facet normal 0 0 1
    outer loop
      vertex -6 -26.15 5
      vertex -6.92705 -29.0032 5
      vertex -6.77646 -29.0478 5
    endloop
  endfacet
  facet normal 0 0 1
    outer loop
      vertex -6 -26.15 5
      vertex -7.0751 -28.9507 5
      vertex -6.92705 -29.0032 5
    endloop
  endfacet
  facet normal 0 0 1
    outer loop
      vertex -6 -26.15 5
      vertex -7.22021 -28.8906 5
      vertex -7.0751 -28.9507 5
    endloop
  endfacet
  facet normal 0 0 1
    outer loop
      vertex -6 -26.15 5
      vertex -7.36197 -28.823 5
      vertex -7.22021 -28.8906 5
    endloop
  endfacet
  facet normal 0 0 1
    outer loop
      vertex -6 -26.15 5
      vertex -7.5 -28.7481 5
      vertex -7.36197 -28.823 5
    endloop
  endfacet
  facet normal 0 0 1
    outer loop
      vertex -6 -26.15 5
      vertex -7.63392 -28.666 5
      vertex -7.5 -28.7481 5
    endloop
  endfacet
  facet normal 0 0 1
    outer loop
      vertex -6 -26.15 5
      vertex -7.76336 -28.577 5
      vertex -7.63392 -28.666 5
    endloop
  endfacet
  facet normal 0 0 1
    outer loop
      vertex -6 -26.15 5
      vertex -7.88796 -28.4814 5
      vertex -7.76336 -28.577 5
    endloop
  endfacet
  facet normal 0 0 1
    outer loop
      vertex -6 -26.15 5
      vertex -8.00739 -28.3794 5
      vertex -7.88796 -28.4814 5
    endloop
  endfacet
  facet normal 0 0 1
    outer loop
      vertex -6 -26.15 5
      vertex -8.12132 -28.2713 5
      vertex -8.00739 -28.3794 5
    endloop
  endfacet
  facet normal 0 0 1
    outer loop
      vertex -6 -26.15 5
      vertex -8.22943 -28.1574 5
      vertex -8.12132 -28.2713 5
    endloop
  endfacet
  facet normal -0 0 1
    outer loop
      vertex -8.31497 -22.15 5
      vertex -6 -23.15 5
      vertex 8.31497 -22.15 5
    endloop
  endfacet
  facet normal 0 0 1
    outer loop
      vertex -9 -26.15 5
      vertex -6 -23.15 5
      vertex -8.31497 -22.15 5
    endloop
  endfacet
  facet normal 0 -0 1
    outer loop
      vertex -8.99589 -26.307 5
      vertex -6 -26.15 5
      vertex -9 -26.15 5
    endloop
  endfacet
  facet normal 0 0 1
    outer loop
      vertex -6 -26.15 5
      vertex -8.33144 -28.038 5
      vertex -8.22943 -28.1574 5
    endloop
  endfacet
  facet normal 0 0 1
    outer loop
      vertex -6 -26.15 5
      vertex -8.42705 -27.9134 5
      vertex -8.33144 -28.038 5
    endloop
  endfacet
  facet normal 0 0 1
    outer loop
      vertex -6 -26.15 5
      vertex -8.51601 -27.7839 5
      vertex -8.42705 -27.9134 5
    endloop
  endfacet
  facet normal 0 0 1
    outer loop
      vertex -6 -26.15 5
      vertex -8.59808 -27.65 5
      vertex -8.51601 -27.7839 5
    endloop
  endfacet
  facet normal 0 0 1
    outer loop
      vertex -6 -26.15 5
      vertex -8.67302 -27.512 5
      vertex -8.59808 -27.65 5
    endloop
  endfacet
  facet normal 0 0 1
    outer loop
      vertex -6 -26.15 5
      vertex -8.74064 -27.3702 5
      vertex -8.67302 -27.512 5
    endloop
  endfacet
  facet normal 0 0 1
    outer loop
      vertex -6 -26.15 5
      vertex -8.80074 -27.2251 5
      vertex -8.74064 -27.3702 5
    endloop
  endfacet
  facet normal 0 0 1
    outer loop
      vertex -6 -26.15 5
      vertex -8.85317 -27.077 5
      vertex -8.80074 -27.2251 5
    endloop
  endfacet
  facet normal 0 0 1
    outer loop
      vertex -6 -26.15 5
      vertex -8.89778 -26.9265 5
      vertex -8.85317 -27.077 5
    endloop
  endfacet
  facet normal 0 0 1
    outer loop
      vertex -6 -26.15 5
      vertex -8.93444 -26.7737 5
      vertex -8.89778 -26.9265 5
    endloop
  endfacet
  facet normal 0 0 1
    outer loop
      vertex -6 -26.15 5
      vertex -8.96306 -26.6193 5
      vertex -8.93444 -26.7737 5
    endloop
  endfacet
  facet normal 0 0 1
    outer loop
      vertex -6 -26.15 5
      vertex -8.98357 -26.4636 5
      vertex -8.96306 -26.6193 5
    endloop
  endfacet
  facet normal 0 0 1
    outer loop
      vertex -9 -26.15 5
      vertex -8.31497 -22.15 5
      vertex -9 -22.1321 5
    endloop
  endfacet
  facet normal 0 0 1
    outer loop
      vertex -6 -26.15 5
      vertex -8.99589 -26.307 5
      vertex -8.98357 -26.4636 5
    endloop
  endfacet
  facet normal 0 0 1
    outer loop
      vertex 6.31359 -29.1336 5
      vertex 6 -26.15 5
      vertex 6.15701 -29.1459 5
    endloop
  endfacet
  facet normal 0 0 1
    outer loop
      vertex 6 -26.15 5
      vertex 6 -29.15 5
      vertex 6.15701 -29.1459 5
    endloop
  endfacet
  facet normal -0 0 1
    outer loop
      vertex -6 -26.15 5
      vertex 6 -29.15 5
      vertex 6 -26.15 5
    endloop
  endfacet
  facet normal 0 0 1
    outer loop
      vertex 6 -29.15 5
      vertex -6 -26.15 5
      vertex -6 -29.15 5
    endloop
  endfacet
  facet normal -0 0 1
    outer loop
      vertex -6 29.15 5
      vertex 6 26.15 5
      vertex 6 29.15 5
    endloop
  endfacet
  facet normal 0 0 1
    outer loop
      vertex -6 29.15 5
      vertex -6 26.15 5
      vertex 6 26.15 5
    endloop
  endfacet
  facet normal -0 0 1
    outer loop
      vertex -6.15701 29.1459 5
      vertex -6 26.15 5
      vertex -6 29.15 5
    endloop
  endfacet
  facet normal -0 0 1
    outer loop
      vertex -6.31359 29.1336 5
      vertex -6 26.15 5
      vertex -6.15701 29.1459 5
    endloop
  endfacet
  facet normal 0 0 1
    outer loop
      vertex 6 26.15 5
      vertex 9 26.15 5
      vertex 8.99589 26.307 5
    endloop
  endfacet
  facet normal 0 0 1
    outer loop
      vertex 6 26.15 5
      vertex 8.99589 26.307 5
      vertex 8.98357 26.4636 5
    endloop
  endfacet
  facet normal 0 0 1
    outer loop
      vertex 6 26.15 5
      vertex 8.98357 26.4636 5
      vertex 8.96306 26.6193 5
    endloop
  endfacet
  facet normal 0 0 1
    outer loop
      vertex 6 26.15 5
      vertex 8.96306 26.6193 5
      vertex 8.93444 26.7737 5
    endloop
  endfacet
  facet normal 0 0 1
    outer loop
      vertex 6 26.15 5
      vertex 8.93444 26.7737 5
      vertex 8.89778 26.9265 5
    endloop
  endfacet
  facet normal 0 0 1
    outer loop
      vertex 6 26.15 5
      vertex 8.89778 26.9265 5
      vertex 8.85317 27.077 5
    endloop
  endfacet
  facet normal 0 0 1
    outer loop
      vertex 6 26.15 5
      vertex 8.85317 27.077 5
      vertex 8.80074 27.2251 5
    endloop
  endfacet
  facet normal 0 0 1
    outer loop
      vertex 6 26.15 5
      vertex 8.80074 27.2251 5
      vertex 8.74064 27.3702 5
    endloop
  endfacet
  facet normal 0 0 1
    outer loop
      vertex 6 26.15 5
      vertex 8.74064 27.3702 5
      vertex 8.67302 27.512 5
    endloop
  endfacet
  facet normal 0 0 1
    outer loop
      vertex 6 26.15 5
      vertex 8.67302 27.512 5
      vertex 8.59808 27.65 5
    endloop
  endfacet
  facet normal 0 0 1
    outer loop
      vertex 6 26.15 5
      vertex 8.59808 27.65 5
      vertex 8.51601 27.7839 5
    endloop
  endfacet
  facet normal 0 0 1
    outer loop
      vertex 6 26.15 5
      vertex 8.51601 27.7839 5
      vertex 8.42705 27.9134 5
    endloop
  endfacet
  facet normal 0 0 1
    outer loop
      vertex 6 26.15 5
      vertex 8.42705 27.9134 5
      vertex 8.33144 28.038 5
    endloop
  endfacet
  facet normal 0 0 1
    outer loop
      vertex 9 26.15 5
      vertex 6 26.15 5
      vertex 6 23.15 5
    endloop
  endfacet
  facet normal 0 0 1
    outer loop
      vertex 6 26.15 5
      vertex 8.33144 28.038 5
      vertex 8.22943 28.1574 5
    endloop
  endfacet
  facet normal 0 0 1
    outer loop
      vertex 6 26.15 5
      vertex 8.22943 28.1574 5
      vertex 8.12132 28.2713 5
    endloop
  endfacet
  facet normal 0 0 1
    outer loop
      vertex 6 26.15 5
      vertex 8.12132 28.2713 5
      vertex 8.00739 28.3794 5
    endloop
  endfacet
  facet normal 0 0 1
    outer loop
      vertex 6 26.15 5
      vertex 8.00739 28.3794 5
      vertex 7.88796 28.4814 5
    endloop
  endfacet
  facet normal 0 0 1
    outer loop
      vertex 6 26.15 5
      vertex 7.88796 28.4814 5
      vertex 7.76336 28.577 5
    endloop
  endfacet
  facet normal 0 0 1
    outer loop
      vertex 6 26.15 5
      vertex 7.76336 28.577 5
      vertex 7.63392 28.666 5
    endloop
  endfacet
  facet normal 0 0 1
    outer loop
      vertex 6 26.15 5
      vertex 7.63392 28.666 5
      vertex 7.5 28.7481 5
    endloop
  endfacet
  facet normal 0 0 1
    outer loop
      vertex 6 26.15 5
      vertex 7.5 28.7481 5
      vertex 7.36197 28.823 5
    endloop
  endfacet
  facet normal 0 0 1
    outer loop
      vertex 6 26.15 5
      vertex 7.36197 28.823 5
      vertex 7.22021 28.8906 5
    endloop
  endfacet
  facet normal 0 0 1
    outer loop
      vertex 6 26.15 5
      vertex 7.22021 28.8906 5
      vertex 7.0751 28.9507 5
    endloop
  endfacet
  facet normal 0 0 1
    outer loop
      vertex 6 26.15 5
      vertex 7.0751 28.9507 5
      vertex 6.92705 29.0032 5
    endloop
  endfacet
  facet normal 0 0 1
    outer loop
      vertex 6 26.15 5
      vertex 6.92705 29.0032 5
      vertex 6.77646 29.0478 5
    endloop
  endfacet
  facet normal 0 0 1
    outer loop
      vertex 6 26.15 5
      vertex 6.77646 29.0478 5
      vertex 6.62373 29.0844 5
    endloop
  endfacet
  facet normal 0 0 1
    outer loop
      vertex 6 26.15 5
      vertex 6.62373 29.0844 5
      vertex 6.4693 29.1131 5
    endloop
  endfacet
  facet normal 0 0 1
    outer loop
      vertex 6 26.15 5
      vertex 6.4693 29.1131 5
      vertex 6.31359 29.1336 5
    endloop
  endfacet
  facet normal 0 0 1
    outer loop
      vertex 6 26.15 5
      vertex 6.31359 29.1336 5
      vertex 6.15701 29.1459 5
    endloop
  endfacet
  facet normal 0 0 1
    outer loop
      vertex 6 26.15 5
      vertex 6.15701 29.1459 5
      vertex 6 29.15 5
    endloop
  endfacet
  facet normal 0 0 1
    outer loop
      vertex 9 26.15 5
      vertex 8.31497 22.15 5
      vertex 9 22.1321 5
    endloop
  endfacet
  facet normal 0 0 1
    outer loop
      vertex 9 26.15 5
      vertex 6 23.15 5
      vertex 8.31497 22.15 5
    endloop
  endfacet
  facet normal -0 0 1
    outer loop
      vertex -6 23.15 5
      vertex 8.31497 22.15 5
      vertex 6 23.15 5
    endloop
  endfacet
  facet normal -0 0 1
    outer loop
      vertex -6.4693 29.1131 5
      vertex -6 26.15 5
      vertex -6.31359 29.1336 5
    endloop
  endfacet
  facet normal -0 0 1
    outer loop
      vertex -6.62373 29.0844 5
      vertex -6 26.15 5
      vertex -6.4693 29.1131 5
    endloop
  endfacet
  facet normal -0 0 1
    outer loop
      vertex -6.77646 29.0478 5
      vertex -6 26.15 5
      vertex -6.62373 29.0844 5
    endloop
  endfacet
  facet normal -0 0 1
    outer loop
      vertex -6.92705 29.0032 5
      vertex -6 26.15 5
      vertex -6.77646 29.0478 5
    endloop
  endfacet
  facet normal -0 0 1
    outer loop
      vertex -7.0751 28.9507 5
      vertex -6 26.15 5
      vertex -6.92705 29.0032 5
    endloop
  endfacet
  facet normal -0 0 1
    outer loop
      vertex -7.22021 28.8906 5
      vertex -6 26.15 5
      vertex -7.0751 28.9507 5
    endloop
  endfacet
  facet normal -0 0 1
    outer loop
      vertex -7.36197 28.823 5
      vertex -6 26.15 5
      vertex -7.22021 28.8906 5
    endloop
  endfacet
  facet normal -0 0 1
    outer loop
      vertex -7.5 28.7481 5
      vertex -6 26.15 5
      vertex -7.36197 28.823 5
    endloop
  endfacet
  facet normal -0 0 1
    outer loop
      vertex -7.63392 28.666 5
      vertex -6 26.15 5
      vertex -7.5 28.7481 5
    endloop
  endfacet
  facet normal -0 0 1
    outer loop
      vertex -7.76336 28.577 5
      vertex -6 26.15 5
      vertex -7.63392 28.666 5
    endloop
  endfacet
  facet normal -0 0 1
    outer loop
      vertex -7.88796 28.4814 5
      vertex -6 26.15 5
      vertex -7.76336 28.577 5
    endloop
  endfacet
  facet normal -0 0 1
    outer loop
      vertex -8.00739 28.3794 5
      vertex -6 26.15 5
      vertex -7.88796 28.4814 5
    endloop
  endfacet
  facet normal -0 0 1
    outer loop
      vertex -8.12132 28.2713 5
      vertex -6 26.15 5
      vertex -8.00739 28.3794 5
    endloop
  endfacet
  facet normal -0 0 1
    outer loop
      vertex -8.22943 28.1574 5
      vertex -6 26.15 5
      vertex -8.12132 28.2713 5
    endloop
  endfacet
  facet normal -0 0 1
    outer loop
      vertex -8.33144 28.038 5
      vertex -6 26.15 5
      vertex -8.22943 28.1574 5
    endloop
  endfacet
  facet normal 0 0 1
    outer loop
      vertex -6 23.15 5
      vertex -8.31497 22.15 5
      vertex 8.31497 22.15 5
    endloop
  endfacet
  facet normal 0 0 1
    outer loop
      vertex -6 26.15 5
      vertex -9 26.15 5
      vertex -6 23.15 5
    endloop
  endfacet
  facet normal -0 0 1
    outer loop
      vertex -8.42705 27.9134 5
      vertex -6 26.15 5
      vertex -8.33144 28.038 5
    endloop
  endfacet
  facet normal -0 0 1
    outer loop
      vertex -8.51601 27.7839 5
      vertex -6 26.15 5
      vertex -8.42705 27.9134 5
    endloop
  endfacet
  facet normal -0 0 1
    outer loop
      vertex -8.59808 27.65 5
      vertex -6 26.15 5
      vertex -8.51601 27.7839 5
    endloop
  endfacet
  facet normal -0 0 1
    outer loop
      vertex -8.67302 27.512 5
      vertex -6 26.15 5
      vertex -8.59808 27.65 5
    endloop
  endfacet
  facet normal -0 0 1
    outer loop
      vertex -8.74064 27.3702 5
      vertex -6 26.15 5
      vertex -8.67302 27.512 5
    endloop
  endfacet
  facet normal -0 0 1
    outer loop
      vertex -8.80074 27.2251 5
      vertex -6 26.15 5
      vertex -8.74064 27.3702 5
    endloop
  endfacet
  facet normal -0 0 1
    outer loop
      vertex -8.85317 27.077 5
      vertex -6 26.15 5
      vertex -8.80074 27.2251 5
    endloop
  endfacet
  facet normal -0 0 1
    outer loop
      vertex -8.89778 26.9265 5
      vertex -6 26.15 5
      vertex -8.85317 27.077 5
    endloop
  endfacet
  facet normal -0 0 1
    outer loop
      vertex -8.93444 26.7737 5
      vertex -6 26.15 5
      vertex -8.89778 26.9265 5
    endloop
  endfacet
  facet normal -0 0 1
    outer loop
      vertex -8.96306 26.6193 5
      vertex -6 26.15 5
      vertex -8.93444 26.7737 5
    endloop
  endfacet
  facet normal -0 0 1
    outer loop
      vertex -8.98357 26.4636 5
      vertex -6 26.15 5
      vertex -8.96306 26.6193 5
    endloop
  endfacet
  facet normal -0 0 1
    outer loop
      vertex -8.99589 26.307 5
      vertex -6 26.15 5
      vertex -8.98357 26.4636 5
    endloop
  endfacet
  facet normal 0 0 1
    outer loop
      vertex -6 26.15 5
      vertex -8.99589 26.307 5
      vertex -9 26.15 5
    endloop
  endfacet
  facet normal 0 0 1
    outer loop
      vertex -6 23.15 5
      vertex -9 26.15 5
      vertex -8.31497 22.15 5
    endloop
  endfacet
  facet normal 0 0 1
    outer loop
      vertex -8.31497 22.15 5
      vertex -9 26.15 5
      vertex -9 22.1321 5
    endloop
  endfacet
  facet normal 1 -0 0
    outer loop
      vertex 9 -26.15 5
      vertex 9 -21.8411 4.69106
      vertex 9 -22.1321 5
    endloop
  endfacet
  facet normal 1 0 0
    outer loop
      vertex 9 -26.15 0
      vertex 9 -21.8411 4.69106
      vertex 9 -26.15 5
    endloop
  endfacet
  facet normal 1 0 0
    outer loop
      vertex 9 -21.8411 4.69106
      vertex 9 -26.15 0
      vertex 9 -17.15 0
    endloop
  endfacet
  facet normal 1 0 0
    outer loop
      vertex 9 21.8411 4.69106
      vertex 9 26.15 5
      vertex 9 22.1321 5
    endloop
  endfacet
  facet normal 1 0 0
    outer loop
      vertex 9 26.15 5
      vertex 9 21.8411 4.69106
      vertex 9 26.15 0
    endloop
  endfacet
  facet normal 1 0 0
    outer loop
      vertex 9 26.15 0
      vertex 9 21.8411 4.69106
      vertex 9 17.15 0
    endloop
  endfacet
  facet normal -0.999658 -0.0261694 0
    outer loop
      vertex -8.99589 -26.307 0
      vertex -9 -26.15 5
      vertex -9 -26.15 0
    endloop
  endfacet
  facet normal -0.999658 -0.0261694 0
    outer loop
      vertex -9 -26.15 5
      vertex -8.99589 -26.307 0
      vertex -8.99589 -26.307 5
    endloop
  endfacet
  facet normal 0.923885 -0.38267 0
    outer loop
      vertex 8.74064 -27.3702 5
      vertex 8.80074 -27.2251 0
      vertex 8.80074 -27.2251 5
    endloop
  endfacet
  facet normal 0.923885 -0.38267 0
    outer loop
      vertex 8.80074 -27.2251 0
      vertex 8.74064 -27.3702 5
      vertex 8.74064 -27.3702 0
    endloop
  endfacet
  facet normal 0.942671 -0.333722 0
    outer loop
      vertex 8.80074 -27.2251 5
      vertex 8.85317 -27.077 0
      vertex 8.85317 -27.077 5
    endloop
  endfacet
  facet normal 0.942671 -0.333722 0
    outer loop
      vertex 8.85317 -27.077 0
      vertex 8.80074 -27.2251 5
      vertex 8.80074 -27.2251 0
    endloop
  endfacet
  facet normal 0.902623 -0.430433 0
    outer loop
      vertex 8.67302 -27.512 5
      vertex 8.74064 -27.3702 0
      vertex 8.74064 -27.3702 5
    endloop
  endfacet
  facet normal 0.902623 -0.430433 0
    outer loop
      vertex 8.74064 -27.3702 0
      vertex 8.67302 -27.512 5
      vertex 8.67302 -27.512 0
    endloop
  endfacet
  facet normal 0.99692 -0.0784294 0
    outer loop
      vertex 8.98357 -26.4636 5
      vertex 8.99589 -26.307 0
      vertex 8.99589 -26.307 5
    endloop
  endfacet
  facet normal 0.99692 -0.0784294 0
    outer loop
      vertex 8.99589 -26.307 0
      vertex 8.98357 -26.4636 5
      vertex 8.98357 -26.4636 0
    endloop
  endfacet
  facet normal 0.983251 -0.182258 0
    outer loop
      vertex 8.93444 -26.7737 5
      vertex 8.96306 -26.6193 0
      vertex 8.96306 -26.6193 5
    endloop
  endfacet
  facet normal 0.983251 -0.182258 0
    outer loop
      vertex 8.96306 -26.6193 0
      vertex 8.93444 -26.7737 5
      vertex 8.93444 -26.7737 0
    endloop
  endfacet
  facet normal -0.923885 -0.38267 0
    outer loop
      vertex -8.74064 -27.3702 0
      vertex -8.80074 -27.2251 5
      vertex -8.80074 -27.2251 0
    endloop
  endfacet
  facet normal -0.923885 -0.38267 0
    outer loop
      vertex -8.80074 -27.2251 5
      vertex -8.74064 -27.3702 0
      vertex -8.74064 -27.3702 5
    endloop
  endfacet
  facet normal -0.99692 -0.0784294 0
    outer loop
      vertex -8.98357 -26.4636 0
      vertex -8.99589 -26.307 5
      vertex -8.99589 -26.307 0
    endloop
  endfacet
  facet normal -0.99692 -0.0784294 0
    outer loop
      vertex -8.99589 -26.307 5
      vertex -8.98357 -26.4636 0
      vertex -8.98357 -26.4636 5
    endloop
  endfacet
  facet normal -0.334218 -0.942496 0
    outer loop
      vertex -7.0751 -28.9507 0
      vertex -6.92705 -29.0032 5
      vertex -7.0751 -28.9507 5
    endloop
  endfacet
  facet normal -0.334218 -0.942496 -0
    outer loop
      vertex -6.92705 -29.0032 5
      vertex -7.0751 -28.9507 0
      vertex -6.92705 -29.0032 0
    endloop
  endfacet
  facet normal 0.0261041 -0.999659 0
    outer loop
      vertex 6 -29.15 0
      vertex 6.15701 -29.1459 5
      vertex 6 -29.15 5
    endloop
  endfacet
  facet normal 0.0261041 -0.999659 0
    outer loop
      vertex 6.15701 -29.1459 5
      vertex 6 -29.15 0
      vertex 6.15701 -29.1459 0
    endloop
  endfacet
  facet normal 0.760303 -0.649569 0
    outer loop
      vertex 8.22943 -28.1574 5
      vertex 8.33144 -28.038 0
      vertex 8.33144 -28.038 5
    endloop
  endfacet
  facet normal 0.760303 -0.649569 0
    outer loop
      vertex 8.33144 -28.038 0
      vertex 8.22943 -28.1574 5
      vertex 8.22943 -28.1574 0
    endloop
  endfacet
  facet normal 0.958768 -0.28419 0
    outer loop
      vertex 8.85317 -27.077 5
      vertex 8.89778 -26.9265 0
      vertex 8.89778 -26.9265 5
    endloop
  endfacet
  facet normal 0.958768 -0.28419 0
    outer loop
      vertex 8.89778 -26.9265 0
      vertex 8.85317 -27.077 5
      vertex 8.85317 -27.077 0
    endloop
  endfacet
  facet normal 0.991435 -0.130599 0
    outer loop
      vertex 8.96306 -26.6193 5
      vertex 8.98357 -26.4636 0
      vertex 8.98357 -26.4636 5
    endloop
  endfacet
  facet normal 0.991435 -0.130599 0
    outer loop
      vertex 8.98357 -26.4636 0
      vertex 8.96306 -26.6193 5
      vertex 8.96306 -26.6193 0
    endloop
  endfacet
  facet normal 0.999658 -0.0261694 0
    outer loop
      vertex 8.99589 -26.307 5
      vertex 9 -26.15 0
      vertex 9 -26.15 5
    endloop
  endfacet
  facet normal 0.999658 -0.0261694 0
    outer loop
      vertex 9 -26.15 0
      vertex 8.99589 -26.307 5
      vertex 8.99589 -26.307 0
    endloop
  endfacet
  facet normal -0.0261041 -0.999659 0
    outer loop
      vertex -6.15701 -29.1459 0
      vertex -6 -29.15 5
      vertex -6.15701 -29.1459 5
    endloop
  endfacet
  facet normal -0.0261041 -0.999659 -0
    outer loop
      vertex -6 -29.15 5
      vertex -6.15701 -29.1459 0
      vertex -6 -29.15 0
    endloop
  endfacet
  facet normal 0.649438 -0.760415 0
    outer loop
      vertex 7.88796 -28.4814 0
      vertex 8.00739 -28.3794 5
      vertex 7.88796 -28.4814 5
    endloop
  endfacet
  facet normal 0.649438 -0.760415 0
    outer loop
      vertex 8.00739 -28.3794 5
      vertex 7.88796 -28.4814 0
      vertex 8.00739 -28.3794 0
    endloop
  endfacet
  facet normal 0.972405 -0.233301 0
    outer loop
      vertex 8.89778 -26.9265 5
      vertex 8.93444 -26.7737 0
      vertex 8.93444 -26.7737 5
    endloop
  endfacet
  facet normal 0.972405 -0.233301 0
    outer loop
      vertex 8.93444 -26.7737 0
      vertex 8.89778 -26.9265 5
      vertex 8.89778 -26.9265 0
    endloop
  endfacet
  facet normal -0.902623 -0.430433 0
    outer loop
      vertex -8.67302 -27.512 0
      vertex -8.74064 -27.3702 5
      vertex -8.74064 -27.3702 0
    endloop
  endfacet
  facet normal -0.902623 -0.430433 0
    outer loop
      vertex -8.74064 -27.3702 5
      vertex -8.67302 -27.512 0
      vertex -8.67302 -27.512 5
    endloop
  endfacet
  facet normal -0.972405 -0.233301 0
    outer loop
      vertex -8.89778 -26.9265 0
      vertex -8.93444 -26.7737 5
      vertex -8.93444 -26.7737 0
    endloop
  endfacet
  facet normal -0.972405 -0.233301 0
    outer loop
      vertex -8.93444 -26.7737 5
      vertex -8.89778 -26.9265 0
      vertex -8.89778 -26.9265 5
    endloop
  endfacet
  facet normal 0 0 -1
    outer loop
      vertex 6 -26.15 0
      vertex 9 -26.15 0
      vertex 8.99589 -26.307 0
    endloop
  endfacet
  facet normal 0 0 -1
    outer loop
      vertex 9 -17.15 0
      vertex 22.4301 -12.95 0
      vertex 21.7216 -14.1062 0
    endloop
  endfacet
  facet normal 0 0 -1
    outer loop
      vertex 9 -17.15 0
      vertex 21.7216 -14.1062 0
      vertex 20.9535 -15.2236 0
    endloop
  endfacet
  facet normal 0 0 -1
    outer loop
      vertex 9 -17.15 0
      vertex 20.9535 -15.2236 0
      vertex 20.1281 -16.2994 0
    endloop
  endfacet
  facet normal 0 0 -1
    outer loop
      vertex 9 -17.15 0
      vertex 20.1281 -16.2994 0
      vertex 19.4016 -17.15 0
    endloop
  endfacet
  facet normal -0 0 -1
    outer loop
      vertex 22.4301 -12.95 0
      vertex 9 -17.15 0
      vertex 22.9884 -11.9216 0
    endloop
  endfacet
  facet normal 0 0 -1
    outer loop
      vertex 6 -26.15 0
      vertex 8.99589 -26.307 0
      vertex 8.98357 -26.4636 0
    endloop
  endfacet
  facet normal 0 0 -1
    outer loop
      vertex 6 -26.15 0
      vertex 8.98357 -26.4636 0
      vertex 8.96306 -26.6193 0
    endloop
  endfacet
  facet normal 0 0 -1
    outer loop
      vertex 6 -26.15 0
      vertex 8.96306 -26.6193 0
      vertex 8.93444 -26.7737 0
    endloop
  endfacet
  facet normal 0 0 -1
    outer loop
      vertex 6 -26.15 0
      vertex 8.93444 -26.7737 0
      vertex 8.89778 -26.9265 0
    endloop
  endfacet
  facet normal 0 0 -1
    outer loop
      vertex 6 -26.15 0
      vertex 8.89778 -26.9265 0
      vertex 8.85317 -27.077 0
    endloop
  endfacet
  facet normal 0 0 -1
    outer loop
      vertex 6 -26.15 0
      vertex 8.85317 -27.077 0
      vertex 8.80074 -27.2251 0
    endloop
  endfacet
  facet normal 0 0 -1
    outer loop
      vertex 6 -26.15 0
      vertex 8.80074 -27.2251 0
      vertex 8.74064 -27.3702 0
    endloop
  endfacet
  facet normal 0 0 -1
    outer loop
      vertex 6 -26.15 0
      vertex 8.74064 -27.3702 0
      vertex 8.67302 -27.512 0
    endloop
  endfacet
  facet normal 0 0 -1
    outer loop
      vertex 6 -26.15 0
      vertex 8.67302 -27.512 0
      vertex 8.59808 -27.65 0
    endloop
  endfacet
  facet normal 0 0 -1
    outer loop
      vertex 6 -26.15 0
      vertex 8.59808 -27.65 0
      vertex 8.51601 -27.7839 0
    endloop
  endfacet
  facet normal 0 0 -1
    outer loop
      vertex 6 -26.15 0
      vertex 8.51601 -27.7839 0
      vertex 8.42705 -27.9134 0
    endloop
  endfacet
  facet normal 0 0 -1
    outer loop
      vertex 6 -26.15 0
      vertex 8.42705 -27.9134 0
      vertex 8.33144 -28.038 0
    endloop
  endfacet
  facet normal 0 0 -1
    outer loop
      vertex 6 -26.15 0
      vertex 8.33144 -28.038 0
      vertex 8.22943 -28.1574 0
    endloop
  endfacet
  facet normal 0 0 -1
    outer loop
      vertex 6 -26.15 0
      vertex 8.22943 -28.1574 0
      vertex 8.12132 -28.2713 0
    endloop
  endfacet
  facet normal 0 0 -1
    outer loop
      vertex 6 -26.15 0
      vertex 8.12132 -28.2713 0
      vertex 8.00739 -28.3794 0
    endloop
  endfacet
  facet normal 0 0 -1
    outer loop
      vertex 6 -26.15 0
      vertex 8.00739 -28.3794 0
      vertex 7.88796 -28.4814 0
    endloop
  endfacet
  facet normal 0 0 -1
    outer loop
      vertex 6 -26.15 0
      vertex 7.88796 -28.4814 0
      vertex 7.76336 -28.577 0
    endloop
  endfacet
  facet normal 0 0 -1
    outer loop
      vertex 6 -26.15 0
      vertex 7.76336 -28.577 0
      vertex 7.63392 -28.666 0
    endloop
  endfacet
  facet normal 0 0 -1
    outer loop
      vertex 6 -26.15 0
      vertex 7.63392 -28.666 0
      vertex 7.5 -28.7481 0
    endloop
  endfacet
  facet normal 0 0 -1
    outer loop
      vertex 6 -26.15 0
      vertex 7.5 -28.7481 0
      vertex 7.36197 -28.823 0
    endloop
  endfacet
  facet normal 0 0 -1
    outer loop
      vertex 6 -26.15 0
      vertex 7.36197 -28.823 0
      vertex 7.22021 -28.8906 0
    endloop
  endfacet
  facet normal 0 0 -1
    outer loop
      vertex 6 -26.15 0
      vertex 7.22021 -28.8906 0
      vertex 7.0751 -28.9507 0
    endloop
  endfacet
  facet normal 0 0 -1
    outer loop
      vertex 6 -26.15 0
      vertex 7.0751 -28.9507 0
      vertex 6.92705 -29.0032 0
    endloop
  endfacet
  facet normal 0 0 -1
    outer loop
      vertex 6 -26.15 0
      vertex 6.92705 -29.0032 0
      vertex 6.77646 -29.0478 0
    endloop
  endfacet
  facet normal 0 0 -1
    outer loop
      vertex 6 -26.15 0
      vertex 6.77646 -29.0478 0
      vertex 6.62373 -29.0844 0
    endloop
  endfacet
  facet normal 0 0 -1
    outer loop
      vertex 6 -26.15 0
      vertex 6.62373 -29.0844 0
      vertex 6.4693 -29.1131 0
    endloop
  endfacet
  facet normal 0 0 -1
    outer loop
      vertex 6 -26.15 0
      vertex 6.4693 -29.1131 0
      vertex 6.31359 -29.1336 0
    endloop
  endfacet
  facet normal 0 0 -1
    outer loop
      vertex 6 -26.15 0
      vertex 6.31359 -29.1336 0
      vertex 6.15701 -29.1459 0
    endloop
  endfacet
  facet normal 0 0 -1
    outer loop
      vertex 6 -26.15 0
      vertex 6.15701 -29.1459 0
      vertex 6 -29.15 0
    endloop
  endfacet
  facet normal 0 0 -1
    outer loop
      vertex 9 -26.15 0
      vertex 6 -26.15 0
      vertex 6 -23.15 0
    endloop
  endfacet
  facet normal 0 0 -1
    outer loop
      vertex 9 -26.15 0
      vertex 6 -23.15 0
      vertex 9 -17.15 0
    endloop
  endfacet
  facet normal 0 0 -1
    outer loop
      vertex -6 -23.15 0
      vertex 9 -17.15 0
      vertex 6 -23.15 0
    endloop
  endfacet
  facet normal 0 0 -1
    outer loop
      vertex -6.4693 -29.1131 0
      vertex -6 -26.15 0
      vertex -6.31359 -29.1336 0
    endloop
  endfacet
  facet normal 0 0 -1
    outer loop
      vertex -6.62373 -29.0844 0
      vertex -6 -26.15 0
      vertex -6.4693 -29.1131 0
    endloop
  endfacet
  facet normal 0 0 -1
    outer loop
      vertex -6.77646 -29.0478 0
      vertex -6 -26.15 0
      vertex -6.62373 -29.0844 0
    endloop
  endfacet
  facet normal 0 0 -1
    outer loop
      vertex -6.92705 -29.0032 0
      vertex -6 -26.15 0
      vertex -6.77646 -29.0478 0
    endloop
  endfacet
  facet normal 0 0 -1
    outer loop
      vertex -7.0751 -28.9507 0
      vertex -6 -26.15 0
      vertex -6.92705 -29.0032 0
    endloop
  endfacet
  facet normal 0 0 -1
    outer loop
      vertex -7.22021 -28.8906 0
      vertex -6 -26.15 0
      vertex -7.0751 -28.9507 0
    endloop
  endfacet
  facet normal 0 0 -1
    outer loop
      vertex -7.36197 -28.823 0
      vertex -6 -26.15 0
      vertex -7.22021 -28.8906 0
    endloop
  endfacet
  facet normal 0 0 -1
    outer loop
      vertex -7.5 -28.7481 0
      vertex -6 -26.15 0
      vertex -7.36197 -28.823 0
    endloop
  endfacet
  facet normal 0 0 -1
    outer loop
      vertex -7.63392 -28.666 0
      vertex -6 -26.15 0
      vertex -7.5 -28.7481 0
    endloop
  endfacet
  facet normal 0 0 -1
    outer loop
      vertex -7.76336 -28.577 0
      vertex -6 -26.15 0
      vertex -7.63392 -28.666 0
    endloop
  endfacet
  facet normal 0 0 -1
    outer loop
      vertex -7.88796 -28.4814 0
      vertex -6 -26.15 0
      vertex -7.76336 -28.577 0
    endloop
  endfacet
  facet normal 0 0 -1
    outer loop
      vertex -8.00739 -28.3794 0
      vertex -6 -26.15 0
      vertex -7.88796 -28.4814 0
    endloop
  endfacet
  facet normal 0 0 -1
    outer loop
      vertex -8.12132 -28.2713 0
      vertex -6 -26.15 0
      vertex -8.00739 -28.3794 0
    endloop
  endfacet
  facet normal 0 0 -1
    outer loop
      vertex -8.22943 -28.1574 0
      vertex -6 -26.15 0
      vertex -8.12132 -28.2713 0
    endloop
  endfacet
  facet normal 0 0 -1
    outer loop
      vertex -8.33144 -28.038 0
      vertex -6 -26.15 0
      vertex -8.22943 -28.1574 0
    endloop
  endfacet
  facet normal 0 0 -1
    outer loop
      vertex -8.42705 -27.9134 0
      vertex -6 -26.15 0
      vertex -8.33144 -28.038 0
    endloop
  endfacet
  facet normal 0 0 -1
    outer loop
      vertex -8.51601 -27.7839 0
      vertex -6 -26.15 0
      vertex -8.42705 -27.9134 0
    endloop
  endfacet
  facet normal 0 0 -1
    outer loop
      vertex -8.59808 -27.65 0
      vertex -6 -26.15 0
      vertex -8.51601 -27.7839 0
    endloop
  endfacet
  facet normal 0 0 -1
    outer loop
      vertex -8.67302 -27.512 0
      vertex -6 -26.15 0
      vertex -8.59808 -27.65 0
    endloop
  endfacet
  facet normal 0 0 -1
    outer loop
      vertex -8.74064 -27.3702 0
      vertex -6 -26.15 0
      vertex -8.67302 -27.512 0
    endloop
  endfacet
  facet normal 0 0 -1
    outer loop
      vertex -8.80074 -27.2251 0
      vertex -6 -26.15 0
      vertex -8.74064 -27.3702 0
    endloop
  endfacet
  facet normal 0 0 -1
    outer loop
      vertex -8.85317 -27.077 0
      vertex -6 -26.15 0
      vertex -8.80074 -27.2251 0
    endloop
  endfacet
  facet normal 0 0 -1
    outer loop
      vertex -8.89778 -26.9265 0
      vertex -6 -26.15 0
      vertex -8.85317 -27.077 0
    endloop
  endfacet
  facet normal 0 0 -1
    outer loop
      vertex -8.93444 -26.7737 0
      vertex -6 -26.15 0
      vertex -8.89778 -26.9265 0
    endloop
  endfacet
  facet normal 0 0 -1
    outer loop
      vertex -8.96306 -26.6193 0
      vertex -6 -26.15 0
      vertex -8.93444 -26.7737 0
    endloop
  endfacet
  facet normal 0 0 -1
    outer loop
      vertex -8.98357 -26.4636 0
      vertex -6 -26.15 0
      vertex -8.96306 -26.6193 0
    endloop
  endfacet
  facet normal 0 0 -1
    outer loop
      vertex -8.99589 -26.307 0
      vertex -6 -26.15 0
      vertex -8.98357 -26.4636 0
    endloop
  endfacet
  facet normal 0 0 -1
    outer loop
      vertex -9 -26.15 0
      vertex -6 -26.15 0
      vertex -8.99589 -26.307 0
    endloop
  endfacet
  facet normal 0 0 -1
    outer loop
      vertex -6 -26.15 0
      vertex -9 -26.15 0
      vertex -6 -23.15 0
    endloop
  endfacet
  facet normal 0 0 -1
    outer loop
      vertex -9 -17.15 0
      vertex -6 -23.15 0
      vertex -9 -26.15 0
    endloop
  endfacet
  facet normal 0 0 -1
    outer loop
      vertex -9 -17.15 0
      vertex 9 -17.15 0
      vertex -6 -23.15 0
    endloop
  endfacet
  facet normal 0 0 -1
    outer loop
      vertex -9 -17.15 0
      vertex 22.9884 -11.9216 0
      vertex 9 -17.15 0
    endloop
  endfacet
  facet normal 0 0 -1
    outer loop
      vertex -20.1281 -16.2994 0
      vertex -9 -17.15 0
      vertex -19.4016 -17.15 0
    endloop
  endfacet
  facet normal 0 0 -1
    outer loop
      vertex -20.9535 -15.2236 0
      vertex -9 -17.15 0
      vertex -20.1281 -16.2994 0
    endloop
  endfacet
  facet normal 0 0 -1
    outer loop
      vertex -21.7216 -14.1062 0
      vertex -9 -17.15 0
      vertex -20.9535 -15.2236 0
    endloop
  endfacet
  facet normal 0 0 -1
    outer loop
      vertex -22.4301 -12.95 0
      vertex -9 -17.15 0
      vertex -21.7216 -14.1062 0
    endloop
  endfacet
  facet normal 0 0 -1
    outer loop
      vertex -22.9884 -11.9216 0
      vertex -9 -17.15 0
      vertex -22.4301 -12.95 0
    endloop
  endfacet
  facet normal 0 0 -1
    outer loop
      vertex -9 -17.15 0
      vertex -22.9884 -11.9216 0
      vertex 22.9884 -11.9216 0
    endloop
  endfacet
  facet normal 0 0 -1
    outer loop
      vertex -6 -29.15 0
      vertex 6 -26.15 0
      vertex 6 -29.15 0
    endloop
  endfacet
  facet normal 0 0 -1
    outer loop
      vertex -6 -29.15 0
      vertex -6 -26.15 0
      vertex 6 -26.15 0
    endloop
  endfacet
  facet normal 0 0 -1
    outer loop
      vertex -6.15701 -29.1459 0
      vertex -6 -26.15 0
      vertex -6 -29.15 0
    endloop
  endfacet
  facet normal 0 0 -1
    outer loop
      vertex -6.31359 -29.1336 0
      vertex -6 -26.15 0
      vertex -6.15701 -29.1459 0
    endloop
  endfacet
  facet normal 0 0 -1
    outer loop
      vertex 9 17.15 0
      vertex 22.4301 12.95 0
      vertex 22.9884 11.9216 0
    endloop
  endfacet
  facet normal 0 0 -1
    outer loop
      vertex 22.4301 12.95 0
      vertex 9 17.15 0
      vertex 21.7216 14.1062 0
    endloop
  endfacet
  facet normal 0 0 -1
    outer loop
      vertex 21.7216 14.1062 0
      vertex 9 17.15 0
      vertex 20.9535 15.2236 0
    endloop
  endfacet
  facet normal 0 0 -1
    outer loop
      vertex 20.9535 15.2236 0
      vertex 9 17.15 0
      vertex 20.1281 16.2994 0
    endloop
  endfacet
  facet normal 0 0 -1
    outer loop
      vertex 20.1281 16.2994 0
      vertex 9 17.15 0
      vertex 19.4016 17.15 0
    endloop
  endfacet
  facet normal 0 0 -1
    outer loop
      vertex 6 23.15 0
      vertex 9 26.15 0
      vertex 9 17.15 0
    endloop
  endfacet
  facet normal 0 0 -1
    outer loop
      vertex 6 26.15 0
      vertex 9 26.15 0
      vertex 6 23.15 0
    endloop
  endfacet
  facet normal 0 0 -1
    outer loop
      vertex 9 26.15 0
      vertex 6 26.15 0
      vertex 8.99589 26.307 0
    endloop
  endfacet
  facet normal -0 0 -1
    outer loop
      vertex 8.99589 26.307 0
      vertex 6 26.15 0
      vertex 8.98357 26.4636 0
    endloop
  endfacet
  facet normal -0 0 -1
    outer loop
      vertex 8.98357 26.4636 0
      vertex 6 26.15 0
      vertex 8.96306 26.6193 0
    endloop
  endfacet
  facet normal -0 0 -1
    outer loop
      vertex 8.96306 26.6193 0
      vertex 6 26.15 0
      vertex 8.93444 26.7737 0
    endloop
  endfacet
  facet normal -0 0 -1
    outer loop
      vertex 8.93444 26.7737 0
      vertex 6 26.15 0
      vertex 8.89778 26.9265 0
    endloop
  endfacet
  facet normal -0 0 -1
    outer loop
      vertex 8.89778 26.9265 0
      vertex 6 26.15 0
      vertex 8.85317 27.077 0
    endloop
  endfacet
  facet normal -0 0 -1
    outer loop
      vertex 8.85317 27.077 0
      vertex 6 26.15 0
      vertex 8.80074 27.2251 0
    endloop
  endfacet
  facet normal -0 0 -1
    outer loop
      vertex 8.80074 27.2251 0
      vertex 6 26.15 0
      vertex 8.74064 27.3702 0
    endloop
  endfacet
  facet normal -0 0 -1
    outer loop
      vertex 8.74064 27.3702 0
      vertex 6 26.15 0
      vertex 8.67302 27.512 0
    endloop
  endfacet
  facet normal -0 0 -1
    outer loop
      vertex 8.67302 27.512 0
      vertex 6 26.15 0
      vertex 8.59808 27.65 0
    endloop
  endfacet
  facet normal -0 0 -1
    outer loop
      vertex 8.59808 27.65 0
      vertex 6 26.15 0
      vertex 8.51601 27.7839 0
    endloop
  endfacet
  facet normal -0 0 -1
    outer loop
      vertex 8.51601 27.7839 0
      vertex 6 26.15 0
      vertex 8.42705 27.9134 0
    endloop
  endfacet
  facet normal -0 0 -1
    outer loop
      vertex 8.42705 27.9134 0
      vertex 6 26.15 0
      vertex 8.33144 28.038 0
    endloop
  endfacet
  facet normal -0 0 -1
    outer loop
      vertex 8.33144 28.038 0
      vertex 6 26.15 0
      vertex 8.22943 28.1574 0
    endloop
  endfacet
  facet normal -0 0 -1
    outer loop
      vertex 8.22943 28.1574 0
      vertex 6 26.15 0
      vertex 8.12132 28.2713 0
    endloop
  endfacet
  facet normal -0 0 -1
    outer loop
      vertex 8.12132 28.2713 0
      vertex 6 26.15 0
      vertex 8.00739 28.3794 0
    endloop
  endfacet
  facet normal -0 0 -1
    outer loop
      vertex 8.00739 28.3794 0
      vertex 6 26.15 0
      vertex 7.88796 28.4814 0
    endloop
  endfacet
  facet normal -0 0 -1
    outer loop
      vertex 7.88796 28.4814 0
      vertex 6 26.15 0
      vertex 7.76336 28.577 0
    endloop
  endfacet
  facet normal -0 0 -1
    outer loop
      vertex 7.76336 28.577 0
      vertex 6 26.15 0
      vertex 7.63392 28.666 0
    endloop
  endfacet
  facet normal -0 0 -1
    outer loop
      vertex 7.63392 28.666 0
      vertex 6 26.15 0
      vertex 7.5 28.7481 0
    endloop
  endfacet
  facet normal -0 0 -1
    outer loop
      vertex 7.5 28.7481 0
      vertex 6 26.15 0
      vertex 7.36197 28.823 0
    endloop
  endfacet
  facet normal -0 0 -1
    outer loop
      vertex 7.36197 28.823 0
      vertex 6 26.15 0
      vertex 7.22021 28.8906 0
    endloop
  endfacet
  facet normal -0 0 -1
    outer loop
      vertex 7.22021 28.8906 0
      vertex 6 26.15 0
      vertex 7.0751 28.9507 0
    endloop
  endfacet
  facet normal -0 0 -1
    outer loop
      vertex 6.92705 29.0032 0
      vertex 6 26.15 0
      vertex 6.77646 29.0478 0
    endloop
  endfacet
  facet normal -0 0 -1
    outer loop
      vertex 6.77646 29.0478 0
      vertex 6 26.15 0
      vertex 6.62373 29.0844 0
    endloop
  endfacet
  facet normal -0 0 -1
    outer loop
      vertex 6.62373 29.0844 0
      vertex 6 26.15 0
      vertex 6.4693 29.1131 0
    endloop
  endfacet
  facet normal -0 0 -1
    outer loop
      vertex 6.4693 29.1131 0
      vertex 6 26.15 0
      vertex 6.31359 29.1336 0
    endloop
  endfacet
  facet normal -0 0 -1
    outer loop
      vertex 7.0751 28.9507 0
      vertex 6 26.15 0
      vertex 6.92705 29.0032 0
    endloop
  endfacet
  facet normal 0 0 -1
    outer loop
      vertex 9 17.15 0
      vertex -6 23.15 0
      vertex 6 23.15 0
    endloop
  endfacet
  facet normal 0 0 -1
    outer loop
      vertex -9 26.15 0
      vertex -6 26.15 0
      vertex -6 23.15 0
    endloop
  endfacet
  facet normal 0 0 -1
    outer loop
      vertex -6 26.15 0
      vertex -6.15701 29.1459 0
      vertex -6 29.15 0
    endloop
  endfacet
  facet normal 0 0 -1
    outer loop
      vertex -6 26.15 0
      vertex -6.31359 29.1336 0
      vertex -6.15701 29.1459 0
    endloop
  endfacet
  facet normal 0 0 -1
    outer loop
      vertex -6 26.15 0
      vertex -6.4693 29.1131 0
      vertex -6.31359 29.1336 0
    endloop
  endfacet
  facet normal 0 0 -1
    outer loop
      vertex -6 26.15 0
      vertex -6.62373 29.0844 0
      vertex -6.4693 29.1131 0
    endloop
  endfacet
  facet normal 0 0 -1
    outer loop
      vertex -6 26.15 0
      vertex -6.77646 29.0478 0
      vertex -6.62373 29.0844 0
    endloop
  endfacet
  facet normal 0 0 -1
    outer loop
      vertex -6 26.15 0
      vertex -6.92705 29.0032 0
      vertex -6.77646 29.0478 0
    endloop
  endfacet
  facet normal 0 0 -1
    outer loop
      vertex -6 26.15 0
      vertex -7.0751 28.9507 0
      vertex -6.92705 29.0032 0
    endloop
  endfacet
  facet normal 0 0 -1
    outer loop
      vertex -6 26.15 0
      vertex -7.22021 28.8906 0
      vertex -7.0751 28.9507 0
    endloop
  endfacet
  facet normal 0 0 -1
    outer loop
      vertex -6 26.15 0
      vertex -7.36197 28.823 0
      vertex -7.22021 28.8906 0
    endloop
  endfacet
  facet normal 0 0 -1
    outer loop
      vertex -6 26.15 0
      vertex -7.5 28.7481 0
      vertex -7.36197 28.823 0
    endloop
  endfacet
  facet normal 0 0 -1
    outer loop
      vertex -6 26.15 0
      vertex -7.63392 28.666 0
      vertex -7.5 28.7481 0
    endloop
  endfacet
  facet normal 0 0 -1
    outer loop
      vertex -6 26.15 0
      vertex -7.76336 28.577 0
      vertex -7.63392 28.666 0
    endloop
  endfacet
  facet normal 0 0 -1
    outer loop
      vertex -6 26.15 0
      vertex -7.88796 28.4814 0
      vertex -7.76336 28.577 0
    endloop
  endfacet
  facet normal 0 0 -1
    outer loop
      vertex -6 26.15 0
      vertex -8.00739 28.3794 0
      vertex -7.88796 28.4814 0
    endloop
  endfacet
  facet normal 0 0 -1
    outer loop
      vertex -6 26.15 0
      vertex -8.12132 28.2713 0
      vertex -8.00739 28.3794 0
    endloop
  endfacet
  facet normal 0 0 -1
    outer loop
      vertex -6 26.15 0
      vertex -8.22943 28.1574 0
      vertex -8.12132 28.2713 0
    endloop
  endfacet
  facet normal 0 0 -1
    outer loop
      vertex -6 26.15 0
      vertex -8.33144 28.038 0
      vertex -8.22943 28.1574 0
    endloop
  endfacet
  facet normal 0 0 -1
    outer loop
      vertex -6 26.15 0
      vertex -8.42705 27.9134 0
      vertex -8.33144 28.038 0
    endloop
  endfacet
  facet normal 0 0 -1
    outer loop
      vertex -6 26.15 0
      vertex -8.51601 27.7839 0
      vertex -8.42705 27.9134 0
    endloop
  endfacet
  facet normal 0 0 -1
    outer loop
      vertex -6 26.15 0
      vertex -8.59808 27.65 0
      vertex -8.51601 27.7839 0
    endloop
  endfacet
  facet normal 0 0 -1
    outer loop
      vertex -6 26.15 0
      vertex -8.67302 27.512 0
      vertex -8.59808 27.65 0
    endloop
  endfacet
  facet normal 0 0 -1
    outer loop
      vertex -6 26.15 0
      vertex -8.74064 27.3702 0
      vertex -8.67302 27.512 0
    endloop
  endfacet
  facet normal 0 0 -1
    outer loop
      vertex -6 26.15 0
      vertex -8.80074 27.2251 0
      vertex -8.74064 27.3702 0
    endloop
  endfacet
  facet normal 0 0 -1
    outer loop
      vertex -6 26.15 0
      vertex -8.85317 27.077 0
      vertex -8.80074 27.2251 0
    endloop
  endfacet
  facet normal 0 0 -1
    outer loop
      vertex -6 26.15 0
      vertex -8.89778 26.9265 0
      vertex -8.85317 27.077 0
    endloop
  endfacet
  facet normal 0 0 -1
    outer loop
      vertex -6 26.15 0
      vertex -8.93444 26.7737 0
      vertex -8.89778 26.9265 0
    endloop
  endfacet
  facet normal 0 0 -1
    outer loop
      vertex -6 26.15 0
      vertex -8.96306 26.6193 0
      vertex -8.93444 26.7737 0
    endloop
  endfacet
  facet normal 0 0 -1
    outer loop
      vertex -6 26.15 0
      vertex -8.98357 26.4636 0
      vertex -8.96306 26.6193 0
    endloop
  endfacet
  facet normal 0 0 -1
    outer loop
      vertex -6 26.15 0
      vertex -8.99589 26.307 0
      vertex -8.98357 26.4636 0
    endloop
  endfacet
  facet normal 0 0 -1
    outer loop
      vertex -9 26.15 0
      vertex -6 23.15 0
      vertex -9 17.15 0
    endloop
  endfacet
  facet normal 0 0 -1
    outer loop
      vertex 9 17.15 0
      vertex -9 17.15 0
      vertex -6 23.15 0
    endloop
  endfacet
  facet normal 0 0 -1
    outer loop
      vertex 22.9884 11.9216 0
      vertex -9 17.15 0
      vertex 9 17.15 0
    endloop
  endfacet
  facet normal 0 0 -1
    outer loop
      vertex -22.9884 11.9216 0
      vertex -9 17.15 0
      vertex 22.9884 11.9216 0
    endloop
  endfacet
  facet normal -0 0 -1
    outer loop
      vertex -9 17.15 0
      vertex -20.1281 16.2994 0
      vertex -19.4016 17.15 0
    endloop
  endfacet
  facet normal 0 0 -1
    outer loop
      vertex -9 17.15 0
      vertex -20.9535 15.2236 0
      vertex -20.1281 16.2994 0
    endloop
  endfacet
  facet normal 0 0 -1
    outer loop
      vertex -9 17.15 0
      vertex -21.7216 14.1062 0
      vertex -20.9535 15.2236 0
    endloop
  endfacet
  facet normal 0 0 -1
    outer loop
      vertex -9 17.15 0
      vertex -22.4301 12.95 0
      vertex -21.7216 14.1062 0
    endloop
  endfacet
  facet normal 0 0 -1
    outer loop
      vertex -9 17.15 0
      vertex -22.9884 11.9216 0
      vertex -22.4301 12.95 0
    endloop
  endfacet
  facet normal -0 0 -1
    outer loop
      vertex 6.31359 29.1336 0
      vertex 6 26.15 0
      vertex 6.15701 29.1459 0
    endloop
  endfacet
  facet normal 0 0 -1
    outer loop
      vertex 6 26.15 0
      vertex 6 29.15 0
      vertex 6.15701 29.1459 0
    endloop
  endfacet
  facet normal 0 0 -1
    outer loop
      vertex -6 26.15 0
      vertex 6 29.15 0
      vertex 6 26.15 0
    endloop
  endfacet
  facet normal -0 0 -1
    outer loop
      vertex 6 29.15 0
      vertex -6 26.15 0
      vertex -6 29.15 0
    endloop
  endfacet
  facet normal 0 0 -1
    outer loop
      vertex -6 26.15 0
      vertex -9 26.15 0
      vertex -8.99589 26.307 0
    endloop
  endfacet
  facet normal -0.130529 -0.991445 0
    outer loop
      vertex -6.4693 -29.1131 0
      vertex -6.31359 -29.1336 5
      vertex -6.4693 -29.1131 5
    endloop
  endfacet
  facet normal -0.130529 -0.991445 -0
    outer loop
      vertex -6.31359 -29.1336 5
      vertex -6.4693 -29.1131 0
      vertex -6.31359 -29.1336 0
    endloop
  endfacet
  facet normal -0.283976 -0.958832 0
    outer loop
      vertex -6.92705 -29.0032 0
      vertex -6.77646 -29.0478 5
      vertex -6.92705 -29.0032 5
    endloop
  endfacet
  facet normal -0.283976 -0.958832 -0
    outer loop
      vertex -6.77646 -29.0478 5
      vertex -6.92705 -29.0032 0
      vertex -6.77646 -29.0478 0
    endloop
  endfacet
  facet normal 0.233041 -0.972467 0
    outer loop
      vertex 6.62373 -29.0844 0
      vertex 6.77646 -29.0478 5
      vertex 6.62373 -29.0844 5
    endloop
  endfacet
  facet normal 0.233041 -0.972467 0
    outer loop
      vertex 6.77646 -29.0478 5
      vertex 6.62373 -29.0844 0
      vertex 6.77646 -29.0478 0
    endloop
  endfacet
  facet normal 0.522655 -0.852545 0
    outer loop
      vertex 7.5 -28.7481 0
      vertex 7.63392 -28.666 5
      vertex 7.5 -28.7481 5
    endloop
  endfacet
  facet normal 0.522655 -0.852545 0
    outer loop
      vertex 7.63392 -28.666 5
      vertex 7.5 -28.7481 0
      vertex 7.63392 -28.666 0
    endloop
  endfacet
  facet normal 0.566572 -0.824012 0
    outer loop
      vertex 7.63392 -28.666 0
      vertex 7.76336 -28.577 5
      vertex 7.63392 -28.666 5
    endloop
  endfacet
  facet normal 0.566572 -0.824012 0
    outer loop
      vertex 7.76336 -28.577 5
      vertex 7.63392 -28.666 0
      vertex 7.76336 -28.577 0
    endloop
  endfacet
  facet normal 0.852595 -0.522573 0
    outer loop
      vertex 8.51601 -27.7839 5
      vertex 8.59808 -27.65 0
      vertex 8.59808 -27.65 5
    endloop
  endfacet
  facet normal 0.852595 -0.522573 0
    outer loop
      vertex 8.59808 -27.65 0
      vertex 8.51601 -27.7839 5
      vertex 8.51601 -27.7839 0
    endloop
  endfacet
  facet normal -0.878785 -0.477218 0
    outer loop
      vertex -8.59808 -27.65 0
      vertex -8.67302 -27.512 5
      vertex -8.67302 -27.512 0
    endloop
  endfacet
  facet normal -0.878785 -0.477218 0
    outer loop
      vertex -8.67302 -27.512 5
      vertex -8.59808 -27.65 0
      vertex -8.59808 -27.65 5
    endloop
  endfacet
  facet normal -0.852595 -0.522573 0
    outer loop
      vertex -8.51601 -27.7839 0
      vertex -8.59808 -27.65 5
      vertex -8.59808 -27.65 0
    endloop
  endfacet
  facet normal -0.852595 -0.522573 0
    outer loop
      vertex -8.59808 -27.65 5
      vertex -8.51601 -27.7839 0
      vertex -8.51601 -27.7839 5
    endloop
  endfacet
  facet normal -0.983251 -0.182258 0
    outer loop
      vertex -8.93444 -26.7737 0
      vertex -8.96306 -26.6193 5
      vertex -8.96306 -26.6193 0
    endloop
  endfacet
  facet normal -0.983251 -0.182258 0
    outer loop
      vertex -8.96306 -26.6193 5
      vertex -8.93444 -26.7737 0
      vertex -8.93444 -26.7737 5
    endloop
  endfacet
  facet normal -0.991435 -0.130599 0
    outer loop
      vertex -8.96306 -26.6193 0
      vertex -8.98357 -26.4636 5
      vertex -8.98357 -26.4636 0
    endloop
  endfacet
  facet normal -0.991435 -0.130599 0
    outer loop
      vertex -8.98357 -26.4636 5
      vertex -8.96306 -26.6193 0
      vertex -8.96306 -26.6193 5
    endloop
  endfacet
  facet normal -0.942671 -0.333722 0
    outer loop
      vertex -8.80074 -27.2251 0
      vertex -8.85317 -27.077 5
      vertex -8.85317 -27.077 0
    endloop
  endfacet
  facet normal -0.942671 -0.333722 0
    outer loop
      vertex -8.85317 -27.077 5
      vertex -8.80074 -27.2251 0
      vertex -8.80074 -27.2251 5
    endloop
  endfacet
  facet normal -0.476941 -0.878935 0
    outer loop
      vertex -7.5 -28.7481 0
      vertex -7.36197 -28.823 5
      vertex -7.5 -28.7481 5
    endloop
  endfacet
  facet normal -0.476941 -0.878935 -0
    outer loop
      vertex -7.36197 -28.823 5
      vertex -7.5 -28.7481 0
      vertex -7.36197 -28.823 0
    endloop
  endfacet
  facet normal -0.233041 -0.972467 0
    outer loop
      vertex -6.77646 -29.0478 0
      vertex -6.62373 -29.0844 5
      vertex -6.77646 -29.0478 5
    endloop
  endfacet
  facet normal -0.233041 -0.972467 -0
    outer loop
      vertex -6.62373 -29.0844 5
      vertex -6.77646 -29.0478 0
      vertex -6.62373 -29.0844 0
    endloop
  endfacet
  facet normal -0.522655 -0.852545 0
    outer loop
      vertex -7.63392 -28.666 0
      vertex -7.5 -28.7481 5
      vertex -7.63392 -28.666 5
    endloop
  endfacet
  facet normal -0.522655 -0.852545 -0
    outer loop
      vertex -7.5 -28.7481 5
      vertex -7.63392 -28.666 0
      vertex -7.5 -28.7481 0
    endloop
  endfacet
  facet normal -0.0783128 -0.996929 0
    outer loop
      vertex -6.31359 -29.1336 0
      vertex -6.15701 -29.1459 5
      vertex -6.31359 -29.1336 5
    endloop
  endfacet
  facet normal -0.0783128 -0.996929 -0
    outer loop
      vertex -6.15701 -29.1459 5
      vertex -6.31359 -29.1336 0
      vertex -6.15701 -29.1459 0
    endloop
  endfacet
  facet normal 0.476941 -0.878935 0
    outer loop
      vertex 7.36197 -28.823 0
      vertex 7.5 -28.7481 5
      vertex 7.36197 -28.823 5
    endloop
  endfacet
  facet normal 0.476941 -0.878935 0
    outer loop
      vertex 7.5 -28.7481 5
      vertex 7.36197 -28.823 0
      vertex 7.5 -28.7481 0
    endloop
  endfacet
  facet normal 0.382648 -0.923894 0
    outer loop
      vertex 7.0751 -28.9507 0
      vertex 7.22021 -28.8906 5
      vertex 7.0751 -28.9507 5
    endloop
  endfacet
  facet normal 0.382648 -0.923894 0
    outer loop
      vertex 7.22021 -28.8906 5
      vertex 7.0751 -28.9507 0
      vertex 7.22021 -28.8906 0
    endloop
  endfacet
  facet normal 0.430428 -0.902625 0
    outer loop
      vertex 7.22021 -28.8906 0
      vertex 7.36197 -28.823 5
      vertex 7.22021 -28.8906 5
    endloop
  endfacet
  facet normal 0.430428 -0.902625 0
    outer loop
      vertex 7.36197 -28.823 5
      vertex 7.22021 -28.8906 0
      vertex 7.36197 -28.823 0
    endloop
  endfacet
  facet normal 0.334218 -0.942496 0
    outer loop
      vertex 6.92705 -29.0032 0
      vertex 7.0751 -28.9507 5
      vertex 6.92705 -29.0032 5
    endloop
  endfacet
  facet normal 0.334218 -0.942496 0
    outer loop
      vertex 7.0751 -28.9507 5
      vertex 6.92705 -29.0032 0
      vertex 7.0751 -28.9507 0
    endloop
  endfacet
  facet normal 0.283976 -0.958832 0
    outer loop
      vertex 6.77646 -29.0478 0
      vertex 6.92705 -29.0032 5
      vertex 6.77646 -29.0478 5
    endloop
  endfacet
  facet normal 0.283976 -0.958832 0
    outer loop
      vertex 6.92705 -29.0032 5
      vertex 6.77646 -29.0478 0
      vertex 6.92705 -29.0032 0
    endloop
  endfacet
  facet normal 0.182716 -0.983166 0
    outer loop
      vertex 6.4693 -29.1131 0
      vertex 6.62373 -29.0844 5
      vertex 6.4693 -29.1131 5
    endloop
  endfacet
  facet normal 0.182716 -0.983166 0
    outer loop
      vertex 6.62373 -29.0844 5
      vertex 6.4693 -29.1131 0
      vertex 6.62373 -29.0844 0
    endloop
  endfacet
  facet normal 0.608726 -0.793381 0
    outer loop
      vertex 7.76336 -28.577 0
      vertex 7.88796 -28.4814 5
      vertex 7.76336 -28.577 5
    endloop
  endfacet
  facet normal 0.608726 -0.793381 0
    outer loop
      vertex 7.88796 -28.4814 5
      vertex 7.76336 -28.577 0
      vertex 7.88796 -28.4814 0
    endloop
  endfacet
  facet normal 0.725301 -0.688431 0
    outer loop
      vertex 8.12132 -28.2713 5
      vertex 8.22943 -28.1574 0
      vertex 8.22943 -28.1574 5
    endloop
  endfacet
  facet normal 0.725301 -0.688431 0
    outer loop
      vertex 8.22943 -28.1574 0
      vertex 8.12132 -28.2713 5
      vertex 8.12132 -28.2713 0
    endloop
  endfacet
  facet normal 0.878785 -0.477218 0
    outer loop
      vertex 8.59808 -27.65 5
      vertex 8.67302 -27.512 0
      vertex 8.67302 -27.512 5
    endloop
  endfacet
  facet normal 0.878785 -0.477218 0
    outer loop
      vertex 8.67302 -27.512 0
      vertex 8.59808 -27.65 5
      vertex 8.59808 -27.65 0
    endloop
  endfacet
  facet normal 0.824254 -0.566221 0
    outer loop
      vertex 8.42705 -27.9134 5
      vertex 8.51601 -27.7839 0
      vertex 8.51601 -27.7839 5
    endloop
  endfacet
  facet normal 0.824254 -0.566221 0
    outer loop
      vertex 8.51601 -27.7839 0
      vertex 8.42705 -27.9134 5
      vertex 8.42705 -27.9134 0
    endloop
  endfacet
  facet normal 0.79335 -0.608766 0
    outer loop
      vertex 8.33144 -28.038 5
      vertex 8.42705 -27.9134 0
      vertex 8.42705 -27.9134 5
    endloop
  endfacet
  facet normal 0.79335 -0.608766 0
    outer loop
      vertex 8.42705 -27.9134 0
      vertex 8.33144 -28.038 5
      vertex 8.33144 -28.038 0
    endloop
  endfacet
  facet normal -0.79335 -0.608766 0
    outer loop
      vertex -8.33144 -28.038 0
      vertex -8.42705 -27.9134 5
      vertex -8.42705 -27.9134 0
    endloop
  endfacet
  facet normal -0.79335 -0.608766 0
    outer loop
      vertex -8.42705 -27.9134 5
      vertex -8.33144 -28.038 0
      vertex -8.33144 -28.038 5
    endloop
  endfacet
  facet normal -0.824254 -0.566221 0
    outer loop
      vertex -8.42705 -27.9134 0
      vertex -8.51601 -27.7839 5
      vertex -8.51601 -27.7839 0
    endloop
  endfacet
  facet normal -0.824254 -0.566221 0
    outer loop
      vertex -8.51601 -27.7839 5
      vertex -8.42705 -27.9134 0
      vertex -8.42705 -27.9134 5
    endloop
  endfacet
  facet normal -0.760303 -0.649569 0
    outer loop
      vertex -8.22943 -28.1574 0
      vertex -8.33144 -28.038 5
      vertex -8.33144 -28.038 0
    endloop
  endfacet
  facet normal -0.760303 -0.649569 0
    outer loop
      vertex -8.33144 -28.038 5
      vertex -8.22943 -28.1574 0
      vertex -8.22943 -28.1574 5
    endloop
  endfacet
  facet normal -0.566572 -0.824012 0
    outer loop
      vertex -7.76336 -28.577 0
      vertex -7.63392 -28.666 5
      vertex -7.76336 -28.577 5
    endloop
  endfacet
  facet normal -0.566572 -0.824012 -0
    outer loop
      vertex -7.63392 -28.666 5
      vertex -7.76336 -28.577 0
      vertex -7.63392 -28.666 0
    endloop
  endfacet
  facet normal -0.608726 -0.793381 0
    outer loop
      vertex -7.88796 -28.4814 0
      vertex -7.76336 -28.577 5
      vertex -7.88796 -28.4814 5
    endloop
  endfacet
  facet normal -0.608726 -0.793381 -0
    outer loop
      vertex -7.76336 -28.577 5
      vertex -7.88796 -28.4814 0
      vertex -7.76336 -28.577 0
    endloop
  endfacet
  facet normal -0.688303 -0.725424 0
    outer loop
      vertex -8.12132 -28.2713 0
      vertex -8.00739 -28.3794 5
      vertex -8.12132 -28.2713 5
    endloop
  endfacet
  facet normal -0.688303 -0.725424 -0
    outer loop
      vertex -8.00739 -28.3794 5
      vertex -8.12132 -28.2713 0
      vertex -8.00739 -28.3794 0
    endloop
  endfacet
  facet normal -0.725301 -0.688431 0
    outer loop
      vertex -8.12132 -28.2713 0
      vertex -8.22943 -28.1574 5
      vertex -8.22943 -28.1574 0
    endloop
  endfacet
  facet normal -0.725301 -0.688431 0
    outer loop
      vertex -8.22943 -28.1574 5
      vertex -8.12132 -28.2713 0
      vertex -8.12132 -28.2713 5
    endloop
  endfacet
  facet normal -0.958768 -0.28419 0
    outer loop
      vertex -8.85317 -27.077 0
      vertex -8.89778 -26.9265 5
      vertex -8.89778 -26.9265 0
    endloop
  endfacet
  facet normal -0.958768 -0.28419 0
    outer loop
      vertex -8.89778 -26.9265 5
      vertex -8.85317 -27.077 0
      vertex -8.85317 -27.077 5
    endloop
  endfacet
  facet normal -0.430428 -0.902625 0
    outer loop
      vertex -7.36197 -28.823 0
      vertex -7.22021 -28.8906 5
      vertex -7.36197 -28.823 5
    endloop
  endfacet
  facet normal -0.430428 -0.902625 -0
    outer loop
      vertex -7.22021 -28.8906 5
      vertex -7.36197 -28.823 0
      vertex -7.22021 -28.8906 0
    endloop
  endfacet
  facet normal -0.182716 -0.983166 0
    outer loop
      vertex -6.62373 -29.0844 0
      vertex -6.4693 -29.1131 5
      vertex -6.62373 -29.0844 5
    endloop
  endfacet
  facet normal -0.182716 -0.983166 -0
    outer loop
      vertex -6.4693 -29.1131 5
      vertex -6.62373 -29.0844 0
      vertex -6.4693 -29.1131 0
    endloop
  endfacet
  facet normal 0.130529 -0.991445 0
    outer loop
      vertex 6.31359 -29.1336 0
      vertex 6.4693 -29.1131 5
      vertex 6.31359 -29.1336 5
    endloop
  endfacet
  facet normal 0.130529 -0.991445 0
    outer loop
      vertex 6.4693 -29.1131 5
      vertex 6.31359 -29.1336 0
      vertex 6.4693 -29.1131 0
    endloop
  endfacet
  facet normal 0.0783128 -0.996929 0
    outer loop
      vertex 6.15701 -29.1459 0
      vertex 6.31359 -29.1336 5
      vertex 6.15701 -29.1459 5
    endloop
  endfacet
  facet normal 0.0783128 -0.996929 0
    outer loop
      vertex 6.31359 -29.1336 5
      vertex 6.15701 -29.1459 0
      vertex 6.31359 -29.1336 0
    endloop
  endfacet
  facet normal 0.688303 -0.725424 0
    outer loop
      vertex 8.00739 -28.3794 0
      vertex 8.12132 -28.2713 5
      vertex 8.00739 -28.3794 5
    endloop
  endfacet
  facet normal 0.688303 -0.725424 0
    outer loop
      vertex 8.12132 -28.2713 5
      vertex 8.00739 -28.3794 0
      vertex 8.12132 -28.2713 0
    endloop
  endfacet
  facet normal -0.649438 -0.760415 0
    outer loop
      vertex -8.00739 -28.3794 0
      vertex -7.88796 -28.4814 5
      vertex -8.00739 -28.3794 5
    endloop
  endfacet
  facet normal -0.649438 -0.760415 -0
    outer loop
      vertex -7.88796 -28.4814 5
      vertex -8.00739 -28.3794 0
      vertex -7.88796 -28.4814 0
    endloop
  endfacet
  facet normal -0.382648 -0.923894 0
    outer loop
      vertex -7.22021 -28.8906 0
      vertex -7.0751 -28.9507 5
      vertex -7.22021 -28.8906 5
    endloop
  endfacet
  facet normal -0.382648 -0.923894 -0
    outer loop
      vertex -7.0751 -28.9507 5
      vertex -7.22021 -28.8906 0
      vertex -7.0751 -28.9507 0
    endloop
  endfacet
  facet normal 0.983251 0.182258 0
    outer loop
      vertex 8.96306 26.6193 5
      vertex 8.93444 26.7737 0
      vertex 8.93444 26.7737 5
    endloop
  endfacet
  facet normal 0.983251 0.182258 0
    outer loop
      vertex 8.93444 26.7737 0
      vertex 8.96306 26.6193 5
      vertex 8.96306 26.6193 0
    endloop
  endfacet
  facet normal 0.522655 0.852545 -0
    outer loop
      vertex 7.63392 28.666 0
      vertex 7.5 28.7481 5
      vertex 7.63392 28.666 5
    endloop
  endfacet
  facet normal 0.522655 0.852545 0
    outer loop
      vertex 7.5 28.7481 5
      vertex 7.63392 28.666 0
      vertex 7.5 28.7481 0
    endloop
  endfacet
  facet normal 0.923885 0.38267 0
    outer loop
      vertex 8.80074 27.2251 5
      vertex 8.74064 27.3702 0
      vertex 8.74064 27.3702 5
    endloop
  endfacet
  facet normal 0.923885 0.38267 0
    outer loop
      vertex 8.74064 27.3702 0
      vertex 8.80074 27.2251 5
      vertex 8.80074 27.2251 0
    endloop
  endfacet
  facet normal 0.99692 0.0784294 0
    outer loop
      vertex 8.99589 26.307 5
      vertex 8.98357 26.4636 0
      vertex 8.98357 26.4636 5
    endloop
  endfacet
  facet normal 0.99692 0.0784294 0
    outer loop
      vertex 8.98357 26.4636 0
      vertex 8.99589 26.307 5
      vertex 8.99589 26.307 0
    endloop
  endfacet
  facet normal -0.999658 0.0261694 0
    outer loop
      vertex -9 26.15 0
      vertex -8.99589 26.307 5
      vertex -8.99589 26.307 0
    endloop
  endfacet
  facet normal -0.999658 0.0261694 0
    outer loop
      vertex -8.99589 26.307 5
      vertex -9 26.15 0
      vertex -9 26.15 5
    endloop
  endfacet
  facet normal 0.902623 0.430433 0
    outer loop
      vertex 8.74064 27.3702 5
      vertex 8.67302 27.512 0
      vertex 8.67302 27.512 5
    endloop
  endfacet
  facet normal 0.902623 0.430433 0
    outer loop
      vertex 8.67302 27.512 0
      vertex 8.74064 27.3702 5
      vertex 8.74064 27.3702 0
    endloop
  endfacet
  facet normal 0.942671 0.333722 0
    outer loop
      vertex 8.85317 27.077 5
      vertex 8.80074 27.2251 0
      vertex 8.80074 27.2251 5
    endloop
  endfacet
  facet normal 0.942671 0.333722 0
    outer loop
      vertex 8.80074 27.2251 0
      vertex 8.85317 27.077 5
      vertex 8.85317 27.077 0
    endloop
  endfacet
  facet normal 0.991435 0.130599 0
    outer loop
      vertex 8.98357 26.4636 5
      vertex 8.96306 26.6193 0
      vertex 8.96306 26.6193 5
    endloop
  endfacet
  facet normal 0.991435 0.130599 0
    outer loop
      vertex 8.96306 26.6193 0
      vertex 8.98357 26.4636 5
      vertex 8.98357 26.4636 0
    endloop
  endfacet
  facet normal 0.999658 0.0261694 0
    outer loop
      vertex 9 26.15 5
      vertex 8.99589 26.307 0
      vertex 8.99589 26.307 5
    endloop
  endfacet
  facet normal 0.999658 0.0261694 0
    outer loop
      vertex 8.99589 26.307 0
      vertex 9 26.15 5
      vertex 9 26.15 0
    endloop
  endfacet
  facet normal 0.334218 0.942496 -0
    outer loop
      vertex 7.0751 28.9507 0
      vertex 6.92705 29.0032 5
      vertex 7.0751 28.9507 5
    endloop
  endfacet
  facet normal 0.334218 0.942496 0
    outer loop
      vertex 6.92705 29.0032 5
      vertex 7.0751 28.9507 0
      vertex 6.92705 29.0032 0
    endloop
  endfacet
  facet normal -0.0261041 0.999659 0
    outer loop
      vertex -6 29.15 0
      vertex -6.15701 29.1459 5
      vertex -6 29.15 5
    endloop
  endfacet
  facet normal -0.0261041 0.999659 0
    outer loop
      vertex -6.15701 29.1459 5
      vertex -6 29.15 0
      vertex -6.15701 29.1459 0
    endloop
  endfacet
  facet normal -0.688303 0.725424 0
    outer loop
      vertex -8.00739 28.3794 0
      vertex -8.12132 28.2713 5
      vertex -8.00739 28.3794 5
    endloop
  endfacet
  facet normal -0.688303 0.725424 0
    outer loop
      vertex -8.12132 28.2713 5
      vertex -8.00739 28.3794 0
      vertex -8.12132 28.2713 0
    endloop
  endfacet
  facet normal 0.958768 0.28419 0
    outer loop
      vertex 8.89778 26.9265 5
      vertex 8.85317 27.077 0
      vertex 8.85317 27.077 5
    endloop
  endfacet
  facet normal 0.958768 0.28419 0
    outer loop
      vertex 8.85317 27.077 0
      vertex 8.89778 26.9265 5
      vertex 8.89778 26.9265 0
    endloop
  endfacet
  facet normal 0.972405 0.233301 0
    outer loop
      vertex 8.93444 26.7737 5
      vertex 8.89778 26.9265 0
      vertex 8.89778 26.9265 5
    endloop
  endfacet
  facet normal 0.972405 0.233301 0
    outer loop
      vertex 8.89778 26.9265 0
      vertex 8.93444 26.7737 5
      vertex 8.93444 26.7737 0
    endloop
  endfacet
  facet normal 0.878785 0.477218 0
    outer loop
      vertex 8.67302 27.512 5
      vertex 8.59808 27.65 0
      vertex 8.59808 27.65 5
    endloop
  endfacet
  facet normal 0.878785 0.477218 0
    outer loop
      vertex 8.59808 27.65 0
      vertex 8.67302 27.512 5
      vertex 8.67302 27.512 0
    endloop
  endfacet
  facet normal -0.334218 0.942496 0
    outer loop
      vertex -6.92705 29.0032 0
      vertex -7.0751 28.9507 5
      vertex -6.92705 29.0032 5
    endloop
  endfacet
  facet normal -0.334218 0.942496 0
    outer loop
      vertex -7.0751 28.9507 5
      vertex -6.92705 29.0032 0
      vertex -7.0751 28.9507 0
    endloop
  endfacet
  facet normal 0 1 -0
    outer loop
      vertex 6 29.15 0
      vertex -6 29.15 5
      vertex 6 29.15 5
    endloop
  endfacet
  facet normal 0 1 0
    outer loop
      vertex -6 29.15 5
      vertex 6 29.15 0
      vertex -6 29.15 0
    endloop
  endfacet
  facet normal 0.649438 0.760415 -0
    outer loop
      vertex 8.00739 28.3794 0
      vertex 7.88796 28.4814 5
      vertex 8.00739 28.3794 5
    endloop
  endfacet
  facet normal 0.649438 0.760415 0
    outer loop
      vertex 7.88796 28.4814 5
      vertex 8.00739 28.3794 0
      vertex 7.88796 28.4814 0
    endloop
  endfacet
  facet normal 0.476941 0.878935 -0
    outer loop
      vertex 7.5 28.7481 0
      vertex 7.36197 28.823 5
      vertex 7.5 28.7481 5
    endloop
  endfacet
  facet normal 0.476941 0.878935 0
    outer loop
      vertex 7.36197 28.823 5
      vertex 7.5 28.7481 0
      vertex 7.36197 28.823 0
    endloop
  endfacet
  facet normal 0.283976 0.958832 -0
    outer loop
      vertex 6.92705 29.0032 0
      vertex 6.77646 29.0478 5
      vertex 6.92705 29.0032 5
    endloop
  endfacet
  facet normal 0.283976 0.958832 0
    outer loop
      vertex 6.77646 29.0478 5
      vertex 6.92705 29.0032 0
      vertex 6.77646 29.0478 0
    endloop
  endfacet
  facet normal 0.233041 0.972467 -0
    outer loop
      vertex 6.77646 29.0478 0
      vertex 6.62373 29.0844 5
      vertex 6.77646 29.0478 5
    endloop
  endfacet
  facet normal 0.233041 0.972467 0
    outer loop
      vertex 6.62373 29.0844 5
      vertex 6.77646 29.0478 0
      vertex 6.62373 29.0844 0
    endloop
  endfacet
  facet normal 0.0261041 0.999659 -0
    outer loop
      vertex 6.15701 29.1459 0
      vertex 6 29.15 5
      vertex 6.15701 29.1459 5
    endloop
  endfacet
  facet normal 0.0261041 0.999659 0
    outer loop
      vertex 6 29.15 5
      vertex 6.15701 29.1459 0
      vertex 6 29.15 0
    endloop
  endfacet
  facet normal -0.958768 0.28419 0
    outer loop
      vertex -8.89778 26.9265 0
      vertex -8.85317 27.077 5
      vertex -8.85317 27.077 0
    endloop
  endfacet
  facet normal -0.958768 0.28419 0
    outer loop
      vertex -8.85317 27.077 5
      vertex -8.89778 26.9265 0
      vertex -8.89778 26.9265 5
    endloop
  endfacet
  facet normal -0.878785 0.477218 0
    outer loop
      vertex -8.67302 27.512 0
      vertex -8.59808 27.65 5
      vertex -8.59808 27.65 0
    endloop
  endfacet
  facet normal -0.878785 0.477218 0
    outer loop
      vertex -8.59808 27.65 5
      vertex -8.67302 27.512 0
      vertex -8.67302 27.512 5
    endloop
  endfacet
  facet normal -0.760303 0.649569 0
    outer loop
      vertex -8.33144 28.038 0
      vertex -8.22943 28.1574 5
      vertex -8.22943 28.1574 0
    endloop
  endfacet
  facet normal -0.760303 0.649569 0
    outer loop
      vertex -8.22943 28.1574 5
      vertex -8.33144 28.038 0
      vertex -8.33144 28.038 5
    endloop
  endfacet
  facet normal -0.852595 0.522573 0
    outer loop
      vertex -8.59808 27.65 0
      vertex -8.51601 27.7839 5
      vertex -8.51601 27.7839 0
    endloop
  endfacet
  facet normal -0.852595 0.522573 0
    outer loop
      vertex -8.51601 27.7839 5
      vertex -8.59808 27.65 0
      vertex -8.59808 27.65 5
    endloop
  endfacet
  facet normal 0.852595 0.522573 0
    outer loop
      vertex 8.59808 27.65 5
      vertex 8.51601 27.7839 0
      vertex 8.51601 27.7839 5
    endloop
  endfacet
  facet normal 0.852595 0.522573 0
    outer loop
      vertex 8.51601 27.7839 0
      vertex 8.59808 27.65 5
      vertex 8.59808 27.65 0
    endloop
  endfacet
  facet normal 0.182716 0.983166 -0
    outer loop
      vertex 6.62373 29.0844 0
      vertex 6.4693 29.1131 5
      vertex 6.62373 29.0844 5
    endloop
  endfacet
  facet normal 0.182716 0.983166 0
    outer loop
      vertex 6.4693 29.1131 5
      vertex 6.62373 29.0844 0
      vertex 6.4693 29.1131 0
    endloop
  endfacet
  facet normal 0.0783128 0.996929 -0
    outer loop
      vertex 6.31359 29.1336 0
      vertex 6.15701 29.1459 5
      vertex 6.31359 29.1336 5
    endloop
  endfacet
  facet normal 0.0783128 0.996929 0
    outer loop
      vertex 6.15701 29.1459 5
      vertex 6.31359 29.1336 0
      vertex 6.15701 29.1459 0
    endloop
  endfacet
  facet normal 0.130529 0.991445 -0
    outer loop
      vertex 6.4693 29.1131 0
      vertex 6.31359 29.1336 5
      vertex 6.4693 29.1131 5
    endloop
  endfacet
  facet normal 0.130529 0.991445 0
    outer loop
      vertex 6.31359 29.1336 5
      vertex 6.4693 29.1131 0
      vertex 6.31359 29.1336 0
    endloop
  endfacet
  facet normal -0.608726 0.793381 0
    outer loop
      vertex -7.76336 28.577 0
      vertex -7.88796 28.4814 5
      vertex -7.76336 28.577 5
    endloop
  endfacet
  facet normal -0.608726 0.793381 0
    outer loop
      vertex -7.88796 28.4814 5
      vertex -7.76336 28.577 0
      vertex -7.88796 28.4814 0
    endloop
  endfacet
  facet normal -0.476941 0.878935 0
    outer loop
      vertex -7.36197 28.823 0
      vertex -7.5 28.7481 5
      vertex -7.36197 28.823 5
    endloop
  endfacet
  facet normal -0.476941 0.878935 0
    outer loop
      vertex -7.5 28.7481 5
      vertex -7.36197 28.823 0
      vertex -7.5 28.7481 0
    endloop
  endfacet
  facet normal -0.130529 0.991445 0
    outer loop
      vertex -6.31359 29.1336 0
      vertex -6.4693 29.1131 5
      vertex -6.31359 29.1336 5
    endloop
  endfacet
  facet normal -0.130529 0.991445 0
    outer loop
      vertex -6.4693 29.1131 5
      vertex -6.31359 29.1336 0
      vertex -6.4693 29.1131 0
    endloop
  endfacet
  facet normal -0.99692 0.0784294 0
    outer loop
      vertex -8.99589 26.307 0
      vertex -8.98357 26.4636 5
      vertex -8.98357 26.4636 0
    endloop
  endfacet
  facet normal -0.99692 0.0784294 0
    outer loop
      vertex -8.98357 26.4636 5
      vertex -8.99589 26.307 0
      vertex -8.99589 26.307 5
    endloop
  endfacet
  facet normal -0.991435 0.130599 0
    outer loop
      vertex -8.98357 26.4636 0
      vertex -8.96306 26.6193 5
      vertex -8.96306 26.6193 0
    endloop
  endfacet
  facet normal -0.991435 0.130599 0
    outer loop
      vertex -8.96306 26.6193 5
      vertex -8.98357 26.4636 0
      vertex -8.98357 26.4636 5
    endloop
  endfacet
  facet normal -0.824254 0.566221 0
    outer loop
      vertex -8.51601 27.7839 0
      vertex -8.42705 27.9134 5
      vertex -8.42705 27.9134 0
    endloop
  endfacet
  facet normal -0.824254 0.566221 0
    outer loop
      vertex -8.42705 27.9134 5
      vertex -8.51601 27.7839 0
      vertex -8.51601 27.7839 5
    endloop
  endfacet
  facet normal -0.79335 0.608766 0
    outer loop
      vertex -8.42705 27.9134 0
      vertex -8.33144 28.038 5
      vertex -8.33144 28.038 0
    endloop
  endfacet
  facet normal -0.79335 0.608766 0
    outer loop
      vertex -8.33144 28.038 5
      vertex -8.42705 27.9134 0
      vertex -8.42705 27.9134 5
    endloop
  endfacet
  facet normal -0.725301 0.688431 0
    outer loop
      vertex -8.22943 28.1574 0
      vertex -8.12132 28.2713 5
      vertex -8.12132 28.2713 0
    endloop
  endfacet
  facet normal -0.725301 0.688431 0
    outer loop
      vertex -8.12132 28.2713 5
      vertex -8.22943 28.1574 0
      vertex -8.22943 28.1574 5
    endloop
  endfacet
  facet normal 0.79335 0.608766 0
    outer loop
      vertex 8.42705 27.9134 5
      vertex 8.33144 28.038 0
      vertex 8.33144 28.038 5
    endloop
  endfacet
  facet normal 0.79335 0.608766 0
    outer loop
      vertex 8.33144 28.038 0
      vertex 8.42705 27.9134 5
      vertex 8.42705 27.9134 0
    endloop
  endfacet
  facet normal 0.688303 0.725424 -0
    outer loop
      vertex 8.12132 28.2713 0
      vertex 8.00739 28.3794 5
      vertex 8.12132 28.2713 5
    endloop
  endfacet
  facet normal 0.688303 0.725424 0
    outer loop
      vertex 8.00739 28.3794 5
      vertex 8.12132 28.2713 0
      vertex 8.00739 28.3794 0
    endloop
  endfacet
  facet normal 0.725301 0.688431 0
    outer loop
      vertex 8.22943 28.1574 5
      vertex 8.12132 28.2713 0
      vertex 8.12132 28.2713 5
    endloop
  endfacet
  facet normal 0.725301 0.688431 0
    outer loop
      vertex 8.12132 28.2713 0
      vertex 8.22943 28.1574 5
      vertex 8.22943 28.1574 0
    endloop
  endfacet
  facet normal 0.760303 0.649569 0
    outer loop
      vertex 8.33144 28.038 5
      vertex 8.22943 28.1574 0
      vertex 8.22943 28.1574 5
    endloop
  endfacet
  facet normal 0.760303 0.649569 0
    outer loop
      vertex 8.22943 28.1574 0
      vertex 8.33144 28.038 5
      vertex 8.33144 28.038 0
    endloop
  endfacet
  facet normal 0.430428 0.902625 -0
    outer loop
      vertex 7.36197 28.823 0
      vertex 7.22021 28.8906 5
      vertex 7.36197 28.823 5
    endloop
  endfacet
  facet normal 0.430428 0.902625 0
    outer loop
      vertex 7.22021 28.8906 5
      vertex 7.36197 28.823 0
      vertex 7.22021 28.8906 0
    endloop
  endfacet
  facet normal -0.649438 0.760415 0
    outer loop
      vertex -7.88796 28.4814 0
      vertex -8.00739 28.3794 5
      vertex -7.88796 28.4814 5
    endloop
  endfacet
  facet normal -0.649438 0.760415 0
    outer loop
      vertex -8.00739 28.3794 5
      vertex -7.88796 28.4814 0
      vertex -8.00739 28.3794 0
    endloop
  endfacet
  facet normal -0.566572 0.824012 0
    outer loop
      vertex -7.63392 28.666 0
      vertex -7.76336 28.577 5
      vertex -7.63392 28.666 5
    endloop
  endfacet
  facet normal -0.566572 0.824012 0
    outer loop
      vertex -7.76336 28.577 5
      vertex -7.63392 28.666 0
      vertex -7.76336 28.577 0
    endloop
  endfacet
  facet normal -0.522655 0.852545 0
    outer loop
      vertex -7.5 28.7481 0
      vertex -7.63392 28.666 5
      vertex -7.5 28.7481 5
    endloop
  endfacet
  facet normal -0.522655 0.852545 0
    outer loop
      vertex -7.63392 28.666 5
      vertex -7.5 28.7481 0
      vertex -7.63392 28.666 0
    endloop
  endfacet
  facet normal -0.430428 0.902625 0
    outer loop
      vertex -7.22021 28.8906 0
      vertex -7.36197 28.823 5
      vertex -7.22021 28.8906 5
    endloop
  endfacet
  facet normal -0.430428 0.902625 0
    outer loop
      vertex -7.36197 28.823 5
      vertex -7.22021 28.8906 0
      vertex -7.36197 28.823 0
    endloop
  endfacet
  facet normal -0.382648 0.923894 0
    outer loop
      vertex -7.0751 28.9507 0
      vertex -7.22021 28.8906 5
      vertex -7.0751 28.9507 5
    endloop
  endfacet
  facet normal -0.382648 0.923894 0
    outer loop
      vertex -7.22021 28.8906 5
      vertex -7.0751 28.9507 0
      vertex -7.22021 28.8906 0
    endloop
  endfacet
  facet normal -0.0783128 0.996929 0
    outer loop
      vertex -6.15701 29.1459 0
      vertex -6.31359 29.1336 5
      vertex -6.15701 29.1459 5
    endloop
  endfacet
  facet normal -0.0783128 0.996929 0
    outer loop
      vertex -6.31359 29.1336 5
      vertex -6.15701 29.1459 0
      vertex -6.31359 29.1336 0
    endloop
  endfacet
  facet normal -0.283976 0.958832 0
    outer loop
      vertex -6.77646 29.0478 0
      vertex -6.92705 29.0032 5
      vertex -6.77646 29.0478 5
    endloop
  endfacet
  facet normal -0.283976 0.958832 0
    outer loop
      vertex -6.92705 29.0032 5
      vertex -6.77646 29.0478 0
      vertex -6.92705 29.0032 0
    endloop
  endfacet
  facet normal -0.233041 0.972467 0
    outer loop
      vertex -6.62373 29.0844 0
      vertex -6.77646 29.0478 5
      vertex -6.62373 29.0844 5
    endloop
  endfacet
  facet normal -0.233041 0.972467 0
    outer loop
      vertex -6.77646 29.0478 5
      vertex -6.62373 29.0844 0
      vertex -6.77646 29.0478 0
    endloop
  endfacet
  facet normal -0.182716 0.983166 0
    outer loop
      vertex -6.4693 29.1131 0
      vertex -6.62373 29.0844 5
      vertex -6.4693 29.1131 5
    endloop
  endfacet
  facet normal -0.182716 0.983166 0
    outer loop
      vertex -6.62373 29.0844 5
      vertex -6.4693 29.1131 0
      vertex -6.62373 29.0844 0
    endloop
  endfacet
  facet normal -0.983251 0.182258 0
    outer loop
      vertex -8.96306 26.6193 0
      vertex -8.93444 26.7737 5
      vertex -8.93444 26.7737 0
    endloop
  endfacet
  facet normal -0.983251 0.182258 0
    outer loop
      vertex -8.93444 26.7737 5
      vertex -8.96306 26.6193 0
      vertex -8.96306 26.6193 5
    endloop
  endfacet
  facet normal -0.972405 0.233301 0
    outer loop
      vertex -8.93444 26.7737 0
      vertex -8.89778 26.9265 5
      vertex -8.89778 26.9265 0
    endloop
  endfacet
  facet normal -0.972405 0.233301 0
    outer loop
      vertex -8.89778 26.9265 5
      vertex -8.93444 26.7737 0
      vertex -8.93444 26.7737 5
    endloop
  endfacet
  facet normal -0.923885 0.38267 0
    outer loop
      vertex -8.80074 27.2251 0
      vertex -8.74064 27.3702 5
      vertex -8.74064 27.3702 0
    endloop
  endfacet
  facet normal -0.923885 0.38267 0
    outer loop
      vertex -8.74064 27.3702 5
      vertex -8.80074 27.2251 0
      vertex -8.80074 27.2251 5
    endloop
  endfacet
  facet normal 0.824254 0.566221 0
    outer loop
      vertex 8.51601 27.7839 5
      vertex 8.42705 27.9134 0
      vertex 8.42705 27.9134 5
    endloop
  endfacet
  facet normal 0.824254 0.566221 0
    outer loop
      vertex 8.42705 27.9134 0
      vertex 8.51601 27.7839 5
      vertex 8.51601 27.7839 0
    endloop
  endfacet
  facet normal 0.382648 0.923894 -0
    outer loop
      vertex 7.22021 28.8906 0
      vertex 7.0751 28.9507 5
      vertex 7.22021 28.8906 5
    endloop
  endfacet
  facet normal 0.382648 0.923894 0
    outer loop
      vertex 7.0751 28.9507 5
      vertex 7.22021 28.8906 0
      vertex 7.0751 28.9507 0
    endloop
  endfacet
  facet normal 0.566572 0.824012 -0
    outer loop
      vertex 7.76336 28.577 0
      vertex 7.63392 28.666 5
      vertex 7.76336 28.577 5
    endloop
  endfacet
  facet normal 0.566572 0.824012 0
    outer loop
      vertex 7.63392 28.666 5
      vertex 7.76336 28.577 0
      vertex 7.63392 28.666 0
    endloop
  endfacet
  facet normal 0.608726 0.793381 -0
    outer loop
      vertex 7.88796 28.4814 0
      vertex 7.76336 28.577 5
      vertex 7.88796 28.4814 5
    endloop
  endfacet
  facet normal 0.608726 0.793381 0
    outer loop
      vertex 7.76336 28.577 5
      vertex 7.88796 28.4814 0
      vertex 7.76336 28.577 0
    endloop
  endfacet
  facet normal -0.942671 0.333722 0
    outer loop
      vertex -8.85317 27.077 0
      vertex -8.80074 27.2251 5
      vertex -8.80074 27.2251 0
    endloop
  endfacet
  facet normal -0.942671 0.333722 0
    outer loop
      vertex -8.80074 27.2251 5
      vertex -8.85317 27.077 0
      vertex -8.85317 27.077 5
    endloop
  endfacet
  facet normal -0.902623 0.430433 0
    outer loop
      vertex -8.74064 27.3702 0
      vertex -8.67302 27.512 5
      vertex -8.67302 27.512 0
    endloop
  endfacet
  facet normal -0.902623 0.430433 0
    outer loop
      vertex -8.67302 27.512 5
      vertex -8.74064 27.3702 0
      vertex -8.74064 27.3702 5
    endloop
  endfacet
  facet normal 0.999657 0.0261806 0
    outer loop
      vertex 25.9 0 13.95
      vertex 25.8645 1.3555 8.75
      vertex 25.8645 1.3555 13.95
    endloop
  endfacet
  facet normal 0.999657 0.0261806 0
    outer loop
      vertex 25.8645 1.3555 8.75
      vertex 25.9 0 13.95
      vertex 25.9 0 8.75
    endloop
  endfacet
  facet normal -0.701186 -0.092301 0.706978
    outer loop
      vertex -24.9625 -2.62366 14.75
      vertex -25.7581 -2.70729 13.95
      vertex -24.791 -3.9265 14.75
    endloop
  endfacet
  facet normal 0.477167 -0.878813 0
    outer loop
      vertex 11.7584 -23.0771 8.75
      vertex 12.95 -22.4301 13.95
      vertex 11.7584 -23.0771 13.95
    endloop
  endfacet
  facet normal 0.477167 -0.878813 0
    outer loop
      vertex 12.95 -22.4301 13.95
      vertex 11.7584 -23.0771 8.75
      vertex 12.95 -22.4301 8.75
    endloop
  endfacet
  facet normal -0.36657 -0.885003 -0.287047
    outer loop
      vertex -10.5345 -23.6608 8.75
      vertex -19.4016 -17.15 0
      vertex -9.28173 -24.1797 8.75
    endloop
  endfacet
  facet normal 0.705049 0.0554877 0.706984
    outer loop
      vertex 25.8645 1.3555 13.95
      vertex 24.9625 2.62366 14.75
      vertex 25.0656 1.31363 14.75
    endloop
  endfacet
  facet normal -0.537771 -0.459278 0.707012
    outer loop
      vertex -18.6529 -16.7952 14.75
      vertex -20.1281 -16.2994 13.95
      vertex -19.2475 -17.3305 13.95
    endloop
  endfacet
  facet normal -0.925375 -0.379051 0.000569599
    outer loop
      vertex -23.6608 -10.5345 13.95
      vertex -24.1797 -9.28173 4.62212
      vertex -24.1766 -9.28931 4.61414
    endloop
  endfacet
  facet normal -0.923906 -0.38262 1.23983e-05
    outer loop
      vertex -23.6608 -10.5345 13.95
      vertex -24.1766 -9.28931 4.61414
      vertex -24.0006 -9.71431 4.11652
    endloop
  endfacet
  facet normal -0.923817 -0.382835 -8.60284e-06
    outer loop
      vertex -23.6608 -10.5345 13.95
      vertex -24.0006 -9.71431 4.11652
      vertex -23.8355 -10.1127 3.59732
    endloop
  endfacet
  facet normal -0.923921 -0.382583 3.40684e-06
    outer loop
      vertex -23.6608 -10.5345 13.95
      vertex -23.8355 -10.1127 3.59732
      vertex -23.682 -10.4834 3.058
    endloop
  endfacet
  facet normal -0.923664 -0.383203 -0
    outer loop
      vertex -23.6608 -10.5345 13.95
      vertex -23.682 -10.4834 3.058
      vertex -23.6608 -10.5345 2.9746
    endloop
  endfacet
  facet normal -0.923883 -0.382674 0
    outer loop
      vertex -24.1797 -9.28173 4.62212
      vertex -23.6608 -10.5345 13.95
      vertex -24.1797 -9.28173 13.95
    endloop
  endfacet
  facet normal 0.66665 -0.236046 0.707008
    outer loop
      vertex 23.8715 -7.75633 14.75
      vertex 23.4329 -8.99504 14.75
      vertex 24.6324 -8.00354 13.95
    endloop
  endfacet
  facet normal 0.996917 0.0784678 0
    outer loop
      vertex 25.8645 1.3555 13.95
      vertex 25.7581 2.70729 8.75
      vertex 25.7581 2.70729 13.95
    endloop
  endfacet
  facet normal 0.996917 0.0784678 0
    outer loop
      vertex 25.7581 2.70729 8.75
      vertex 25.8645 1.3555 13.95
      vertex 25.8645 1.3555 8.75
    endloop
  endfacet
  facet normal 0.695407 0.128883 0.706964
    outer loop
      vertex 25.334 5.38491 13.95
      vertex 24.791 3.9265 14.75
      vertex 25.5811 4.05165 13.95
    endloop
  endfacet
  facet normal 0.649165 0.760111 -0.028554
    outer loop
      vertex 19.4016 17.15 0
      vertex 16.2994 20.1281 8.75
      vertex 17.3305 19.2475 8.75
    endloop
  endfacet
  facet normal -0.537771 0.459278 0.707012
    outer loop
      vertex -19.2475 17.3305 13.95
      vertex -20.1281 16.2994 13.95
      vertex -18.6529 16.7952 14.75
    endloop
  endfacet
  facet normal -0.705049 -0.0554877 0.706984
    outer loop
      vertex -25.0656 -1.31363 14.75
      vertex -25.8645 -1.3555 13.95
      vertex -24.9625 -2.62366 14.75
    endloop
  endfacet
  facet normal -0.958823 -0.284004 -0
    outer loop
      vertex -24.6324 -8.00354 13.95
      vertex -25.0175 -6.70341 7.22666
      vertex -24.6324 -8.00354 5.92506
    endloop
  endfacet
  facet normal -0.958823 -0.284004 0
    outer loop
      vertex -25.0175 -6.70341 7.22666
      vertex -24.6324 -8.00354 13.95
      vertex -25.0175 -6.70341 13.95
    endloop
  endfacet
  facet normal -0.701199 -0.0923206 0.706964
    outer loop
      vertex -24.791 -3.9265 14.75
      vertex -25.7581 -2.70729 13.95
      vertex -25.5811 -4.05165 13.95
    endloop
  endfacet
  facet normal 0.852647 -0.522488 0
    outer loop
      vertex 21.7216 -14.1062 13.95
      vertex 22.4301 -12.95 0
      vertex 22.4301 -12.95 13.95
    endloop
  endfacet
  facet normal 0.852647 -0.522488 0
    outer loop
      vertex 22.4301 -12.95 0
      vertex 21.7216 -14.1062 13.95
      vertex 21.7216 -14.1062 0
    endloop
  endfacet
  facet normal -0.205763 -0.857183 -0.472122
    outer loop
      vertex -6.70341 -25.0175 8.75
      vertex -19.4016 -17.15 0
      vertex -5.38491 -25.334 8.75
    endloop
  endfacet
  facet normal 0.4006 0.582776 0.70703
    outer loop
      vertex 14.1062 21.7216 13.95
      vertex 13.6704 21.0506 14.75
      vertex 15.2236 20.9535 13.95
    endloop
  endfacet
  facet normal 0.36657 0.885003 -0.287047
    outer loop
      vertex 19.4016 17.15 0
      vertex 9.28173 24.1797 8.75
      vertex 10.5345 23.6608 8.75
    endloop
  endfacet
  facet normal 0.154342 0.832774 -0.531663
    outer loop
      vertex 19.4016 17.15 0
      vertex 4.05165 25.5811 8.75
      vertex 5.38491 25.334 8.75
    endloop
  endfacet
  facet normal 0.312987 0.883712 -0.347983
    outer loop
      vertex 19.4016 17.15 0
      vertex 8.00354 24.6324 8.75
      vertex 9.28173 24.1797 8.75
    endloop
  endfacet
  facet normal -0.0190606 0.727794 -0.685531
    outer loop
      vertex -8.31497 22.15 5
      vertex -1.3555 25.8645 8.75
      vertex 0 25.9 8.75
    endloop
  endfacet
  facet normal -0.0190164 0.727755 -0.685574
    outer loop
      vertex -9 22.1321 5
      vertex -1.3555 25.8645 8.75
      vertex -8.31497 22.15 5
    endloop
  endfacet
  facet normal -0.0193997 0.728129 -0.685165
    outer loop
      vertex -9 22.1321 5
      vertex -19.4016 17.15 0
      vertex -1.3555 25.8645 8.75
    endloop
  endfacet
  facet normal -0.019063 0.727794 -0.685531
    outer loop
      vertex -19.4016 17.15 0
      vertex -9 22.1321 5
      vertex -9 21.8411 4.69106
    endloop
  endfacet
  facet normal -0.312987 0.883712 -0.347983
    outer loop
      vertex -8.00354 24.6324 8.75
      vertex -19.4016 17.15 0
      vertex -9.28173 24.1797 8.75
    endloop
  endfacet
  facet normal -0.705055 -0.0554952 0.706978
    outer loop
      vertex -24.9625 -2.62366 14.75
      vertex -25.8645 -1.3555 13.95
      vertex -25.7581 -2.70729 13.95
    endloop
  endfacet
  facet normal -0.638343 0.304452 0.706985
    outer loop
      vertex -22.3643 11.3952 14.75
      vertex -23.0771 11.7584 13.95
      vertex -22.93 10.2091 14.75
    endloop
  endfacet
  facet normal -0.706986 -0.0185157 0.706986
    outer loop
      vertex -25.1 0 14.75
      vertex -25.9 0 13.95
      vertex -25.8645 -1.3555 13.95
    endloop
  endfacet
  facet normal -0.154342 -0.832774 -0.531663
    outer loop
      vertex -5.38491 -25.334 8.75
      vertex -19.4016 -17.15 0
      vertex -4.05165 -25.5811 8.75
    endloop
  endfacet
  facet normal 0.0784678 -0.996917 0
    outer loop
      vertex 1.3555 -25.8645 8.75
      vertex 2.70729 -25.7581 13.95
      vertex 1.3555 -25.8645 13.95
    endloop
  endfacet
  facet normal 0.0784678 -0.996917 0
    outer loop
      vertex 2.70729 -25.7581 13.95
      vertex 1.3555 -25.8645 8.75
      vertex 2.70729 -25.7581 8.75
    endloop
  endfacet
  facet normal 0.705055 -0.0554952 0.706978
    outer loop
      vertex 25.8645 -1.3555 13.95
      vertex 24.9625 -2.62366 14.75
      vertex 25.7581 -2.70729 13.95
    endloop
  endfacet
  facet normal 0.991444 0.130535 0
    outer loop
      vertex 25.7581 2.70729 13.95
      vertex 25.5811 4.05165 8.75
      vertex 25.5811 4.05165 13.95
    endloop
  endfacet
  facet normal 0.991444 0.130535 0
    outer loop
      vertex 25.5811 4.05165 8.75
      vertex 25.7581 2.70729 13.95
      vertex 25.7581 2.70729 8.75
    endloop
  endfacet
  facet normal 0.923664 0.383203 0
    outer loop
      vertex 23.6608 10.5345 13.95
      vertex 23.682 10.4834 3.058
      vertex 23.6608 10.5345 2.9746
    endloop
  endfacet
  facet normal 0.923921 0.382583 3.40684e-06
    outer loop
      vertex 23.6608 10.5345 13.95
      vertex 23.8355 10.1127 3.59732
      vertex 23.682 10.4834 3.058
    endloop
  endfacet
  facet normal 0.923817 0.382835 -8.60284e-06
    outer loop
      vertex 23.6608 10.5345 13.95
      vertex 24.0006 9.71431 4.11652
      vertex 23.8355 10.1127 3.59732
    endloop
  endfacet
  facet normal 0.923906 0.38262 1.23983e-05
    outer loop
      vertex 23.6608 10.5345 13.95
      vertex 24.1766 9.28931 4.61414
      vertex 24.0006 9.71431 4.11652
    endloop
  endfacet
  facet normal 0.923883 0.382674 -0
    outer loop
      vertex 24.1797 9.28173 4.62212
      vertex 23.6608 10.5345 13.95
      vertex 24.1797 9.28173 13.95
    endloop
  endfacet
  facet normal 0.925375 0.379051 0.000569599
    outer loop
      vertex 23.6608 10.5345 13.95
      vertex 24.1797 9.28173 4.62212
      vertex 24.1766 9.28931 4.61414
    endloop
  endfacet
  facet normal 0.760421 0.64943 0
    outer loop
      vertex 20.1281 16.2994 13.95
      vertex 19.2475 17.3305 8.75
      vertex 19.2475 17.3305 13.95
    endloop
  endfacet
  facet normal 0.760421 0.64943 0
    outer loop
      vertex 19.2475 17.3305 8.75
      vertex 20.1281 16.2994 13.95
      vertex 20.1281 16.2994 0
    endloop
  endfacet
  facet normal 0.0185157 0.706986 0.706986
    outer loop
      vertex 0 25.9 13.95
      vertex 0 25.1 14.75
      vertex 1.3555 25.8645 13.95
    endloop
  endfacet
  facet normal 0.564305 0.820927 -0.0873979
    outer loop
      vertex 19.4016 17.15 0
      vertex 14.1062 21.7216 8.75
      vertex 15.2236 20.9535 8.75
    endloop
  endfacet
  facet normal 0.105616 0.802181 -0.587665
    outer loop
      vertex 19.4016 17.15 0
      vertex 2.70729 25.7581 8.75
      vertex 4.05165 25.5811 8.75
    endloop
  endfacet
  facet normal 0.0261806 0.999657 -0
    outer loop
      vertex 1.3555 25.8645 8.75
      vertex 0 25.9 13.95
      vertex 1.3555 25.8645 13.95
    endloop
  endfacet
  facet normal 0.0261806 0.999657 0
    outer loop
      vertex 0 25.9 13.95
      vertex 1.3555 25.8645 8.75
      vertex 0 25.9 8.75
    endloop
  endfacet
  facet normal 0.561087 0.430517 0.706991
    outer loop
      vertex 20.1281 16.2994 13.95
      vertex 19.5064 15.7959 14.75
      vertex 20.3063 14.7534 14.75
    endloop
  endfacet
  facet normal 0.304452 0.638343 0.706985
    outer loop
      vertex 11.7584 23.0771 13.95
      vertex 10.2091 22.93 14.75
      vertex 11.3952 22.3643 14.75
    endloop
  endfacet
  facet normal -0.0185157 0.706986 0.706986
    outer loop
      vertex 0 25.9 13.95
      vertex -1.3555 25.8645 13.95
      vertex 0 25.1 14.75
    endloop
  endfacet
  facet normal -0.695407 -0.128883 0.706964
    outer loop
      vertex -24.791 -3.9265 14.75
      vertex -25.5811 -4.05165 13.95
      vertex -25.334 -5.38491 13.95
    endloop
  endfacet
  facet normal -0.996917 -0.0784678 0
    outer loop
      vertex -25.7581 -2.70729 8.75
      vertex -25.8645 -1.3555 13.95
      vertex -25.8645 -1.3555 8.75
    endloop
  endfacet
  facet normal -0.996917 -0.0784678 0
    outer loop
      vertex -25.8645 -1.3555 13.95
      vertex -25.7581 -2.70729 8.75
      vertex -25.7581 -2.70729 13.95
    endloop
  endfacet
  facet normal -0.236046 -0.66665 0.707008
    outer loop
      vertex -7.75633 -23.8715 14.75
      vertex -8.99504 -23.4329 14.75
      vertex -8.00354 -24.6324 13.95
    endloop
  endfacet
  facet normal -0.312987 -0.883712 -0.347983
    outer loop
      vertex -9.28173 -24.1797 8.75
      vertex -19.4016 -17.15 0
      vertex -8.00354 -24.6324 8.75
    endloop
  endfacet
  facet normal 0.154342 -0.832774 -0.531663
    outer loop
      vertex 5.38491 -25.334 8.75
      vertex 4.05165 -25.5811 8.75
      vertex 19.4016 -17.15 0
    endloop
  endfacet
  facet normal 0.0603486 -0.766717 -0.639143
    outer loop
      vertex 2.70729 -25.7581 8.75
      vertex 1.3555 -25.8645 8.75
      vertex 19.4016 -17.15 0
    endloop
  endfacet
  facet normal 0.653408 0.270643 0.706972
    outer loop
      vertex 23.6608 10.5345 13.95
      vertex 22.93 10.2091 14.75
      vertex 24.1797 9.28173 13.95
    endloop
  endfacet
  facet normal 0.638359 0.304445 0.706974
    outer loop
      vertex 23.0771 11.7584 13.95
      vertex 22.93 10.2091 14.75
      vertex 23.6608 10.5345 13.95
    endloop
  endfacet
  facet normal 0.607827 0.792222 -0.054139
    outer loop
      vertex 19.4016 17.15 0
      vertex 15.2236 20.9535 8.75
      vertex 16.2994 20.1281 8.75
    endloop
  endfacet
  facet normal 0.688354 0.725375 -0
    outer loop
      vertex 18.3141 18.3141 8.75
      vertex 17.3305 19.2475 13.95
      vertex 18.3141 18.3141 13.95
    endloop
  endfacet
  facet normal 0.688354 0.725375 0
    outer loop
      vertex 17.3305 19.2475 13.95
      vertex 18.3141 18.3141 8.75
      vertex 17.3305 19.2475 8.75
    endloop
  endfacet
  facet normal 0.477167 0.878813 -0
    outer loop
      vertex 12.95 22.4301 8.75
      vertex 11.7584 23.0771 13.95
      vertex 12.95 22.4301 13.95
    endloop
  endfacet
  facet normal 0.477167 0.878813 0
    outer loop
      vertex 11.7584 23.0771 13.95
      vertex 12.95 22.4301 8.75
      vertex 11.7584 23.0771 8.75
    endloop
  endfacet
  facet normal 0 0.707107 -0.707107
    outer loop
      vertex 8.31497 22.15 5
      vertex -8.31497 22.15 5
      vertex 0 25.9 8.75
    endloop
  endfacet
  facet normal 0 0.707104 -0.70711
    outer loop
      vertex 19.4016 17.15 0
      vertex 9 17.15 0
      vertex 9 21.8411 4.69106
    endloop
  endfacet
  facet normal 0 0.707104 -0.70711
    outer loop
      vertex -9 17.15 0
      vertex -19.4016 17.15 0
      vertex -9 21.8411 4.69106
    endloop
  endfacet
  facet normal -0.0603486 0.766717 -0.639143
    outer loop
      vertex -1.3555 25.8645 8.75
      vertex -19.4016 17.15 0
      vertex -2.70729 25.7581 8.75
    endloop
  endfacet
  facet normal 0.182232 0.983256 -0
    outer loop
      vertex 5.38491 25.334 8.75
      vertex 4.05165 25.5811 13.95
      vertex 5.38491 25.334 13.95
    endloop
  endfacet
  facet normal 0.182232 0.983256 0
    outer loop
      vertex 4.05165 25.5811 13.95
      vertex 5.38491 25.334 8.75
      vertex 4.05165 25.5811 8.75
    endloop
  endfacet
  facet normal 0.284004 0.958823 -0
    outer loop
      vertex 8.00354 24.6324 8.75
      vertex 6.70341 25.0175 13.95
      vertex 8.00354 24.6324 13.95
    endloop
  endfacet
  facet normal 0.284004 0.958823 0
    outer loop
      vertex 6.70341 25.0175 13.95
      vertex 8.00354 24.6324 8.75
      vertex 6.70341 25.0175 8.75
    endloop
  endfacet
  facet normal 0.270643 0.653408 0.706972
    outer loop
      vertex 10.5345 23.6608 13.95
      vertex 9.28173 24.1797 13.95
      vertex 10.2091 22.93 14.75
    endloop
  endfacet
  facet normal 0.337484 0.621475 0.707017
    outer loop
      vertex 12.95 22.4301 13.95
      vertex 11.3952 22.3643 14.75
      vertex 12.55 21.7372 14.75
    endloop
  endfacet
  facet normal -0.0185139 0.706987 0.706984
    outer loop
      vertex 0 25.1 14.75
      vertex -1.3555 25.8645 13.95
      vertex -1.31363 25.0656 14.75
    endloop
  endfacet
  facet normal -0.582861 0.400576 0.706973
    outer loop
      vertex -20.9535 15.2236 13.95
      vertex -21.0506 13.6704 14.75
      vertex -20.3063 14.7534 14.75
    endloop
  endfacet
  facet normal -0.382674 0.923883 0
    outer loop
      vertex -9.28173 24.1797 8.75
      vertex -10.5345 23.6608 13.95
      vertex -9.28173 24.1797 13.95
    endloop
  endfacet
  facet normal -0.382674 0.923883 0
    outer loop
      vertex -10.5345 23.6608 13.95
      vertex -9.28173 24.1797 8.75
      vertex -10.5345 23.6608 8.75
    endloop
  endfacet
  facet normal -0.0784678 0.996917 0
    outer loop
      vertex -1.3555 25.8645 8.75
      vertex -2.70729 25.7581 13.95
      vertex -1.3555 25.8645 13.95
    endloop
  endfacet
  facet normal -0.0784678 0.996917 0
    outer loop
      vertex -2.70729 25.7581 13.95
      vertex -1.3555 25.8645 8.75
      vertex -2.70729 25.7581 8.75
    endloop
  endfacet
  facet normal -0.36657 0.885003 -0.287047
    outer loop
      vertex -9.28173 24.1797 8.75
      vertex -19.4016 17.15 0
      vertex -10.5345 23.6608 8.75
    endloop
  endfacet
  facet normal -0.469743 0.865141 -0.175707
    outer loop
      vertex -11.7584 23.0771 8.75
      vertex -19.4016 17.15 0
      vertex -12.95 22.4301 8.75
    endloop
  endfacet
  facet normal -0.706987 -0.0185139 0.706984
    outer loop
      vertex -25.1 0 14.75
      vertex -25.8645 -1.3555 13.95
      vertex -25.0656 -1.31363 14.75
    endloop
  endfacet
  facet normal -0.991444 0.130535 0
    outer loop
      vertex -25.7581 2.70729 8.75
      vertex -25.5811 4.05165 13.95
      vertex -25.5811 4.05165 8.75
    endloop
  endfacet
  facet normal -0.991444 0.130535 0
    outer loop
      vertex -25.5811 4.05165 13.95
      vertex -25.7581 2.70729 8.75
      vertex -25.7581 2.70729 13.95
    endloop
  endfacet
  facet normal -0.902823 0.430013 0
    outer loop
      vertex -23.1193 11.6698 0.729614
      vertex -23.0771 11.7584 13.95
      vertex -23.0771 11.7584 0.479406
    endloop
  endfacet
  facet normal -0.902565 0.430554 -4.45211e-06
    outer loop
      vertex -23.2388 11.4193 1.33421
      vertex -23.0771 11.7584 13.95
      vertex -23.1193 11.6698 0.729614
    endloop
  endfacet
  facet normal -0.902545 0.430595 -5.80593e-06
    outer loop
      vertex -23.3732 11.1376 1.9249
      vertex -23.0771 11.7584 13.95
      vertex -23.2388 11.4193 1.33421
    endloop
  endfacet
  facet normal -0.902647 0.430383 7.66242e-06
    outer loop
      vertex -23.5221 10.8253 2.5
      vertex -23.0771 11.7584 13.95
      vertex -23.3732 11.1376 1.9249
    endloop
  endfacet
  facet normal -0.902593 0.430495 -3.58165e-06
    outer loop
      vertex -23.6608 10.5345 2.9746
      vertex -23.0771 11.7584 13.95
      vertex -23.5221 10.8253 2.5
    endloop
  endfacet
  facet normal -0.902605 0.430469 0
    outer loop
      vertex -23.0771 11.7584 13.95
      vertex -23.6608 10.5345 2.9746
      vertex -23.6608 10.5345 13.95
    endloop
  endfacet
  facet normal -0.902593 -0.430495 -3.58165e-06
    outer loop
      vertex -23.0771 -11.7584 13.95
      vertex -23.6608 -10.5345 2.9746
      vertex -23.5221 -10.8253 2.5
    endloop
  endfacet
  facet normal -0.902647 -0.430383 7.66242e-06
    outer loop
      vertex -23.0771 -11.7584 13.95
      vertex -23.5221 -10.8253 2.5
      vertex -23.3732 -11.1376 1.9249
    endloop
  endfacet
  facet normal -0.902545 -0.430595 -5.80593e-06
    outer loop
      vertex -23.0771 -11.7584 13.95
      vertex -23.3732 -11.1376 1.9249
      vertex -23.2388 -11.4193 1.33421
    endloop
  endfacet
  facet normal -0.902565 -0.430554 -4.45211e-06
    outer loop
      vertex -23.0771 -11.7584 13.95
      vertex -23.2388 -11.4193 1.33421
      vertex -23.1193 -11.6698 0.729614
    endloop
  endfacet
  facet normal -0.902823 -0.430013 -0
    outer loop
      vertex -23.0771 -11.7584 13.95
      vertex -23.1193 -11.6698 0.729614
      vertex -23.0771 -11.7584 0.479406
    endloop
  endfacet
  facet normal -0.902605 -0.430469 0
    outer loop
      vertex -23.6608 -10.5345 2.9746
      vertex -23.0771 -11.7584 13.95
      vertex -23.6608 -10.5345 13.95
    endloop
  endfacet
  facet normal -0.258993 -0.874383 -0.410338
    outer loop
      vertex -8.00354 -24.6324 8.75
      vertex -19.4016 -17.15 0
      vertex -6.70341 -25.0175 8.75
    endloop
  endfacet
  facet normal -0.430511 -0.561114 0.706974
    outer loop
      vertex -14.7534 -20.3063 14.75
      vertex -16.2994 -20.1281 13.95
      vertex -15.2236 -20.9535 13.95
    endloop
  endfacet
  facet normal -0.430517 -0.561087 0.706991
    outer loop
      vertex -15.7959 -19.5064 14.75
      vertex -16.2994 -20.1281 13.95
      vertex -14.7534 -20.3063 14.75
    endloop
  endfacet
  facet normal -0.688354 -0.725375 0
    outer loop
      vertex -18.3141 -18.3141 8.75
      vertex -17.3305 -19.2475 13.95
      vertex -18.3141 -18.3141 13.95
    endloop
  endfacet
  facet normal -0.688354 -0.725375 -0
    outer loop
      vertex -17.3305 -19.2475 13.95
      vertex -18.3141 -18.3141 8.75
      vertex -17.3305 -19.2475 8.75
    endloop
  endfacet
  facet normal 0.706987 0.0185139 0.706984
    outer loop
      vertex 25.8645 1.3555 13.95
      vertex 25.0656 1.31363 14.75
      vertex 25.1 0 14.75
    endloop
  endfacet
  facet normal 0.621475 -0.337484 0.707017
    outer loop
      vertex 22.3643 -11.3952 14.75
      vertex 21.7372 -12.55 14.75
      vertex 22.4301 -12.95 13.95
    endloop
  endfacet
  facet normal 0.400576 -0.582861 0.706973
    outer loop
      vertex 14.7534 -20.3063 14.75
      vertex 13.6704 -21.0506 14.75
      vertex 15.2236 -20.9535 13.95
    endloop
  endfacet
  facet normal 0.4006 -0.582776 0.70703
    outer loop
      vertex 15.2236 -20.9535 13.95
      vertex 13.6704 -21.0506 14.75
      vertex 14.1062 -21.7216 13.95
    endloop
  endfacet
  facet normal 0.200849 -0.678083 0.70701
    outer loop
      vertex 8.00354 -24.6324 13.95
      vertex 6.49636 -24.2447 14.75
      vertex 6.70341 -25.0175 13.95
    endloop
  endfacet
  facet normal 0.092301 -0.701186 0.706978
    outer loop
      vertex 3.9265 -24.791 14.75
      vertex 2.62366 -24.9625 14.75
      vertex 2.70729 -25.7581 13.95
    endloop
  endfacet
  facet normal 0.983264 -0.182186 0
    outer loop
      vertex 25.5811 -4.05165 13.95
      vertex 25.3717 -5.18179 8.75
      vertex 25.5811 -4.05165 8.75
    endloop
  endfacet
  facet normal 0.983256 -0.182232 1.0346e-05
    outer loop
      vertex 25.334 -5.38491 13.95
      vertex 25.3717 -5.18179 8.75
      vertex 25.5811 -4.05165 13.95
    endloop
  endfacet
  facet normal 0.983208 -0.182488 0
    outer loop
      vertex 25.3717 -5.18179 8.75
      vertex 25.334 -5.38491 13.95
      vertex 25.334 -5.38491 8.54665
    endloop
  endfacet
  facet normal 0.983208 0.182488 0
    outer loop
      vertex 25.334 5.38491 13.95
      vertex 25.3717 5.18179 8.75
      vertex 25.334 5.38491 8.54665
    endloop
  endfacet
  facet normal 0.983256 0.182232 1.0346e-05
    outer loop
      vertex 25.5811 4.05165 13.95
      vertex 25.3717 5.18179 8.75
      vertex 25.334 5.38491 13.95
    endloop
  endfacet
  facet normal 0.983264 0.182186 0
    outer loop
      vertex 25.3717 5.18179 8.75
      vertex 25.5811 4.05165 13.95
      vertex 25.5811 4.05165 8.75
    endloop
  endfacet
  facet normal 0.678083 0.200849 0.70701
    outer loop
      vertex 24.6324 8.00354 13.95
      vertex 24.2447 6.49636 14.75
      vertex 25.0175 6.70341 13.95
    endloop
  endfacet
  facet normal 0.561114 0.430511 0.706974
    outer loop
      vertex 20.9535 15.2236 13.95
      vertex 20.1281 16.2994 13.95
      vertex 20.3063 14.7534 14.75
    endloop
  endfacet
  facet normal 0.852647 0.522488 0
    outer loop
      vertex 22.4301 12.95 13.95
      vertex 21.7216 14.1062 0
      vertex 21.7216 14.1062 13.95
    endloop
  endfacet
  facet normal 0.852647 0.522488 0
    outer loop
      vertex 21.7216 14.1062 0
      vertex 22.4301 12.95 13.95
      vertex 22.4301 12.95 0
    endloop
  endfacet
  facet normal 0.878813 0.477167 0
    outer loop
      vertex 23.0771 11.7584 0.479406
      vertex 22.4301 12.95 0
      vertex 22.4301 12.95 13.95
    endloop
  endfacet
  facet normal 0.878844 0.477109 -0.000528134
    outer loop
      vertex 22.4301 12.95 0
      vertex 23.0066 11.8882 0.112717
      vertex 22.9884 11.9216 0
    endloop
  endfacet
  facet normal 0.878813 0.477167 -0
    outer loop
      vertex 23.0771 11.7584 0.479406
      vertex 22.4301 12.95 13.95
      vertex 23.0771 11.7584 13.95
    endloop
  endfacet
  facet normal 0.878824 0.477147 -6.37917e-05
    outer loop
      vertex 22.4301 12.95 0
      vertex 23.0771 11.7584 0.479406
      vertex 23.0066 11.8882 0.112717
    endloop
  endfacet
  facet normal 0.902823 0.430013 0
    outer loop
      vertex 23.0771 11.7584 13.95
      vertex 23.1193 11.6698 0.729614
      vertex 23.0771 11.7584 0.479406
    endloop
  endfacet
  facet normal 0.902565 0.430554 -4.45211e-06
    outer loop
      vertex 23.0771 11.7584 13.95
      vertex 23.2388 11.4193 1.33421
      vertex 23.1193 11.6698 0.729614
    endloop
  endfacet
  facet normal 0.902545 0.430595 -5.80593e-06
    outer loop
      vertex 23.0771 11.7584 13.95
      vertex 23.3732 11.1376 1.9249
      vertex 23.2388 11.4193 1.33421
    endloop
  endfacet
  facet normal 0.902647 0.430383 7.66242e-06
    outer loop
      vertex 23.0771 11.7584 13.95
      vertex 23.5221 10.8253 2.5
      vertex 23.3732 11.1376 1.9249
    endloop
  endfacet
  facet normal 0.902605 0.430469 -0
    outer loop
      vertex 23.6608 10.5345 2.9746
      vertex 23.0771 11.7584 13.95
      vertex 23.6608 10.5345 13.95
    endloop
  endfacet
  facet normal 0.902593 0.430495 -3.58165e-06
    outer loop
      vertex 23.0771 11.7584 13.95
      vertex 23.6608 10.5345 2.9746
      vertex 23.5221 10.8253 2.5
    endloop
  endfacet
  facet normal 0.621521 0.337466 0.706985
    outer loop
      vertex 22.4301 12.95 13.95
      vertex 22.3643 11.3952 14.75
      vertex 23.0771 11.7584 13.95
    endloop
  endfacet
  facet normal 0.518176 0.84561 -0.128211
    outer loop
      vertex 19.4016 17.15 0
      vertex 12.95 22.4301 8.75
      vertex 14.1062 21.7216 8.75
    endloop
  endfacet
  facet normal 0.486817 0.512999 0.706995
    outer loop
      vertex 18.3141 18.3141 13.95
      vertex 17.3305 19.2475 13.95
      vertex 17.7484 17.7484 14.75
    endloop
  endfacet
  facet normal 0.512999 0.486817 0.706995
    outer loop
      vertex 18.3141 18.3141 13.95
      vertex 17.7484 17.7484 14.75
      vertex 19.2475 17.3305 13.95
    endloop
  endfacet
  facet normal 0.725375 0.688354 0
    outer loop
      vertex 19.2475 17.3305 13.95
      vertex 18.3141 18.3141 8.75
      vertex 18.3141 18.3141 13.95
    endloop
  endfacet
  facet normal 0.725375 0.688354 0
    outer loop
      vertex 18.3141 18.3141 8.75
      vertex 19.2475 17.3305 13.95
      vertex 19.2475 17.3305 8.75
    endloop
  endfacet
  facet normal 0.688313 0.725331 -0.0109507
    outer loop
      vertex 19.4016 17.15 0
      vertex 17.3305 19.2475 8.75
      vertex 18.3141 18.3141 8.75
    endloop
  endfacet
  facet normal 0.333852 0.942625 -0
    outer loop
      vertex 9.28173 24.1797 8.75
      vertex 8.00354 24.6324 13.95
      vertex 9.28173 24.1797 13.95
    endloop
  endfacet
  facet normal 0.333852 0.942625 0
    outer loop
      vertex 8.00354 24.6324 13.95
      vertex 9.28173 24.1797 8.75
      vertex 8.00354 24.6324 8.75
    endloop
  endfacet
  facet normal 0.382674 0.923883 -0
    outer loop
      vertex 10.5345 23.6608 8.75
      vertex 9.28173 24.1797 13.95
      vertex 10.5345 23.6608 13.95
    endloop
  endfacet
  facet normal 0.382674 0.923883 0
    outer loop
      vertex 9.28173 24.1797 13.95
      vertex 10.5345 23.6608 8.75
      vertex 9.28173 24.1797 8.75
    endloop
  endfacet
  facet normal -0.236119 0.666677 0.706959
    outer loop
      vertex -8.00354 24.6324 13.95
      vertex -9.28173 24.1797 13.95
      vertex -8.99504 23.4329 14.75
    endloop
  endfacet
  facet normal -0.0261806 0.999657 0
    outer loop
      vertex 0 25.9 8.75
      vertex -1.3555 25.8645 13.95
      vertex 0 25.9 13.95
    endloop
  endfacet
  facet normal -0.0261806 0.999657 0
    outer loop
      vertex -1.3555 25.8645 13.95
      vertex 0 25.9 8.75
      vertex -1.3555 25.8645 8.75
    endloop
  endfacet
  facet normal 0.0603486 0.766717 -0.639143
    outer loop
      vertex 19.4016 17.15 0
      vertex 1.3555 25.8645 8.75
      vertex 2.70729 25.7581 8.75
    endloop
  endfacet
  facet normal 0.0190164 0.727755 -0.685574
    outer loop
      vertex 8.31497 22.15 5
      vertex 1.3555 25.8645 8.75
      vertex 9 22.1321 5
    endloop
  endfacet
  facet normal 0.019063 0.727794 -0.685531
    outer loop
      vertex 9 22.1321 5
      vertex 19.4016 17.15 0
      vertex 9 21.8411 4.69106
    endloop
  endfacet
  facet normal 0.0193997 0.728129 -0.685165
    outer loop
      vertex 19.4016 17.15 0
      vertex 9 22.1321 5
      vertex 1.3555 25.8645 8.75
    endloop
  endfacet
  facet normal 0.0190606 0.727794 -0.685531
    outer loop
      vertex 1.3555 25.8645 8.75
      vertex 8.31497 22.15 5
      vertex 0 25.9 8.75
    endloop
  endfacet
  facet normal 0.165072 0.687668 0.70701
    outer loop
      vertex 6.70341 25.0175 13.95
      vertex 5.38491 25.334 13.95
      vertex 6.49636 24.2447 14.75
    endloop
  endfacet
  facet normal 0.701199 0.0923206 0.706964
    outer loop
      vertex 25.5811 4.05165 13.95
      vertex 24.791 3.9265 14.75
      vertex 25.7581 2.70729 13.95
    endloop
  endfacet
  facet normal 0.678085 0.200847 0.707008
    outer loop
      vertex 24.6324 8.00354 13.95
      vertex 23.8715 7.75633 14.75
      vertex 24.2447 6.49636 14.75
    endloop
  endfacet
  facet normal 0.666677 0.236119 0.706959
    outer loop
      vertex 24.1797 9.28173 13.95
      vertex 23.4329 8.99504 14.75
      vertex 24.6324 8.00354 13.95
    endloop
  endfacet
  facet normal 0.582776 0.4006 0.70703
    outer loop
      vertex 21.7216 14.1062 13.95
      vertex 20.9535 15.2236 13.95
      vertex 21.0506 13.6704 14.75
    endloop
  endfacet
  facet normal 0.824081 0.566472 0
    outer loop
      vertex 21.7216 14.1062 13.95
      vertex 20.9535 15.2236 0
      vertex 20.9535 15.2236 13.95
    endloop
  endfacet
  facet normal 0.824081 0.566472 0
    outer loop
      vertex 20.9535 15.2236 0
      vertex 21.7216 14.1062 13.95
      vertex 21.7216 14.1062 0
    endloop
  endfacet
  facet normal 0.430511 0.561114 0.706974
    outer loop
      vertex 15.2236 20.9535 13.95
      vertex 14.7534 20.3063 14.75
      vertex 16.2994 20.1281 13.95
    endloop
  endfacet
  facet normal 0.582861 0.400576 0.706973
    outer loop
      vertex 20.9535 15.2236 13.95
      vertex 20.3063 14.7534 14.75
      vertex 21.0506 13.6704 14.75
    endloop
  endfacet
  facet normal 0.233415 0.972377 -0
    outer loop
      vertex 6.70341 25.0175 8.75
      vertex 5.38491 25.334 13.95
      vertex 6.70341 25.0175 13.95
    endloop
  endfacet
  facet normal 0.233415 0.972377 0
    outer loop
      vertex 5.38491 25.334 13.95
      vertex 6.70341 25.0175 8.75
      vertex 5.38491 25.334 8.75
    endloop
  endfacet
  facet normal 0.236119 0.666677 0.706959
    outer loop
      vertex 9.28173 24.1797 13.95
      vertex 8.00354 24.6324 13.95
      vertex 8.99504 23.4329 14.75
    endloop
  endfacet
  facet normal 0.430469 0.902605 -0
    outer loop
      vertex 11.7584 23.0771 8.75
      vertex 10.5345 23.6608 13.95
      vertex 11.7584 23.0771 13.95
    endloop
  endfacet
  facet normal 0.430469 0.902605 0
    outer loop
      vertex 10.5345 23.6608 13.95
      vertex 11.7584 23.0771 8.75
      vertex 10.5345 23.6608 8.75
    endloop
  endfacet
  facet normal 0.128898 0.69539 0.706978
    outer loop
      vertex 5.38491 25.334 13.95
      vertex 3.9265 24.791 14.75
      vertex 5.21858 24.5515 14.75
    endloop
  endfacet
  facet normal -0.130535 0.991444 0
    outer loop
      vertex -2.70729 25.7581 8.75
      vertex -4.05165 25.5811 13.95
      vertex -2.70729 25.7581 13.95
    endloop
  endfacet
  facet normal -0.130535 0.991444 0
    outer loop
      vertex -4.05165 25.5811 13.95
      vertex -2.70729 25.7581 8.75
      vertex -4.05165 25.5811 8.75
    endloop
  endfacet
  facet normal -0.430511 0.561114 0.706974
    outer loop
      vertex -15.2236 20.9535 13.95
      vertex -16.2994 20.1281 13.95
      vertex -14.7534 20.3063 14.75
    endloop
  endfacet
  facet normal -0.459309 0.537771 0.706992
    outer loop
      vertex -16.2994 20.1281 13.95
      vertex -16.7952 18.6529 14.75
      vertex -15.7959 19.5064 14.75
    endloop
  endfacet
  facet normal -0.824081 0.566472 0
    outer loop
      vertex -21.7216 14.1062 0
      vertex -20.9535 15.2236 13.95
      vertex -20.9535 15.2236 0
    endloop
  endfacet
  facet normal -0.824081 0.566472 0
    outer loop
      vertex -20.9535 15.2236 13.95
      vertex -21.7216 14.1062 0
      vertex -21.7216 14.1062 13.95
    endloop
  endfacet
  facet normal -0.621521 0.337466 0.706985
    outer loop
      vertex -22.4301 12.95 13.95
      vertex -23.0771 11.7584 13.95
      vertex -22.3643 11.3952 14.75
    endloop
  endfacet
  facet normal -0.105616 0.802181 -0.587665
    outer loop
      vertex -2.70729 25.7581 8.75
      vertex -19.4016 17.15 0
      vertex -4.05165 25.5811 8.75
    endloop
  endfacet
  facet normal -0.233415 0.972377 0
    outer loop
      vertex -5.38491 25.334 8.75
      vertex -6.70341 25.0175 13.95
      vertex -5.38491 25.334 13.95
    endloop
  endfacet
  facet normal -0.233415 0.972377 0
    outer loop
      vertex -6.70341 25.0175 13.95
      vertex -5.38491 25.334 8.75
      vertex -6.70341 25.0175 8.75
    endloop
  endfacet
  facet normal -0.333852 0.942625 0
    outer loop
      vertex -8.00354 24.6324 8.75
      vertex -9.28173 24.1797 13.95
      vertex -8.00354 24.6324 13.95
    endloop
  endfacet
  facet normal -0.333852 0.942625 0
    outer loop
      vertex -9.28173 24.1797 13.95
      vertex -8.00354 24.6324 8.75
      vertex -9.28173 24.1797 8.75
    endloop
  endfacet
  facet normal -0.991444 -0.130535 0
    outer loop
      vertex -25.5811 -4.05165 8.75
      vertex -25.7581 -2.70729 13.95
      vertex -25.7581 -2.70729 8.75
    endloop
  endfacet
  facet normal -0.991444 -0.130535 0
    outer loop
      vertex -25.7581 -2.70729 13.95
      vertex -25.5811 -4.05165 8.75
      vertex -25.5811 -4.05165 13.95
    endloop
  endfacet
  facet normal -0.996917 0.0784678 0
    outer loop
      vertex -25.8645 1.3555 8.75
      vertex -25.7581 2.70729 13.95
      vertex -25.7581 2.70729 8.75
    endloop
  endfacet
  facet normal -0.996917 0.0784678 0
    outer loop
      vertex -25.7581 2.70729 13.95
      vertex -25.8645 1.3555 8.75
      vertex -25.8645 1.3555 13.95
    endloop
  endfacet
  facet normal -0.706986 0.0185157 0.706986
    outer loop
      vertex -25.8645 1.3555 13.95
      vertex -25.9 0 13.95
      vertex -25.1 0 14.75
    endloop
  endfacet
  facet normal -0.706987 0.0185139 0.706984
    outer loop
      vertex -25.0656 1.31363 14.75
      vertex -25.8645 1.3555 13.95
      vertex -25.1 0 14.75
    endloop
  endfacet
  facet normal -0.687668 0.165072 0.70701
    outer loop
      vertex -25.0175 6.70341 13.95
      vertex -25.334 5.38491 13.95
      vertex -24.2447 6.49636 14.75
    endloop
  endfacet
  facet normal -0.653408 -0.270643 0.706972
    outer loop
      vertex -22.93 -10.2091 14.75
      vertex -24.1797 -9.28173 13.95
      vertex -23.6608 -10.5345 13.95
    endloop
  endfacet
  facet normal -0.621475 -0.337484 0.707017
    outer loop
      vertex -22.3643 -11.3952 14.75
      vertex -22.4301 -12.95 13.95
      vertex -21.7372 -12.55 14.75
    endloop
  endfacet
  facet normal -0.983264 -0.182186 0
    outer loop
      vertex -25.3717 -5.18179 8.75
      vertex -25.5811 -4.05165 13.95
      vertex -25.5811 -4.05165 8.75
    endloop
  endfacet
  facet normal -0.983208 -0.182488 -0
    outer loop
      vertex -25.334 -5.38491 13.95
      vertex -25.3717 -5.18179 8.75
      vertex -25.334 -5.38491 8.54665
    endloop
  endfacet
  facet normal -0.983256 -0.182232 1.0346e-05
    outer loop
      vertex -25.3717 -5.18179 8.75
      vertex -25.334 -5.38491 13.95
      vertex -25.5811 -4.05165 13.95
    endloop
  endfacet
  facet normal -0.972377 -0.233415 -0
    outer loop
      vertex -25.0175 -6.70341 13.95
      vertex -25.334 -5.38491 8.54665
      vertex -25.0175 -6.70341 7.22666
    endloop
  endfacet
  facet normal -0.972377 -0.233415 0
    outer loop
      vertex -25.334 -5.38491 8.54665
      vertex -25.0175 -6.70341 13.95
      vertex -25.334 -5.38491 13.95
    endloop
  endfacet
  facet normal -0.942636 -0.333823 5.17339e-06
    outer loop
      vertex -24.1797 -9.28173 13.95
      vertex -24.6324 -8.00354 5.92506
      vertex -24.3366 -8.83882 5.08884
    endloop
  endfacet
  facet normal -0.942603 -0.333915 -0
    outer loop
      vertex -24.1797 -9.28173 13.95
      vertex -24.3366 -8.83882 5.08884
      vertex -24.1797 -9.28173 4.62212
    endloop
  endfacet
  facet normal -0.942625 -0.333852 0
    outer loop
      vertex -24.6324 -8.00354 5.92506
      vertex -24.1797 -9.28173 13.95
      vertex -24.6324 -8.00354 13.95
    endloop
  endfacet
  facet normal -0.649165 -0.760111 -0.028554
    outer loop
      vertex -17.3305 -19.2475 8.75
      vertex -19.4016 -17.15 0
      vertex -16.2994 -20.1281 8.75
    endloop
  endfacet
  facet normal -0.477167 -0.878813 0
    outer loop
      vertex -12.95 -22.4301 8.75
      vertex -11.7584 -23.0771 13.95
      vertex -12.95 -22.4301 13.95
    endloop
  endfacet
  facet normal -0.477167 -0.878813 -0
    outer loop
      vertex -11.7584 -23.0771 13.95
      vertex -12.95 -22.4301 8.75
      vertex -11.7584 -23.0771 8.75
    endloop
  endfacet
  facet normal -0.105616 -0.802181 -0.587665
    outer loop
      vertex -4.05165 -25.5811 8.75
      vertex -19.4016 -17.15 0
      vertex -2.70729 -25.7581 8.75
    endloop
  endfacet
  facet normal -0.130535 -0.991444 0
    outer loop
      vertex -4.05165 -25.5811 8.75
      vertex -2.70729 -25.7581 13.95
      vertex -4.05165 -25.5811 13.95
    endloop
  endfacet
  facet normal -0.130535 -0.991444 -0
    outer loop
      vertex -2.70729 -25.7581 13.95
      vertex -4.05165 -25.5811 8.75
      vertex -2.70729 -25.7581 8.75
    endloop
  endfacet
  facet normal -0.518176 -0.84561 -0.128211
    outer loop
      vertex -14.1062 -21.7216 8.75
      vertex -19.4016 -17.15 0
      vertex -12.95 -22.4301 8.75
    endloop
  endfacet
  facet normal 0.706986 -0.0185157 0.706986
    outer loop
      vertex 25.9 0 13.95
      vertex 25.1 0 14.75
      vertex 25.8645 -1.3555 13.95
    endloop
  endfacet
  facet normal 0.706986 0.0185157 0.706986
    outer loop
      vertex 25.8645 1.3555 13.95
      vertex 25.1 0 14.75
      vertex 25.9 0 13.95
    endloop
  endfacet
  facet normal 0.701186 -0.092301 0.706978
    outer loop
      vertex 24.9625 -2.62366 14.75
      vertex 24.791 -3.9265 14.75
      vertex 25.7581 -2.70729 13.95
    endloop
  endfacet
  facet normal 0.687668 -0.165072 0.70701
    outer loop
      vertex 25.334 -5.38491 13.95
      vertex 24.2447 -6.49636 14.75
      vertex 25.0175 -6.70341 13.95
    endloop
  endfacet
  facet normal 0.695407 -0.128883 0.706964
    outer loop
      vertex 25.5811 -4.05165 13.95
      vertex 24.791 -3.9265 14.75
      vertex 25.334 -5.38491 13.95
    endloop
  endfacet
  facet normal 0.537771 -0.459278 0.707012
    outer loop
      vertex 20.1281 -16.2994 13.95
      vertex 18.6529 -16.7952 14.75
      vertex 19.2475 -17.3305 13.95
    endloop
  endfacet
  facet normal 0.270664 -0.653415 0.706958
    outer loop
      vertex 10.2091 -22.93 14.75
      vertex 8.99504 -23.4329 14.75
      vertex 9.28173 -24.1797 13.95
    endloop
  endfacet
  facet normal 0.0923206 -0.701199 0.706964
    outer loop
      vertex 3.9265 -24.791 14.75
      vertex 2.70729 -25.7581 13.95
      vertex 4.05165 -25.5811 13.95
    endloop
  endfacet
  facet normal 0.678083 -0.200849 0.70701
    outer loop
      vertex 25.0175 -6.70341 13.95
      vertex 24.2447 -6.49636 14.75
      vertex 24.6324 -8.00354 13.95
    endloop
  endfacet
  facet normal -0.182232 -0.983256 0
    outer loop
      vertex -5.38491 -25.334 8.75
      vertex -4.05165 -25.5811 13.95
      vertex -5.38491 -25.334 13.95
    endloop
  endfacet
  facet normal -0.182232 -0.983256 -0
    outer loop
      vertex -4.05165 -25.5811 13.95
      vertex -5.38491 -25.334 8.75
      vertex -4.05165 -25.5811 8.75
    endloop
  endfacet
  facet normal 0.0185139 -0.706987 0.706984
    outer loop
      vertex 1.31363 -25.0656 14.75
      vertex 0 -25.1 14.75
      vertex 1.3555 -25.8645 13.95
    endloop
  endfacet
  facet normal 0.105616 -0.802181 -0.587665
    outer loop
      vertex 4.05165 -25.5811 8.75
      vertex 2.70729 -25.7581 8.75
      vertex 19.4016 -17.15 0
    endloop
  endfacet
  facet normal 0.0190606 -0.727794 -0.685531
    outer loop
      vertex 8.31497 -22.15 5
      vertex 1.3555 -25.8645 8.75
      vertex 0 -25.9 8.75
    endloop
  endfacet
  facet normal 0.0190164 -0.727755 -0.685574
    outer loop
      vertex 9 -22.1321 5
      vertex 1.3555 -25.8645 8.75
      vertex 8.31497 -22.15 5
    endloop
  endfacet
  facet normal 0.0193997 -0.728129 -0.685165
    outer loop
      vertex 9 -22.1321 5
      vertex 19.4016 -17.15 0
      vertex 1.3555 -25.8645 8.75
    endloop
  endfacet
  facet normal 0.019063 -0.727794 -0.685531
    outer loop
      vertex 19.4016 -17.15 0
      vertex 9 -22.1321 5
      vertex 9 -21.8411 4.69106
    endloop
  endfacet
  facet normal 0.999657 -0.0261806 0
    outer loop
      vertex 25.8645 -1.3555 13.95
      vertex 25.9 0 8.75
      vertex 25.9 0 13.95
    endloop
  endfacet
  facet normal 0.999657 -0.0261806 0
    outer loop
      vertex 25.9 0 8.75
      vertex 25.8645 -1.3555 13.95
      vertex 25.8645 -1.3555 8.75
    endloop
  endfacet
  facet normal 0.942603 0.333915 0
    outer loop
      vertex 24.1797 9.28173 13.95
      vertex 24.3366 8.83882 5.08884
      vertex 24.1797 9.28173 4.62212
    endloop
  endfacet
  facet normal 0.942625 0.333852 -0
    outer loop
      vertex 24.6324 8.00354 5.92506
      vertex 24.1797 9.28173 13.95
      vertex 24.6324 8.00354 13.95
    endloop
  endfacet
  facet normal 0.942636 0.333823 5.17339e-06
    outer loop
      vertex 24.1797 9.28173 13.95
      vertex 24.6324 8.00354 5.92506
      vertex 24.3366 8.83882 5.08884
    endloop
  endfacet
  facet normal 0.958823 0.284004 -0
    outer loop
      vertex 25.0175 6.70341 7.22666
      vertex 24.6324 8.00354 13.95
      vertex 25.0175 6.70341 13.95
    endloop
  endfacet
  facet normal 0.958823 0.284004 0
    outer loop
      vertex 24.6324 8.00354 13.95
      vertex 25.0175 6.70341 7.22666
      vertex 24.6324 8.00354 5.92506
    endloop
  endfacet
  facet normal 0.687668 0.165072 0.70701
    outer loop
      vertex 25.0175 6.70341 13.95
      vertex 24.2447 6.49636 14.75
      vertex 25.334 5.38491 13.95
    endloop
  endfacet
  facet normal 0.972377 0.233415 -0
    outer loop
      vertex 25.334 5.38491 8.54665
      vertex 25.0175 6.70341 13.95
      vertex 25.334 5.38491 13.95
    endloop
  endfacet
  facet normal 0.972377 0.233415 0
    outer loop
      vertex 25.0175 6.70341 13.95
      vertex 25.334 5.38491 8.54665
      vertex 25.0175 6.70341 7.22666
    endloop
  endfacet
  facet normal 0.793386 0.608719 0
    outer loop
      vertex 20.9535 15.2236 13.95
      vertex 20.1281 16.2994 0
      vertex 20.1281 16.2994 13.95
    endloop
  endfacet
  facet normal 0.793386 0.608719 0
    outer loop
      vertex 20.1281 16.2994 0
      vertex 20.9535 15.2236 13.95
      vertex 20.9535 15.2236 0
    endloop
  endfacet
  facet normal 0.638343 0.304452 0.706985
    outer loop
      vertex 23.0771 11.7584 13.95
      vertex 22.3643 11.3952 14.75
      vertex 22.93 10.2091 14.75
    endloop
  endfacet
  facet normal 0.400576 0.582861 0.706973
    outer loop
      vertex 15.2236 20.9535 13.95
      vertex 13.6704 21.0506 14.75
      vertex 14.7534 20.3063 14.75
    endloop
  endfacet
  facet normal 0.64943 0.760421 -0
    outer loop
      vertex 17.3305 19.2475 8.75
      vertex 16.2994 20.1281 13.95
      vertex 17.3305 19.2475 13.95
    endloop
  endfacet
  facet normal 0.64943 0.760421 0
    outer loop
      vertex 16.2994 20.1281 13.95
      vertex 17.3305 19.2475 8.75
      vertex 16.2994 20.1281 8.75
    endloop
  endfacet
  facet normal 0.522488 0.852647 -0
    outer loop
      vertex 14.1062 21.7216 8.75
      vertex 12.95 22.4301 13.95
      vertex 14.1062 21.7216 13.95
    endloop
  endfacet
  facet normal 0.522488 0.852647 0
    outer loop
      vertex 12.95 22.4301 13.95
      vertex 14.1062 21.7216 8.75
      vertex 12.95 22.4301 8.75
    endloop
  endfacet
  facet normal 0.566472 0.824081 -0
    outer loop
      vertex 15.2236 20.9535 8.75
      vertex 14.1062 21.7216 13.95
      vertex 15.2236 20.9535 13.95
    endloop
  endfacet
  facet normal 0.566472 0.824081 0
    outer loop
      vertex 14.1062 21.7216 13.95
      vertex 15.2236 20.9535 8.75
      vertex 14.1062 21.7216 8.75
    endloop
  endfacet
  facet normal 0.608719 0.793386 -0
    outer loop
      vertex 16.2994 20.1281 8.75
      vertex 15.2236 20.9535 13.95
      vertex 16.2994 20.1281 13.95
    endloop
  endfacet
  facet normal 0.608719 0.793386 0
    outer loop
      vertex 15.2236 20.9535 13.95
      vertex 16.2994 20.1281 8.75
      vertex 15.2236 20.9535 8.75
    endloop
  endfacet
  facet normal 0.760398 0.649458 -5.69985e-06
    outer loop
      vertex 19.4016 17.15 0
      vertex 19.2475 17.3305 8.75
      vertex 20.1281 16.2994 0
    endloop
  endfacet
  facet normal 0.725374 0.688353 -0.00142487
    outer loop
      vertex 19.4016 17.15 0
      vertex 18.3141 18.3141 8.75
      vertex 19.2475 17.3305 8.75
    endloop
  endfacet
  facet normal 0.69539 0.128898 0.706978
    outer loop
      vertex 25.334 5.38491 13.95
      vertex 24.5515 5.21858 14.75
      vertex 24.791 3.9265 14.75
    endloop
  endfacet
  facet normal 0.687691 0.165117 0.706978
    outer loop
      vertex 25.334 5.38491 13.95
      vertex 24.2447 6.49636 14.75
      vertex 24.5515 5.21858 14.75
    endloop
  endfacet
  facet normal 0.705055 0.0554952 0.706978
    outer loop
      vertex 25.7581 2.70729 13.95
      vertex 24.9625 2.62366 14.75
      vertex 25.8645 1.3555 13.95
    endloop
  endfacet
  facet normal 0.701186 0.092301 0.706978
    outer loop
      vertex 25.7581 2.70729 13.95
      vertex 24.791 3.9265 14.75
      vertex 24.9625 2.62366 14.75
    endloop
  endfacet
  facet normal 0.653415 0.270664 0.706958
    outer loop
      vertex 24.1797 9.28173 13.95
      vertex 22.93 10.2091 14.75
      vertex 23.4329 8.99504 14.75
    endloop
  endfacet
  facet normal 0.66665 0.236046 0.707008
    outer loop
      vertex 24.6324 8.00354 13.95
      vertex 23.4329 8.99504 14.75
      vertex 23.8715 7.75633 14.75
    endloop
  endfacet
  facet normal 0.537771 0.459278 0.707012
    outer loop
      vertex 19.2475 17.3305 13.95
      vertex 18.6529 16.7952 14.75
      vertex 20.1281 16.2994 13.95
    endloop
  endfacet
  facet normal 0.513 0.486791 0.707011
    outer loop
      vertex 19.2475 17.3305 13.95
      vertex 17.7484 17.7484 14.75
      vertex 18.6529 16.7952 14.75
    endloop
  endfacet
  facet normal 0.486791 0.513 0.707011
    outer loop
      vertex 17.3305 19.2475 13.95
      vertex 16.7952 18.6529 14.75
      vertex 17.7484 17.7484 14.75
    endloop
  endfacet
  facet normal 0.621475 0.337484 0.707017
    outer loop
      vertex 22.4301 12.95 13.95
      vertex 21.7372 12.55 14.75
      vertex 22.3643 11.3952 14.75
    endloop
  endfacet
  facet normal 0.602981 0.369517 0.707016
    outer loop
      vertex 22.4301 12.95 13.95
      vertex 21.0506 13.6704 14.75
      vertex 21.7372 12.55 14.75
    endloop
  endfacet
  facet normal 0.602978 0.369495 0.70703
    outer loop
      vertex 21.7216 14.1062 13.95
      vertex 21.0506 13.6704 14.75
      vertex 22.4301 12.95 13.95
    endloop
  endfacet
  facet normal 0.369517 0.602981 0.707016
    outer loop
      vertex 12.95 22.4301 13.95
      vertex 12.55 21.7372 14.75
      vertex 13.6704 21.0506 14.75
    endloop
  endfacet
  facet normal 0.369495 0.602978 0.70703
    outer loop
      vertex 14.1062 21.7216 13.95
      vertex 12.95 22.4301 13.95
      vertex 13.6704 21.0506 14.75
    endloop
  endfacet
  facet normal 0.236046 0.66665 0.707008
    outer loop
      vertex 8.00354 24.6324 13.95
      vertex 7.75633 23.8715 14.75
      vertex 8.99504 23.4329 14.75
    endloop
  endfacet
  facet normal 0.258993 0.874383 -0.410338
    outer loop
      vertex 19.4016 17.15 0
      vertex 6.70341 25.0175 8.75
      vertex 8.00354 24.6324 8.75
    endloop
  endfacet
  facet normal 0.205763 0.857183 -0.472122
    outer loop
      vertex 19.4016 17.15 0
      vertex 5.38491 25.334 8.75
      vertex 6.70341 25.0175 8.75
    endloop
  endfacet
  facet normal 0.270664 0.653415 0.706958
    outer loop
      vertex 9.28173 24.1797 13.95
      vertex 8.99504 23.4329 14.75
      vertex 10.2091 22.93 14.75
    endloop
  endfacet
  facet normal 0.304445 0.638359 0.706974
    outer loop
      vertex 10.5345 23.6608 13.95
      vertex 10.2091 22.93 14.75
      vertex 11.7584 23.0771 13.95
    endloop
  endfacet
  facet normal 0.469743 0.865141 -0.175707
    outer loop
      vertex 19.4016 17.15 0
      vertex 11.7584 23.0771 8.75
      vertex 12.95 22.4301 8.75
    endloop
  endfacet
  facet normal 0.419017 0.878593 -0.229129
    outer loop
      vertex 19.4016 17.15 0
      vertex 10.5345 23.6608 8.75
      vertex 11.7584 23.0771 8.75
    endloop
  endfacet
  facet normal 0.0554877 0.705049 0.706984
    outer loop
      vertex 1.3555 25.8645 13.95
      vertex 1.31363 25.0656 14.75
      vertex 2.62366 24.9625 14.75
    endloop
  endfacet
  facet normal -0.0554877 0.705049 0.706984
    outer loop
      vertex -1.3555 25.8645 13.95
      vertex -2.62366 24.9625 14.75
      vertex -1.31363 25.0656 14.75
    endloop
  endfacet
  facet normal -0.270664 0.653415 0.706958
    outer loop
      vertex -9.28173 24.1797 13.95
      vertex -10.2091 22.93 14.75
      vertex -8.99504 23.4329 14.75
    endloop
  endfacet
  facet normal -0.270643 0.653408 0.706972
    outer loop
      vertex -9.28173 24.1797 13.95
      vertex -10.5345 23.6608 13.95
      vertex -10.2091 22.93 14.75
    endloop
  endfacet
  facet normal -0.477167 0.878813 0
    outer loop
      vertex -11.7584 23.0771 8.75
      vertex -12.95 22.4301 13.95
      vertex -11.7584 23.0771 13.95
    endloop
  endfacet
  facet normal -0.477167 0.878813 0
    outer loop
      vertex -12.95 22.4301 13.95
      vertex -11.7584 23.0771 8.75
      vertex -12.95 22.4301 8.75
    endloop
  endfacet
  facet normal -0.760398 0.649458 -5.69985e-06
    outer loop
      vertex -19.4016 17.15 0
      vertex -20.1281 16.2994 0
      vertex -19.2475 17.3305 8.75
    endloop
  endfacet
  facet normal -0.64943 0.760421 0
    outer loop
      vertex -16.2994 20.1281 8.75
      vertex -17.3305 19.2475 13.95
      vertex -16.2994 20.1281 13.95
    endloop
  endfacet
  facet normal -0.64943 0.760421 0
    outer loop
      vertex -17.3305 19.2475 13.95
      vertex -16.2994 20.1281 8.75
      vertex -17.3305 19.2475 8.75
    endloop
  endfacet
  facet normal -0.793386 0.608719 0
    outer loop
      vertex -20.9535 15.2236 0
      vertex -20.1281 16.2994 13.95
      vertex -20.1281 16.2994 0
    endloop
  endfacet
  facet normal -0.793386 0.608719 0
    outer loop
      vertex -20.1281 16.2994 13.95
      vertex -20.9535 15.2236 0
      vertex -20.9535 15.2236 13.95
    endloop
  endfacet
  facet normal -0.852647 0.522488 0
    outer loop
      vertex -22.4301 12.95 0
      vertex -21.7216 14.1062 13.95
      vertex -21.7216 14.1062 0
    endloop
  endfacet
  facet normal -0.852647 0.522488 0
    outer loop
      vertex -21.7216 14.1062 13.95
      vertex -22.4301 12.95 0
      vertex -22.4301 12.95 13.95
    endloop
  endfacet
  facet normal -0.284004 0.958823 0
    outer loop
      vertex -6.70341 25.0175 8.75
      vertex -8.00354 24.6324 13.95
      vertex -6.70341 25.0175 13.95
    endloop
  endfacet
  facet normal -0.284004 0.958823 0
    outer loop
      vertex -8.00354 24.6324 13.95
      vertex -6.70341 25.0175 8.75
      vertex -8.00354 24.6324 8.75
    endloop
  endfacet
  facet normal -0.154342 0.832774 -0.531663
    outer loop
      vertex -4.05165 25.5811 8.75
      vertex -19.4016 17.15 0
      vertex -5.38491 25.334 8.75
    endloop
  endfacet
  facet normal -0.182232 0.983256 0
    outer loop
      vertex -4.05165 25.5811 8.75
      vertex -5.38491 25.334 13.95
      vertex -4.05165 25.5811 13.95
    endloop
  endfacet
  facet normal -0.182232 0.983256 0
    outer loop
      vertex -5.38491 25.334 13.95
      vertex -4.05165 25.5811 8.75
      vertex -5.38491 25.334 8.75
    endloop
  endfacet
  facet normal -0.419017 0.878593 -0.229129
    outer loop
      vertex -10.5345 23.6608 8.75
      vertex -19.4016 17.15 0
      vertex -11.7584 23.0771 8.75
    endloop
  endfacet
  facet normal -0.430469 0.902605 0
    outer loop
      vertex -10.5345 23.6608 8.75
      vertex -11.7584 23.0771 13.95
      vertex -10.5345 23.6608 13.95
    endloop
  endfacet
  facet normal -0.430469 0.902605 0
    outer loop
      vertex -11.7584 23.0771 13.95
      vertex -10.5345 23.6608 8.75
      vertex -11.7584 23.0771 8.75
    endloop
  endfacet
  facet normal -0.653408 0.270643 0.706972
    outer loop
      vertex -23.6608 10.5345 13.95
      vertex -24.1797 9.28173 13.95
      vertex -22.93 10.2091 14.75
    endloop
  endfacet
  facet normal -0.678085 0.200847 0.707008
    outer loop
      vertex -23.8715 7.75633 14.75
      vertex -24.6324 8.00354 13.95
      vertex -24.2447 6.49636 14.75
    endloop
  endfacet
  facet normal -0.69539 0.128898 0.706978
    outer loop
      vertex -24.5515 5.21858 14.75
      vertex -25.334 5.38491 13.95
      vertex -24.791 3.9265 14.75
    endloop
  endfacet
  facet normal -0.602978 -0.369495 0.70703
    outer loop
      vertex -21.0506 -13.6704 14.75
      vertex -22.4301 -12.95 13.95
      vertex -21.7216 -14.1062 13.95
    endloop
  endfacet
  facet normal -0.687691 -0.165117 0.706978
    outer loop
      vertex -24.5515 -5.21858 14.75
      vertex -25.334 -5.38491 13.95
      vertex -24.2447 -6.49636 14.75
    endloop
  endfacet
  facet normal -0.678083 -0.200849 0.70701
    outer loop
      vertex -24.2447 -6.49636 14.75
      vertex -25.0175 -6.70341 13.95
      vertex -24.6324 -8.00354 13.95
    endloop
  endfacet
  facet normal -0.687668 -0.165072 0.70701
    outer loop
      vertex -24.2447 -6.49636 14.75
      vertex -25.334 -5.38491 13.95
      vertex -25.0175 -6.70341 13.95
    endloop
  endfacet
  facet normal -0.852647 -0.522488 0
    outer loop
      vertex -21.7216 -14.1062 0
      vertex -22.4301 -12.95 13.95
      vertex -22.4301 -12.95 0
    endloop
  endfacet
  facet normal -0.852647 -0.522488 0
    outer loop
      vertex -22.4301 -12.95 13.95
      vertex -21.7216 -14.1062 0
      vertex -21.7216 -14.1062 13.95
    endloop
  endfacet
  facet normal -0.561087 -0.430517 0.706991
    outer loop
      vertex -19.5064 -15.7959 14.75
      vertex -20.3063 -14.7534 14.75
      vertex -20.1281 -16.2994 13.95
    endloop
  endfacet
  facet normal -0.688313 -0.725331 -0.0109507
    outer loop
      vertex -18.3141 -18.3141 8.75
      vertex -19.4016 -17.15 0
      vertex -17.3305 -19.2475 8.75
    endloop
  endfacet
  facet normal -0.607827 -0.792222 -0.054139
    outer loop
      vertex -16.2994 -20.1281 8.75
      vertex -19.4016 -17.15 0
      vertex -15.2236 -20.9535 8.75
    endloop
  endfacet
  facet normal -0.564305 -0.820927 -0.0873979
    outer loop
      vertex -15.2236 -20.9535 8.75
      vertex -19.4016 -17.15 0
      vertex -14.1062 -21.7216 8.75
    endloop
  endfacet
  facet normal -0.486817 -0.512999 0.706995
    outer loop
      vertex -17.7484 -17.7484 14.75
      vertex -18.3141 -18.3141 13.95
      vertex -17.3305 -19.2475 13.95
    endloop
  endfacet
  facet normal -0.382674 -0.923883 0
    outer loop
      vertex -10.5345 -23.6608 8.75
      vertex -9.28173 -24.1797 13.95
      vertex -10.5345 -23.6608 13.95
    endloop
  endfacet
  facet normal -0.382674 -0.923883 -0
    outer loop
      vertex -9.28173 -24.1797 13.95
      vertex -10.5345 -23.6608 8.75
      vertex -9.28173 -24.1797 8.75
    endloop
  endfacet
  facet normal -0.270664 -0.653415 0.706958
    outer loop
      vertex -8.99504 -23.4329 14.75
      vertex -10.2091 -22.93 14.75
      vertex -9.28173 -24.1797 13.95
    endloop
  endfacet
  facet normal -0.128883 -0.695407 0.706964
    outer loop
      vertex -3.9265 -24.791 14.75
      vertex -5.38491 -25.334 13.95
      vertex -4.05165 -25.5811 13.95
    endloop
  endfacet
  facet normal -0.270643 -0.653408 0.706972
    outer loop
      vertex -10.2091 -22.93 14.75
      vertex -10.5345 -23.6608 13.95
      vertex -9.28173 -24.1797 13.95
    endloop
  endfacet
  facet normal -0.304452 -0.638343 0.706985
    outer loop
      vertex -11.3952 -22.3643 14.75
      vertex -11.7584 -23.0771 13.95
      vertex -10.2091 -22.93 14.75
    endloop
  endfacet
  facet normal -0.469743 -0.865141 -0.175707
    outer loop
      vertex -12.95 -22.4301 8.75
      vertex -19.4016 -17.15 0
      vertex -11.7584 -23.0771 8.75
    endloop
  endfacet
  facet normal -0.419017 -0.878593 -0.229129
    outer loop
      vertex -11.7584 -23.0771 8.75
      vertex -19.4016 -17.15 0
      vertex -10.5345 -23.6608 8.75
    endloop
  endfacet
  facet normal 0.706987 -0.0185139 0.706984
    outer loop
      vertex 25.1 0 14.75
      vertex 25.0656 -1.31363 14.75
      vertex 25.8645 -1.3555 13.95
    endloop
  endfacet
  facet normal 0.69539 -0.128898 0.706978
    outer loop
      vertex 24.791 -3.9265 14.75
      vertex 24.5515 -5.21858 14.75
      vertex 25.334 -5.38491 13.95
    endloop
  endfacet
  facet normal 0.701199 -0.0923206 0.706964
    outer loop
      vertex 25.7581 -2.70729 13.95
      vertex 24.791 -3.9265 14.75
      vertex 25.5811 -4.05165 13.95
    endloop
  endfacet
  facet normal 0.653408 -0.270643 0.706972
    outer loop
      vertex 24.1797 -9.28173 13.95
      vertex 22.93 -10.2091 14.75
      vertex 23.6608 -10.5345 13.95
    endloop
  endfacet
  facet normal 0.687691 -0.165117 0.706978
    outer loop
      vertex 24.5515 -5.21858 14.75
      vertex 24.2447 -6.49636 14.75
      vertex 25.334 -5.38491 13.95
    endloop
  endfacet
  facet normal 0.725374 -0.688353 -0.00142487
    outer loop
      vertex 19.2475 -17.3305 8.75
      vertex 18.3141 -18.3141 8.75
      vertex 19.4016 -17.15 0
    endloop
  endfacet
  facet normal 0.369495 -0.602978 0.70703
    outer loop
      vertex 13.6704 -21.0506 14.75
      vertex 12.95 -22.4301 13.95
      vertex 14.1062 -21.7216 13.95
    endloop
  endfacet
  facet normal 0.564305 -0.820927 -0.0873979
    outer loop
      vertex 15.2236 -20.9535 8.75
      vertex 14.1062 -21.7216 8.75
      vertex 19.4016 -17.15 0
    endloop
  endfacet
  facet normal 0.304445 -0.638359 0.706974
    outer loop
      vertex 11.7584 -23.0771 13.95
      vertex 10.2091 -22.93 14.75
      vertex 10.5345 -23.6608 13.95
    endloop
  endfacet
  facet normal 0.165117 -0.687691 0.706978
    outer loop
      vertex 6.49636 -24.2447 14.75
      vertex 5.21858 -24.5515 14.75
      vertex 5.38491 -25.334 13.95
    endloop
  endfacet
  facet normal 0.270643 -0.653408 0.706972
    outer loop
      vertex 10.2091 -22.93 14.75
      vertex 9.28173 -24.1797 13.95
      vertex 10.5345 -23.6608 13.95
    endloop
  endfacet
  facet normal 0.236119 -0.666677 0.706959
    outer loop
      vertex 8.99504 -23.4329 14.75
      vertex 8.00354 -24.6324 13.95
      vertex 9.28173 -24.1797 13.95
    endloop
  endfacet
  facet normal 0.258993 -0.874383 -0.410338
    outer loop
      vertex 8.00354 -24.6324 8.75
      vertex 6.70341 -25.0175 8.75
      vertex 19.4016 -17.15 0
    endloop
  endfacet
  facet normal 0.205763 -0.857183 -0.472122
    outer loop
      vertex 6.70341 -25.0175 8.75
      vertex 5.38491 -25.334 8.75
      vertex 19.4016 -17.15 0
    endloop
  endfacet
  facet normal 0.312987 -0.883712 -0.347983
    outer loop
      vertex 9.28173 -24.1797 8.75
      vertex 8.00354 -24.6324 8.75
      vertex 19.4016 -17.15 0
    endloop
  endfacet
  facet normal 0.688313 -0.725331 -0.0109507
    outer loop
      vertex 18.3141 -18.3141 8.75
      vertex 17.3305 -19.2475 8.75
      vertex 19.4016 -17.15 0
    endloop
  endfacet
  facet normal -0.0603486 -0.766717 -0.639143
    outer loop
      vertex -2.70729 -25.7581 8.75
      vertex -19.4016 -17.15 0
      vertex -1.3555 -25.8645 8.75
    endloop
  endfacet
  facet normal -0.0190164 -0.727755 -0.685574
    outer loop
      vertex -8.31497 -22.15 5
      vertex -1.3555 -25.8645 8.75
      vertex -9 -22.1321 5
    endloop
  endfacet
  facet normal -0.019063 -0.727794 -0.685531
    outer loop
      vertex -9 -22.1321 5
      vertex -19.4016 -17.15 0
      vertex -9 -21.8411 4.69106
    endloop
  endfacet
  facet normal -0.0193997 -0.728129 -0.685165
    outer loop
      vertex -19.4016 -17.15 0
      vertex -9 -22.1321 5
      vertex -1.3555 -25.8645 8.75
    endloop
  endfacet
  facet normal -0.0190606 -0.727794 -0.685531
    outer loop
      vertex -1.3555 -25.8645 8.75
      vertex -8.31497 -22.15 5
      vertex 0 -25.9 8.75
    endloop
  endfacet
  facet normal 0.793386 -0.608719 0
    outer loop
      vertex 20.1281 -16.2994 13.95
      vertex 20.9535 -15.2236 0
      vertex 20.9535 -15.2236 13.95
    endloop
  endfacet
  facet normal 0.793386 -0.608719 0
    outer loop
      vertex 20.9535 -15.2236 0
      vertex 20.1281 -16.2994 13.95
      vertex 20.1281 -16.2994 0
    endloop
  endfacet
  facet normal 0 -0.707104 -0.70711
    outer loop
      vertex -9 -21.8411 4.69106
      vertex -19.4016 -17.15 0
      vertex -9 -17.15 0
    endloop
  endfacet
  facet normal 0 -0.707107 -0.707107
    outer loop
      vertex 0 -25.9 8.75
      vertex -8.31497 -22.15 5
      vertex 8.31497 -22.15 5
    endloop
  endfacet
  facet normal -0 -0.707104 -0.70711
    outer loop
      vertex 19.4016 -17.15 0
      vertex 9 -21.8411 4.69106
      vertex 9 -17.15 0
    endloop
  endfacet
  facet normal 0.996917 -0.0784678 0
    outer loop
      vertex 25.7581 -2.70729 13.95
      vertex 25.8645 -1.3555 8.75
      vertex 25.8645 -1.3555 13.95
    endloop
  endfacet
  facet normal 0.996917 -0.0784678 0
    outer loop
      vertex 25.8645 -1.3555 8.75
      vertex 25.7581 -2.70729 13.95
      vertex 25.7581 -2.70729 8.75
    endloop
  endfacet
  facet normal 0.459309 0.537771 0.706992
    outer loop
      vertex 16.2994 20.1281 13.95
      vertex 15.7959 19.5064 14.75
      vertex 16.7952 18.6529 14.75
    endloop
  endfacet
  facet normal 0.459278 0.537771 0.707012
    outer loop
      vertex 17.3305 19.2475 13.95
      vertex 16.2994 20.1281 13.95
      vertex 16.7952 18.6529 14.75
    endloop
  endfacet
  facet normal 0.537771 0.459309 0.706992
    outer loop
      vertex 20.1281 16.2994 13.95
      vertex 18.6529 16.7952 14.75
      vertex 19.5064 15.7959 14.75
    endloop
  endfacet
  facet normal 0.337466 0.621521 0.706985
    outer loop
      vertex 11.7584 23.0771 13.95
      vertex 11.3952 22.3643 14.75
      vertex 12.95 22.4301 13.95
    endloop
  endfacet
  facet normal 0.130535 0.991444 -0
    outer loop
      vertex 4.05165 25.5811 8.75
      vertex 2.70729 25.7581 13.95
      vertex 4.05165 25.5811 13.95
    endloop
  endfacet
  facet normal 0.130535 0.991444 0
    outer loop
      vertex 2.70729 25.7581 13.95
      vertex 4.05165 25.5811 8.75
      vertex 2.70729 25.7581 8.75
    endloop
  endfacet
  facet normal 0.0185139 0.706987 0.706984
    outer loop
      vertex 1.3555 25.8645 13.95
      vertex 0 25.1 14.75
      vertex 1.31363 25.0656 14.75
    endloop
  endfacet
  facet normal 0.165117 0.687691 0.706978
    outer loop
      vertex 5.38491 25.334 13.95
      vertex 5.21858 24.5515 14.75
      vertex 6.49636 24.2447 14.75
    endloop
  endfacet
  facet normal 0.092301 0.701186 0.706978
    outer loop
      vertex 2.70729 25.7581 13.95
      vertex 2.62366 24.9625 14.75
      vertex 3.9265 24.791 14.75
    endloop
  endfacet
  facet normal -0.128883 0.695407 0.706964
    outer loop
      vertex -4.05165 25.5811 13.95
      vertex -5.38491 25.334 13.95
      vertex -3.9265 24.791 14.75
    endloop
  endfacet
  facet normal -0.0554952 0.705055 0.706978
    outer loop
      vertex -1.3555 25.8645 13.95
      vertex -2.70729 25.7581 13.95
      vertex -2.62366 24.9625 14.75
    endloop
  endfacet
  facet normal -0.561114 0.430511 0.706974
    outer loop
      vertex -20.1281 16.2994 13.95
      vertex -20.9535 15.2236 13.95
      vertex -20.3063 14.7534 14.75
    endloop
  endfacet
  facet normal -0.537771 0.459309 0.706992
    outer loop
      vertex -18.6529 16.7952 14.75
      vertex -20.1281 16.2994 13.95
      vertex -19.5064 15.7959 14.75
    endloop
  endfacet
  facet normal -0.602978 0.369495 0.70703
    outer loop
      vertex -21.7216 14.1062 13.95
      vertex -22.4301 12.95 13.95
      vertex -21.0506 13.6704 14.75
    endloop
  endfacet
  facet normal -0.582776 0.4006 0.70703
    outer loop
      vertex -20.9535 15.2236 13.95
      vertex -21.7216 14.1062 13.95
      vertex -21.0506 13.6704 14.75
    endloop
  endfacet
  facet normal -0.602981 0.369517 0.707016
    outer loop
      vertex -21.0506 13.6704 14.75
      vertex -22.4301 12.95 13.95
      vertex -21.7372 12.55 14.75
    endloop
  endfacet
  facet normal -0.621475 0.337484 0.707017
    outer loop
      vertex -21.7372 12.55 14.75
      vertex -22.4301 12.95 13.95
      vertex -22.3643 11.3952 14.75
    endloop
  endfacet
  facet normal -0.430517 0.561087 0.706991
    outer loop
      vertex -14.7534 20.3063 14.75
      vertex -16.2994 20.1281 13.95
      vertex -15.7959 19.5064 14.75
    endloop
  endfacet
  facet normal -0.486791 0.513 0.707011
    outer loop
      vertex -17.3305 19.2475 13.95
      vertex -17.7484 17.7484 14.75
      vertex -16.7952 18.6529 14.75
    endloop
  endfacet
  facet normal -0.459278 0.537771 0.707012
    outer loop
      vertex -16.2994 20.1281 13.95
      vertex -17.3305 19.2475 13.95
      vertex -16.7952 18.6529 14.75
    endloop
  endfacet
  facet normal -0.512999 0.486817 0.706995
    outer loop
      vertex -18.3141 18.3141 13.95
      vertex -19.2475 17.3305 13.95
      vertex -17.7484 17.7484 14.75
    endloop
  endfacet
  facet normal -0.513 0.486791 0.707011
    outer loop
      vertex -17.7484 17.7484 14.75
      vertex -19.2475 17.3305 13.95
      vertex -18.6529 16.7952 14.75
    endloop
  endfacet
  facet normal -0.337466 0.621521 0.706985
    outer loop
      vertex -11.7584 23.0771 13.95
      vertex -12.95 22.4301 13.95
      vertex -11.3952 22.3643 14.75
    endloop
  endfacet
  facet normal -0.304445 0.638359 0.706974
    outer loop
      vertex -10.5345 23.6608 13.95
      vertex -11.7584 23.0771 13.95
      vertex -10.2091 22.93 14.75
    endloop
  endfacet
  facet normal -0.304452 0.638343 0.706985
    outer loop
      vertex -10.2091 22.93 14.75
      vertex -11.7584 23.0771 13.95
      vertex -11.3952 22.3643 14.75
    endloop
  endfacet
  facet normal -0.400576 0.582861 0.706973
    outer loop
      vertex -13.6704 21.0506 14.75
      vertex -15.2236 20.9535 13.95
      vertex -14.7534 20.3063 14.75
    endloop
  endfacet
  facet normal -0.608719 0.793386 0
    outer loop
      vertex -15.2236 20.9535 8.75
      vertex -16.2994 20.1281 13.95
      vertex -15.2236 20.9535 13.95
    endloop
  endfacet
  facet normal -0.608719 0.793386 0
    outer loop
      vertex -16.2994 20.1281 13.95
      vertex -15.2236 20.9535 8.75
      vertex -16.2994 20.1281 8.75
    endloop
  endfacet
  facet normal -0.564305 0.820927 -0.0873979
    outer loop
      vertex -14.1062 21.7216 8.75
      vertex -19.4016 17.15 0
      vertex -15.2236 20.9535 8.75
    endloop
  endfacet
  facet normal -0.878844 0.477109 -0.000528134
    outer loop
      vertex -23.0066 11.8882 0.112717
      vertex -22.4301 12.95 0
      vertex -22.9884 11.9216 0
    endloop
  endfacet
  facet normal -0.878824 0.477147 -6.37917e-05
    outer loop
      vertex -23.0771 11.7584 0.479406
      vertex -22.4301 12.95 0
      vertex -23.0066 11.8882 0.112717
    endloop
  endfacet
  facet normal -0.878813 0.477167 0
    outer loop
      vertex -22.4301 12.95 0
      vertex -23.0771 11.7584 0.479406
      vertex -22.4301 12.95 13.95
    endloop
  endfacet
  facet normal -0.878813 0.477167 0
    outer loop
      vertex -22.4301 12.95 13.95
      vertex -23.0771 11.7584 0.479406
      vertex -23.0771 11.7584 13.95
    endloop
  endfacet
  facet normal -0.165117 0.687691 0.706978
    outer loop
      vertex -5.38491 25.334 13.95
      vertex -6.49636 24.2447 14.75
      vertex -5.21858 24.5515 14.75
    endloop
  endfacet
  facet normal -0.165072 0.687668 0.70701
    outer loop
      vertex -5.38491 25.334 13.95
      vertex -6.70341 25.0175 13.95
      vertex -6.49636 24.2447 14.75
    endloop
  endfacet
  facet normal -0.205763 0.857183 -0.472122
    outer loop
      vertex -5.38491 25.334 8.75
      vertex -19.4016 17.15 0
      vertex -6.70341 25.0175 8.75
    endloop
  endfacet
  facet normal -0.258993 0.874383 -0.410338
    outer loop
      vertex -6.70341 25.0175 8.75
      vertex -19.4016 17.15 0
      vertex -8.00354 24.6324 8.75
    endloop
  endfacet
  facet normal -0.999657 0.0261806 0
    outer loop
      vertex -25.9 0 8.75
      vertex -25.8645 1.3555 13.95
      vertex -25.8645 1.3555 8.75
    endloop
  endfacet
  facet normal -0.999657 0.0261806 0
    outer loop
      vertex -25.8645 1.3555 13.95
      vertex -25.9 0 8.75
      vertex -25.9 0 13.95
    endloop
  endfacet
  facet normal -0.972377 0.233415 0
    outer loop
      vertex -25.334 5.38491 8.54665
      vertex -25.0175 6.70341 13.95
      vertex -25.0175 6.70341 7.22666
    endloop
  endfacet
  facet normal -0.972377 0.233415 0
    outer loop
      vertex -25.0175 6.70341 13.95
      vertex -25.334 5.38491 8.54665
      vertex -25.334 5.38491 13.95
    endloop
  endfacet
  facet normal -0.638359 0.304445 0.706974
    outer loop
      vertex -23.0771 11.7584 13.95
      vertex -23.6608 10.5345 13.95
      vertex -22.93 10.2091 14.75
    endloop
  endfacet
  facet normal -0.66665 0.236046 0.707008
    outer loop
      vertex -23.4329 8.99504 14.75
      vertex -24.6324 8.00354 13.95
      vertex -23.8715 7.75633 14.75
    endloop
  endfacet
  facet normal -0.701186 0.092301 0.706978
    outer loop
      vertex -24.791 3.9265 14.75
      vertex -25.7581 2.70729 13.95
      vertex -24.9625 2.62366 14.75
    endloop
  endfacet
  facet normal -0.705055 0.0554952 0.706978
    outer loop
      vertex -25.7581 2.70729 13.95
      vertex -25.8645 1.3555 13.95
      vertex -24.9625 2.62366 14.75
    endloop
  endfacet
  facet normal -0.687691 0.165117 0.706978
    outer loop
      vertex -24.2447 6.49636 14.75
      vertex -25.334 5.38491 13.95
      vertex -24.5515 5.21858 14.75
    endloop
  endfacet
  facet normal -0.793386 -0.608719 0
    outer loop
      vertex -20.1281 -16.2994 0
      vertex -20.9535 -15.2236 13.95
      vertex -20.9535 -15.2236 0
    endloop
  endfacet
  facet normal -0.793386 -0.608719 0
    outer loop
      vertex -20.9535 -15.2236 13.95
      vertex -20.1281 -16.2994 0
      vertex -20.1281 -16.2994 13.95
    endloop
  endfacet
  facet normal -0.638359 -0.304445 0.706974
    outer loop
      vertex -22.93 -10.2091 14.75
      vertex -23.6608 -10.5345 13.95
      vertex -23.0771 -11.7584 13.95
    endloop
  endfacet
  facet normal -0.678085 -0.200847 0.707008
    outer loop
      vertex -24.2447 -6.49636 14.75
      vertex -24.6324 -8.00354 13.95
      vertex -23.8715 -7.75633 14.75
    endloop
  endfacet
  facet normal -0.69539 -0.128898 0.706978
    outer loop
      vertex -24.791 -3.9265 14.75
      vertex -25.334 -5.38491 13.95
      vertex -24.5515 -5.21858 14.75
    endloop
  endfacet
  facet normal -0.666677 -0.236119 0.706959
    outer loop
      vertex -23.4329 -8.99504 14.75
      vertex -24.6324 -8.00354 13.95
      vertex -24.1797 -9.28173 13.95
    endloop
  endfacet
  facet normal -0.653415 -0.270664 0.706958
    outer loop
      vertex -23.4329 -8.99504 14.75
      vertex -24.1797 -9.28173 13.95
      vertex -22.93 -10.2091 14.75
    endloop
  endfacet
  facet normal -0.582776 -0.4006 0.70703
    outer loop
      vertex -21.0506 -13.6704 14.75
      vertex -21.7216 -14.1062 13.95
      vertex -20.9535 -15.2236 13.95
    endloop
  endfacet
  facet normal -0.582861 -0.400576 0.706973
    outer loop
      vertex -20.3063 -14.7534 14.75
      vertex -21.0506 -13.6704 14.75
      vertex -20.9535 -15.2236 13.95
    endloop
  endfacet
  facet normal -0.561114 -0.430511 0.706974
    outer loop
      vertex -20.3063 -14.7534 14.75
      vertex -20.9535 -15.2236 13.95
      vertex -20.1281 -16.2994 13.95
    endloop
  endfacet
  facet normal -0.824081 -0.566472 0
    outer loop
      vertex -20.9535 -15.2236 0
      vertex -21.7216 -14.1062 13.95
      vertex -21.7216 -14.1062 0
    endloop
  endfacet
  facet normal -0.824081 -0.566472 0
    outer loop
      vertex -21.7216 -14.1062 13.95
      vertex -20.9535 -15.2236 0
      vertex -20.9535 -15.2236 13.95
    endloop
  endfacet
  facet normal -0.760398 -0.649458 -5.69985e-06
    outer loop
      vertex -19.2475 -17.3305 8.75
      vertex -20.1281 -16.2994 0
      vertex -19.4016 -17.15 0
    endloop
  endfacet
  facet normal -0.760421 -0.64943 0
    outer loop
      vertex -19.2475 -17.3305 8.75
      vertex -20.1281 -16.2994 13.95
      vertex -20.1281 -16.2994 0
    endloop
  endfacet
  facet normal -0.760421 -0.64943 0
    outer loop
      vertex -20.1281 -16.2994 13.95
      vertex -19.2475 -17.3305 8.75
      vertex -19.2475 -17.3305 13.95
    endloop
  endfacet
  facet normal -0.725374 -0.688353 -0.00142487
    outer loop
      vertex -19.2475 -17.3305 8.75
      vertex -19.4016 -17.15 0
      vertex -18.3141 -18.3141 8.75
    endloop
  endfacet
  facet normal -0.725375 -0.688354 0
    outer loop
      vertex -18.3141 -18.3141 8.75
      vertex -19.2475 -17.3305 13.95
      vertex -19.2475 -17.3305 8.75
    endloop
  endfacet
  facet normal -0.725375 -0.688354 0
    outer loop
      vertex -19.2475 -17.3305 13.95
      vertex -18.3141 -18.3141 8.75
      vertex -18.3141 -18.3141 13.95
    endloop
  endfacet
  facet normal -0.608719 -0.793386 0
    outer loop
      vertex -16.2994 -20.1281 8.75
      vertex -15.2236 -20.9535 13.95
      vertex -16.2994 -20.1281 13.95
    endloop
  endfacet
  facet normal -0.608719 -0.793386 -0
    outer loop
      vertex -15.2236 -20.9535 13.95
      vertex -16.2994 -20.1281 8.75
      vertex -15.2236 -20.9535 8.75
    endloop
  endfacet
  facet normal -0.64943 -0.760421 0
    outer loop
      vertex -17.3305 -19.2475 8.75
      vertex -16.2994 -20.1281 13.95
      vertex -17.3305 -19.2475 13.95
    endloop
  endfacet
  facet normal -0.64943 -0.760421 -0
    outer loop
      vertex -16.2994 -20.1281 13.95
      vertex -17.3305 -19.2475 8.75
      vertex -16.2994 -20.1281 8.75
    endloop
  endfacet
  facet normal -0.512999 -0.486817 0.706995
    outer loop
      vertex -17.7484 -17.7484 14.75
      vertex -19.2475 -17.3305 13.95
      vertex -18.3141 -18.3141 13.95
    endloop
  endfacet
  facet normal -0.486791 -0.513 0.707011
    outer loop
      vertex -16.7952 -18.6529 14.75
      vertex -17.7484 -17.7484 14.75
      vertex -17.3305 -19.2475 13.95
    endloop
  endfacet
  facet normal -0.0784678 -0.996917 0
    outer loop
      vertex -2.70729 -25.7581 8.75
      vertex -1.3555 -25.8645 13.95
      vertex -2.70729 -25.7581 13.95
    endloop
  endfacet
  facet normal -0.0784678 -0.996917 -0
    outer loop
      vertex -1.3555 -25.8645 13.95
      vertex -2.70729 -25.7581 8.75
      vertex -1.3555 -25.8645 8.75
    endloop
  endfacet
  facet normal -0.233415 -0.972377 0
    outer loop
      vertex -6.70341 -25.0175 8.75
      vertex -5.38491 -25.334 13.95
      vertex -6.70341 -25.0175 13.95
    endloop
  endfacet
  facet normal -0.233415 -0.972377 -0
    outer loop
      vertex -5.38491 -25.334 13.95
      vertex -6.70341 -25.0175 8.75
      vertex -5.38491 -25.334 8.75
    endloop
  endfacet
  facet normal -0.566472 -0.824081 0
    outer loop
      vertex -15.2236 -20.9535 8.75
      vertex -14.1062 -21.7216 13.95
      vertex -15.2236 -20.9535 13.95
    endloop
  endfacet
  facet normal -0.566472 -0.824081 -0
    outer loop
      vertex -14.1062 -21.7216 13.95
      vertex -15.2236 -20.9535 8.75
      vertex -14.1062 -21.7216 8.75
    endloop
  endfacet
  facet normal 0.705049 -0.0554877 0.706984
    outer loop
      vertex 25.0656 -1.31363 14.75
      vertex 24.9625 -2.62366 14.75
      vertex 25.8645 -1.3555 13.95
    endloop
  endfacet
  facet normal 0.638359 -0.304445 0.706974
    outer loop
      vertex 23.6608 -10.5345 13.95
      vertex 22.93 -10.2091 14.75
      vertex 23.0771 -11.7584 13.95
    endloop
  endfacet
  facet normal 0.678085 -0.200847 0.707008
    outer loop
      vertex 24.2447 -6.49636 14.75
      vertex 23.8715 -7.75633 14.75
      vertex 24.6324 -8.00354 13.95
    endloop
  endfacet
  facet normal 0.958823 -0.284004 0
    outer loop
      vertex 24.6324 -8.00354 13.95
      vertex 25.0175 -6.70341 7.22666
      vertex 25.0175 -6.70341 13.95
    endloop
  endfacet
  facet normal 0.958823 -0.284004 0
    outer loop
      vertex 25.0175 -6.70341 7.22666
      vertex 24.6324 -8.00354 13.95
      vertex 24.6324 -8.00354 5.92506
    endloop
  endfacet
  facet normal 0.972377 -0.233415 0
    outer loop
      vertex 25.0175 -6.70341 13.95
      vertex 25.334 -5.38491 8.54665
      vertex 25.334 -5.38491 13.95
    endloop
  endfacet
  facet normal 0.972377 -0.233415 0
    outer loop
      vertex 25.334 -5.38491 8.54665
      vertex 25.0175 -6.70341 13.95
      vertex 25.0175 -6.70341 7.22666
    endloop
  endfacet
  facet normal 0.486791 -0.513 0.707011
    outer loop
      vertex 17.7484 -17.7484 14.75
      vertex 16.7952 -18.6529 14.75
      vertex 17.3305 -19.2475 13.95
    endloop
  endfacet
  facet normal 0.486817 -0.512999 0.706995
    outer loop
      vertex 17.7484 -17.7484 14.75
      vertex 17.3305 -19.2475 13.95
      vertex 18.3141 -18.3141 13.95
    endloop
  endfacet
  facet normal 0.513 -0.486791 0.707011
    outer loop
      vertex 18.6529 -16.7952 14.75
      vertex 17.7484 -17.7484 14.75
      vertex 19.2475 -17.3305 13.95
    endloop
  endfacet
  facet normal 0.582861 -0.400576 0.706973
    outer loop
      vertex 21.0506 -13.6704 14.75
      vertex 20.3063 -14.7534 14.75
      vertex 20.9535 -15.2236 13.95
    endloop
  endfacet
  facet normal 0.582776 -0.4006 0.70703
    outer loop
      vertex 21.0506 -13.6704 14.75
      vertex 20.9535 -15.2236 13.95
      vertex 21.7216 -14.1062 13.95
    endloop
  endfacet
  facet normal 0.304452 -0.638343 0.706985
    outer loop
      vertex 11.3952 -22.3643 14.75
      vertex 10.2091 -22.93 14.75
      vertex 11.7584 -23.0771 13.95
    endloop
  endfacet
  facet normal 0.233415 -0.972377 0
    outer loop
      vertex 5.38491 -25.334 8.75
      vertex 6.70341 -25.0175 13.95
      vertex 5.38491 -25.334 13.95
    endloop
  endfacet
  facet normal 0.233415 -0.972377 0
    outer loop
      vertex 6.70341 -25.0175 13.95
      vertex 5.38491 -25.334 8.75
      vertex 6.70341 -25.0175 8.75
    endloop
  endfacet
  facet normal 0.165072 -0.687668 0.70701
    outer loop
      vertex 6.49636 -24.2447 14.75
      vertex 5.38491 -25.334 13.95
      vertex 6.70341 -25.0175 13.95
    endloop
  endfacet
  facet normal 0.128883 -0.695407 0.706964
    outer loop
      vertex 5.38491 -25.334 13.95
      vertex 3.9265 -24.791 14.75
      vertex 4.05165 -25.5811 13.95
    endloop
  endfacet
  facet normal 0.128898 -0.69539 0.706978
    outer loop
      vertex 5.21858 -24.5515 14.75
      vertex 3.9265 -24.791 14.75
      vertex 5.38491 -25.334 13.95
    endloop
  endfacet
  facet normal 0.182232 -0.983256 0
    outer loop
      vertex 4.05165 -25.5811 8.75
      vertex 5.38491 -25.334 13.95
      vertex 4.05165 -25.5811 13.95
    endloop
  endfacet
  facet normal 0.182232 -0.983256 0
    outer loop
      vertex 5.38491 -25.334 13.95
      vertex 4.05165 -25.5811 8.75
      vertex 5.38491 -25.334 8.75
    endloop
  endfacet
  facet normal 0.130535 -0.991444 0
    outer loop
      vertex 2.70729 -25.7581 8.75
      vertex 4.05165 -25.5811 13.95
      vertex 2.70729 -25.7581 13.95
    endloop
  endfacet
  facet normal 0.130535 -0.991444 0
    outer loop
      vertex 4.05165 -25.5811 13.95
      vertex 2.70729 -25.7581 8.75
      vertex 4.05165 -25.5811 8.75
    endloop
  endfacet
  facet normal 0.566472 -0.824081 0
    outer loop
      vertex 14.1062 -21.7216 8.75
      vertex 15.2236 -20.9535 13.95
      vertex 14.1062 -21.7216 13.95
    endloop
  endfacet
  facet normal 0.566472 -0.824081 0
    outer loop
      vertex 15.2236 -20.9535 13.95
      vertex 14.1062 -21.7216 8.75
      vertex 15.2236 -20.9535 8.75
    endloop
  endfacet
  facet normal 0.653415 -0.270664 0.706958
    outer loop
      vertex 23.4329 -8.99504 14.75
      vertex 22.93 -10.2091 14.75
      vertex 24.1797 -9.28173 13.95
    endloop
  endfacet
  facet normal 0.923883 -0.382674 0
    outer loop
      vertex 23.6608 -10.5345 13.95
      vertex 24.1797 -9.28173 4.62212
      vertex 24.1797 -9.28173 13.95
    endloop
  endfacet
  facet normal 0.925375 -0.379051 0.000569599
    outer loop
      vertex 24.1797 -9.28173 4.62212
      vertex 23.6608 -10.5345 13.95
      vertex 24.1766 -9.28931 4.61414
    endloop
  endfacet
  facet normal 0.923906 -0.38262 1.23983e-05
    outer loop
      vertex 24.1766 -9.28931 4.61414
      vertex 23.6608 -10.5345 13.95
      vertex 24.0006 -9.71431 4.11652
    endloop
  endfacet
  facet normal 0.923817 -0.382835 -8.60284e-06
    outer loop
      vertex 24.0006 -9.71431 4.11652
      vertex 23.6608 -10.5345 13.95
      vertex 23.8355 -10.1127 3.59732
    endloop
  endfacet
  facet normal 0.923921 -0.382583 3.40684e-06
    outer loop
      vertex 23.8355 -10.1127 3.59732
      vertex 23.6608 -10.5345 13.95
      vertex 23.682 -10.4834 3.058
    endloop
  endfacet
  facet normal 0.923664 -0.383203 0
    outer loop
      vertex 23.682 -10.4834 3.058
      vertex 23.6608 -10.5345 13.95
      vertex 23.6608 -10.5345 2.9746
    endloop
  endfacet
  facet normal 0.638343 -0.304452 0.706985
    outer loop
      vertex 22.93 -10.2091 14.75
      vertex 22.3643 -11.3952 14.75
      vertex 23.0771 -11.7584 13.95
    endloop
  endfacet
  facet normal 0.621521 -0.337466 0.706985
    outer loop
      vertex 23.0771 -11.7584 13.95
      vertex 22.3643 -11.3952 14.75
      vertex 22.4301 -12.95 13.95
    endloop
  endfacet
  facet normal 0.459278 -0.537771 0.707012
    outer loop
      vertex 16.7952 -18.6529 14.75
      vertex 16.2994 -20.1281 13.95
      vertex 17.3305 -19.2475 13.95
    endloop
  endfacet
  facet normal 0.430517 0.561087 0.706991
    outer loop
      vertex 16.2994 20.1281 13.95
      vertex 14.7534 20.3063 14.75
      vertex 15.7959 19.5064 14.75
    endloop
  endfacet
  facet normal 0.0923206 0.701199 0.706964
    outer loop
      vertex 4.05165 25.5811 13.95
      vertex 2.70729 25.7581 13.95
      vertex 3.9265 24.791 14.75
    endloop
  endfacet
  facet normal 0.0784678 0.996917 -0
    outer loop
      vertex 2.70729 25.7581 8.75
      vertex 1.3555 25.8645 13.95
      vertex 2.70729 25.7581 13.95
    endloop
  endfacet
  facet normal 0.0784678 0.996917 0
    outer loop
      vertex 1.3555 25.8645 13.95
      vertex 2.70729 25.7581 8.75
      vertex 1.3555 25.8645 8.75
    endloop
  endfacet
  facet normal 0.200847 0.678085 0.707008
    outer loop
      vertex 8.00354 24.6324 13.95
      vertex 6.49636 24.2447 14.75
      vertex 7.75633 23.8715 14.75
    endloop
  endfacet
  facet normal 0.200849 0.678083 0.70701
    outer loop
      vertex 6.70341 25.0175 13.95
      vertex 6.49636 24.2447 14.75
      vertex 8.00354 24.6324 13.95
    endloop
  endfacet
  facet normal 0.128883 0.695407 0.706964
    outer loop
      vertex 4.05165 25.5811 13.95
      vertex 3.9265 24.791 14.75
      vertex 5.38491 25.334 13.95
    endloop
  endfacet
  facet normal -0.128898 0.69539 0.706978
    outer loop
      vertex -3.9265 24.791 14.75
      vertex -5.38491 25.334 13.95
      vertex -5.21858 24.5515 14.75
    endloop
  endfacet
  facet normal -0.649165 0.760111 -0.028554
    outer loop
      vertex -16.2994 20.1281 8.75
      vertex -19.4016 17.15 0
      vertex -17.3305 19.2475 8.75
    endloop
  endfacet
  facet normal -0.688354 0.725375 0
    outer loop
      vertex -17.3305 19.2475 8.75
      vertex -18.3141 18.3141 13.95
      vertex -17.3305 19.2475 13.95
    endloop
  endfacet
  facet normal -0.688354 0.725375 0
    outer loop
      vertex -18.3141 18.3141 13.95
      vertex -17.3305 19.2475 8.75
      vertex -18.3141 18.3141 8.75
    endloop
  endfacet
  facet normal -0.369517 0.602981 0.707016
    outer loop
      vertex -12.95 22.4301 13.95
      vertex -13.6704 21.0506 14.75
      vertex -12.55 21.7372 14.75
    endloop
  endfacet
  facet normal -0.4006 0.582776 0.70703
    outer loop
      vertex -14.1062 21.7216 13.95
      vertex -15.2236 20.9535 13.95
      vertex -13.6704 21.0506 14.75
    endloop
  endfacet
  facet normal -0.369495 0.602978 0.70703
    outer loop
      vertex -12.95 22.4301 13.95
      vertex -14.1062 21.7216 13.95
      vertex -13.6704 21.0506 14.75
    endloop
  endfacet
  facet normal -0.566472 0.824081 0
    outer loop
      vertex -14.1062 21.7216 8.75
      vertex -15.2236 20.9535 13.95
      vertex -14.1062 21.7216 13.95
    endloop
  endfacet
  facet normal -0.566472 0.824081 0
    outer loop
      vertex -15.2236 20.9535 13.95
      vertex -14.1062 21.7216 8.75
      vertex -15.2236 20.9535 8.75
    endloop
  endfacet
  facet normal -0.607827 0.792222 -0.054139
    outer loop
      vertex -15.2236 20.9535 8.75
      vertex -19.4016 17.15 0
      vertex -16.2994 20.1281 8.75
    endloop
  endfacet
  facet normal -0.200849 0.678083 0.70701
    outer loop
      vertex -6.70341 25.0175 13.95
      vertex -8.00354 24.6324 13.95
      vertex -6.49636 24.2447 14.75
    endloop
  endfacet
  facet normal -0.999657 -0.0261806 0
    outer loop
      vertex -25.8645 -1.3555 8.75
      vertex -25.9 0 13.95
      vertex -25.9 0 8.75
    endloop
  endfacet
  facet normal -0.999657 -0.0261806 0
    outer loop
      vertex -25.9 0 13.95
      vertex -25.8645 -1.3555 8.75
      vertex -25.8645 -1.3555 13.95
    endloop
  endfacet
  facet normal -0.666677 0.236119 0.706959
    outer loop
      vertex -24.1797 9.28173 13.95
      vertex -24.6324 8.00354 13.95
      vertex -23.4329 8.99504 14.75
    endloop
  endfacet
  facet normal -0.942603 0.333915 0
    outer loop
      vertex -24.3366 8.83882 5.08884
      vertex -24.1797 9.28173 13.95
      vertex -24.1797 9.28173 4.62212
    endloop
  endfacet
  facet normal -0.942636 0.333823 5.17339e-06
    outer loop
      vertex -24.6324 8.00354 5.92506
      vertex -24.1797 9.28173 13.95
      vertex -24.3366 8.83882 5.08884
    endloop
  endfacet
  facet normal -0.942625 0.333852 0
    outer loop
      vertex -24.1797 9.28173 13.95
      vertex -24.6324 8.00354 5.92506
      vertex -24.6324 8.00354 13.95
    endloop
  endfacet
  facet normal -0.923664 0.383203 0
    outer loop
      vertex -23.682 10.4834 3.058
      vertex -23.6608 10.5345 13.95
      vertex -23.6608 10.5345 2.9746
    endloop
  endfacet
  facet normal -0.923921 0.382583 3.40684e-06
    outer loop
      vertex -23.8355 10.1127 3.59732
      vertex -23.6608 10.5345 13.95
      vertex -23.682 10.4834 3.058
    endloop
  endfacet
  facet normal -0.923817 0.382835 -8.60284e-06
    outer loop
      vertex -24.0006 9.71431 4.11652
      vertex -23.6608 10.5345 13.95
      vertex -23.8355 10.1127 3.59732
    endloop
  endfacet
  facet normal -0.923906 0.38262 1.23983e-05
    outer loop
      vertex -24.1766 9.28931 4.61414
      vertex -23.6608 10.5345 13.95
      vertex -24.0006 9.71431 4.11652
    endloop
  endfacet
  facet normal -0.925375 0.379051 0.000569599
    outer loop
      vertex -24.1797 9.28173 4.62212
      vertex -23.6608 10.5345 13.95
      vertex -24.1766 9.28931 4.61414
    endloop
  endfacet
  facet normal -0.923883 0.382674 0
    outer loop
      vertex -23.6608 10.5345 13.95
      vertex -24.1797 9.28173 4.62212
      vertex -24.1797 9.28173 13.95
    endloop
  endfacet
  facet normal 0 0 1
    outer loop
      vertex 5.21858 24.5515 14.75
      vertex 5.85833 23.5833 14.75
      vertex 6.49636 24.2447 14.75
    endloop
  endfacet
  facet normal 0 0 1
    outer loop
      vertex 5.21858 24.5515 14.75
      vertex 4.57435 23.8656 14.75
      vertex 5.85833 23.5833 14.75
    endloop
  endfacet
  facet normal 0 0 1
    outer loop
      vertex 3.9265 24.791 14.75
      vertex 4.57435 23.8656 14.75
      vertex 5.21858 24.5515 14.75
    endloop
  endfacet
  facet normal 0 0 1
    outer loop
      vertex 3.9265 24.791 14.75
      vertex 3.27699 24.078 14.75
      vertex 4.57435 23.8656 14.75
    endloop
  endfacet
  facet normal 0 0 1
    outer loop
      vertex 2.62366 24.9625 14.75
      vertex 3.27699 24.078 14.75
      vertex 3.9265 24.791 14.75
    endloop
  endfacet
  facet normal 0 0 1
    outer loop
      vertex 2.62366 24.9625 14.75
      vertex 1.97004 24.22 14.75
      vertex 3.27699 24.078 14.75
    endloop
  endfacet
  facet normal 0 0 1
    outer loop
      vertex 1.31363 25.0656 14.75
      vertex 1.97004 24.22 14.75
      vertex 2.62366 24.9625 14.75
    endloop
  endfacet
  facet normal 0 0 1
    outer loop
      vertex 1.31363 25.0656 14.75
      vertex 0.657321 24.2911 14.75
      vertex 1.97004 24.22 14.75
    endloop
  endfacet
  facet normal 0 0 1
    outer loop
      vertex 0 25.1 14.75
      vertex 0.657321 24.2911 14.75
      vertex 1.31363 25.0656 14.75
    endloop
  endfacet
  facet normal 0 0 1
    outer loop
      vertex 0 25.1 14.75
      vertex -0.657321 24.2911 14.75
      vertex 0.657321 24.2911 14.75
    endloop
  endfacet
  facet normal -0 0 1
    outer loop
      vertex -1.31363 25.0656 14.75
      vertex -0.657321 24.2911 14.75
      vertex 0 25.1 14.75
    endloop
  endfacet
  facet normal 0 0 1
    outer loop
      vertex -1.31363 25.0656 14.75
      vertex -1.97004 24.22 14.75
      vertex -0.657321 24.2911 14.75
    endloop
  endfacet
  facet normal -0 0 1
    outer loop
      vertex -2.62366 24.9625 14.75
      vertex -1.97004 24.22 14.75
      vertex -1.31363 25.0656 14.75
    endloop
  endfacet
  facet normal 0 0 1
    outer loop
      vertex -2.62366 24.9625 14.75
      vertex -3.27699 24.078 14.75
      vertex -1.97004 24.22 14.75
    endloop
  endfacet
  facet normal -0 0 1
    outer loop
      vertex -3.9265 24.791 14.75
      vertex -3.27699 24.078 14.75
      vertex -2.62366 24.9625 14.75
    endloop
  endfacet
  facet normal 0 0 1
    outer loop
      vertex -3.9265 24.791 14.75
      vertex -4.57435 23.8656 14.75
      vertex -3.27699 24.078 14.75
    endloop
  endfacet
  facet normal -0 0 1
    outer loop
      vertex -5.21858 24.5515 14.75
      vertex -4.57435 23.8656 14.75
      vertex -3.9265 24.791 14.75
    endloop
  endfacet
  facet normal 0 0 1
    outer loop
      vertex -5.21858 24.5515 14.75
      vertex -5.85833 23.5833 14.75
      vertex -4.57435 23.8656 14.75
    endloop
  endfacet
  facet normal 0 -0 1
    outer loop
      vertex -5.85833 23.5833 14.75
      vertex -5.21858 24.5515 14.75
      vertex -6.49636 24.2447 14.75
    endloop
  endfacet
  facet normal -0 0 1
    outer loop
      vertex 24.2911 0.657321 14.75
      vertex 25.1 0 14.75
      vertex 25.0656 1.31363 14.75
    endloop
  endfacet
  facet normal -0 0 1
    outer loop
      vertex 24.22 1.97004 14.75
      vertex 25.0656 1.31363 14.75
      vertex 24.9625 2.62366 14.75
    endloop
  endfacet
  facet normal 0 0 1
    outer loop
      vertex 24.2911 -0.657321 14.75
      vertex 25.1 0 14.75
      vertex 24.2911 0.657321 14.75
    endloop
  endfacet
  facet normal -0 0 1
    outer loop
      vertex 24.078 3.27699 14.75
      vertex 24.9625 2.62366 14.75
      vertex 24.791 3.9265 14.75
    endloop
  endfacet
  facet normal 0 0 1
    outer loop
      vertex 25.1 0 14.75
      vertex 24.2911 -0.657321 14.75
      vertex 25.0656 -1.31363 14.75
    endloop
  endfacet
  facet normal -0 0 1
    outer loop
      vertex 23.8656 4.57435 14.75
      vertex 24.791 3.9265 14.75
      vertex 24.5515 5.21858 14.75
    endloop
  endfacet
  facet normal 0 0 1
    outer loop
      vertex 24.22 -1.97004 14.75
      vertex 25.0656 -1.31363 14.75
      vertex 24.2911 -0.657321 14.75
    endloop
  endfacet
  facet normal 0 0 1
    outer loop
      vertex 25.0656 -1.31363 14.75
      vertex 24.22 -1.97004 14.75
      vertex 24.9625 -2.62366 14.75
    endloop
  endfacet
  facet normal -0 0 1
    outer loop
      vertex 23.5833 5.85833 14.75
      vertex 24.5515 5.21858 14.75
      vertex 24.2447 6.49636 14.75
    endloop
  endfacet
  facet normal 0 0 1
    outer loop
      vertex 25.0656 1.31363 14.75
      vertex 24.22 1.97004 14.75
      vertex 24.2911 0.657321 14.75
    endloop
  endfacet
  facet normal 0 0 1
    outer loop
      vertex 24.9625 2.62366 14.75
      vertex 24.078 3.27699 14.75
      vertex 24.22 1.97004 14.75
    endloop
  endfacet
  facet normal 0 0 1
    outer loop
      vertex 23.5833 5.85833 14.75
      vertex 24.2447 6.49636 14.75
      vertex 23.8715 7.75633 14.75
    endloop
  endfacet
  facet normal 0 0 1
    outer loop
      vertex 24.791 3.9265 14.75
      vertex 23.8656 4.57435 14.75
      vertex 24.078 3.27699 14.75
    endloop
  endfacet
  facet normal 0 0 1
    outer loop
      vertex 24.5515 5.21858 14.75
      vertex 23.5833 5.85833 14.75
      vertex 23.8656 4.57435 14.75
    endloop
  endfacet
  facet normal 0 0 1
    outer loop
      vertex 21.2086 6.89108 14.75
      vertex 23.8715 7.75633 14.75
      vertex 23.4329 8.99504 14.75
    endloop
  endfacet
  facet normal 0 0 1
    outer loop
      vertex 20.8188 7.9916 14.75
      vertex 23.4329 8.99504 14.75
      vertex 22.93 10.2091 14.75
    endloop
  endfacet
  facet normal 0 -0 1
    outer loop
      vertex 22.8069 5.66546 14.75
      vertex 23.8715 7.75633 14.75
      vertex 21.2086 6.89108 14.75
    endloop
  endfacet
  facet normal 0 0 1
    outer loop
      vertex 20.3721 9.07023 14.75
      vertex 22.93 10.2091 14.75
      vertex 22.3643 11.3952 14.75
    endloop
  endfacet
  facet normal 0 0 1
    outer loop
      vertex 19.8694 10.124 14.75
      vertex 22.3643 11.3952 14.75
      vertex 21.7372 12.55 14.75
    endloop
  endfacet
  facet normal 0 0 1
    outer loop
      vertex 23.4329 8.99504 14.75
      vertex 20.8188 7.9916 14.75
      vertex 21.2086 6.89108 14.75
    endloop
  endfacet
  facet normal 0 0 1
    outer loop
      vertex 22.8069 5.66546 14.75
      vertex 21.5401 5.77166 14.75
      vertex 21.6355 5.37448 14.75
    endloop
  endfacet
  facet normal 0 0 1
    outer loop
      vertex 22.8069 5.66546 14.75
      vertex 21.2086 6.89108 14.75
      vertex 21.5401 5.77166 14.75
    endloop
  endfacet
  facet normal 0 0 1
    outer loop
      vertex 19.3124 11.15 14.75
      vertex 21.7372 12.55 14.75
      vertex 21.0506 13.6704 14.75
    endloop
  endfacet
  facet normal 0 0 1
    outer loop
      vertex 23.8715 7.75633 14.75
      vertex 22.8069 5.66546 14.75
      vertex 23.5833 5.85833 14.75
    endloop
  endfacet
  facet normal 0 0 1
    outer loop
      vertex 22.93 10.2091 14.75
      vertex 20.3721 9.07023 14.75
      vertex 20.8188 7.9916 14.75
    endloop
  endfacet
  facet normal 0 0 1
    outer loop
      vertex 18.7024 12.1454 14.75
      vertex 21.0506 13.6704 14.75
      vertex 20.3063 14.7534 14.75
    endloop
  endfacet
  facet normal 0 0 1
    outer loop
      vertex 22.3643 11.3952 14.75
      vertex 19.8694 10.124 14.75
      vertex 20.3721 9.07023 14.75
    endloop
  endfacet
  facet normal 0 0 1
    outer loop
      vertex 18.0411 13.1076 14.75
      vertex 20.3063 14.7534 14.75
      vertex 19.5064 15.7959 14.75
    endloop
  endfacet
  facet normal 0 0 1
    outer loop
      vertex 21.7372 12.55 14.75
      vertex 19.3124 11.15 14.75
      vertex 19.8694 10.124 14.75
    endloop
  endfacet
  facet normal 0 0 1
    outer loop
      vertex 21.0506 13.6704 14.75
      vertex 18.7024 12.1454 14.75
      vertex 19.3124 11.15 14.75
    endloop
  endfacet
  facet normal 0 0 1
    outer loop
      vertex 17.3304 14.0338 14.75
      vertex 19.5064 15.7959 14.75
      vertex 18.6529 16.7952 14.75
    endloop
  endfacet
  facet normal 0 0 1
    outer loop
      vertex 20.3063 14.7534 14.75
      vertex 18.0411 13.1076 14.75
      vertex 18.7024 12.1454 14.75
    endloop
  endfacet
  facet normal 0 0 1
    outer loop
      vertex 16.5721 14.9216 14.75
      vertex 18.6529 16.7952 14.75
      vertex 17.7484 17.7484 14.75
    endloop
  endfacet
  facet normal 0 0 1
    outer loop
      vertex 19.5064 15.7959 14.75
      vertex 17.3304 14.0338 14.75
      vertex 18.0411 13.1076 14.75
    endloop
  endfacet
  facet normal 0 0 1
    outer loop
      vertex 15.7685 15.7685 14.75
      vertex 17.7484 17.7484 14.75
      vertex 16.7952 18.6529 14.75
    endloop
  endfacet
  facet normal 0 0 1
    outer loop
      vertex 18.6529 16.7952 14.75
      vertex 16.5721 14.9216 14.75
      vertex 17.3304 14.0338 14.75
    endloop
  endfacet
  facet normal 0 0 1
    outer loop
      vertex 14.9216 16.5721 14.75
      vertex 16.7952 18.6529 14.75
      vertex 15.7959 19.5064 14.75
    endloop
  endfacet
  facet normal 0 0 1
    outer loop
      vertex 17.7484 17.7484 14.75
      vertex 15.7685 15.7685 14.75
      vertex 16.5721 14.9216 14.75
    endloop
  endfacet
  facet normal 0 0 1
    outer loop
      vertex 16.7952 18.6529 14.75
      vertex 14.9216 16.5721 14.75
      vertex 15.7685 15.7685 14.75
    endloop
  endfacet
  facet normal 0 0 1
    outer loop
      vertex 14.0338 17.3304 14.75
      vertex 15.7959 19.5064 14.75
      vertex 14.7534 20.3063 14.75
    endloop
  endfacet
  facet normal 0 0 1
    outer loop
      vertex 15.7959 19.5064 14.75
      vertex 14.0338 17.3304 14.75
      vertex 14.9216 16.5721 14.75
    endloop
  endfacet
  facet normal 0 0 1
    outer loop
      vertex 13.1076 18.0411 14.75
      vertex 14.7534 20.3063 14.75
      vertex 13.6704 21.0506 14.75
    endloop
  endfacet
  facet normal 0 0 1
    outer loop
      vertex 14.7534 20.3063 14.75
      vertex 13.1076 18.0411 14.75
      vertex 14.0338 17.3304 14.75
    endloop
  endfacet
  facet normal 0 0 1
    outer loop
      vertex 12.1454 18.7024 14.75
      vertex 13.6704 21.0506 14.75
      vertex 12.55 21.7372 14.75
    endloop
  endfacet
  facet normal 0 0 1
    outer loop
      vertex 13.6704 21.0506 14.75
      vertex 12.1454 18.7024 14.75
      vertex 13.1076 18.0411 14.75
    endloop
  endfacet
  facet normal 0 0 1
    outer loop
      vertex 11.15 19.3124 14.75
      vertex 12.55 21.7372 14.75
      vertex 11.3952 22.3643 14.75
    endloop
  endfacet
  facet normal 0 0 1
    outer loop
      vertex 12.55 21.7372 14.75
      vertex 11.15 19.3124 14.75
      vertex 12.1454 18.7024 14.75
    endloop
  endfacet
  facet normal 0 0 1
    outer loop
      vertex 10.124 19.8694 14.75
      vertex 11.3952 22.3643 14.75
      vertex 10.2091 22.93 14.75
    endloop
  endfacet
  facet normal 0 0 1
    outer loop
      vertex 11.3952 22.3643 14.75
      vertex 10.124 19.8694 14.75
      vertex 11.15 19.3124 14.75
    endloop
  endfacet
  facet normal 0 0 1
    outer loop
      vertex 10.2091 22.93 14.75
      vertex 9.07023 20.3721 14.75
      vertex 10.124 19.8694 14.75
    endloop
  endfacet
  facet normal 0 0 1
    outer loop
      vertex 8.99504 23.4329 14.75
      vertex 9.07023 20.3721 14.75
      vertex 10.2091 22.93 14.75
    endloop
  endfacet
  facet normal 0 0 1
    outer loop
      vertex 8.99504 23.4329 14.75
      vertex 7.9916 20.8188 14.75
      vertex 9.07023 20.3721 14.75
    endloop
  endfacet
  facet normal 0 0 1
    outer loop
      vertex 7.75633 23.8715 14.75
      vertex 7.9916 20.8188 14.75
      vertex 8.99504 23.4329 14.75
    endloop
  endfacet
  facet normal 0 0 1
    outer loop
      vertex 7.75633 23.8715 14.75
      vertex 6.89108 21.2086 14.75
      vertex 7.9916 20.8188 14.75
    endloop
  endfacet
  facet normal 0 0 1
    outer loop
      vertex 5.85833 23.5833 14.75
      vertex 7.75633 23.8715 14.75
      vertex 6.49636 24.2447 14.75
    endloop
  endfacet
  facet normal 0 0 1
    outer loop
      vertex 5.66546 22.8069 14.75
      vertex 7.75633 23.8715 14.75
      vertex 5.85833 23.5833 14.75
    endloop
  endfacet
  facet normal 0 0 1
    outer loop
      vertex 7.75633 23.8715 14.75
      vertex 5.66546 22.8069 14.75
      vertex 6.89108 21.2086 14.75
    endloop
  endfacet
  facet normal 0 0 1
    outer loop
      vertex 6.89108 21.2086 14.75
      vertex 5.66546 22.8069 14.75
      vertex 5.77166 21.5401 14.75
    endloop
  endfacet
  facet normal 0 0 1
    outer loop
      vertex 5.77166 21.5401 14.75
      vertex 5.66546 22.8069 14.75
      vertex 5.37448 21.6355 14.75
    endloop
  endfacet
  facet normal 0 0 1
    outer loop
      vertex 24.078 -3.27699 14.75
      vertex 24.9625 -2.62366 14.75
      vertex 24.22 -1.97004 14.75
    endloop
  endfacet
  facet normal 0 0 1
    outer loop
      vertex 24.9625 -2.62366 14.75
      vertex 24.078 -3.27699 14.75
      vertex 24.791 -3.9265 14.75
    endloop
  endfacet
  facet normal 0 0 1
    outer loop
      vertex 23.8656 -4.57435 14.75
      vertex 24.791 -3.9265 14.75
      vertex 24.078 -3.27699 14.75
    endloop
  endfacet
  facet normal 0 0 1
    outer loop
      vertex 24.791 -3.9265 14.75
      vertex 23.8656 -4.57435 14.75
      vertex 24.5515 -5.21858 14.75
    endloop
  endfacet
  facet normal 0 0 1
    outer loop
      vertex 23.5833 -5.85833 14.75
      vertex 24.5515 -5.21858 14.75
      vertex 23.8656 -4.57435 14.75
    endloop
  endfacet
  facet normal 0 0 1
    outer loop
      vertex 24.5515 -5.21858 14.75
      vertex 23.5833 -5.85833 14.75
      vertex 24.2447 -6.49636 14.75
    endloop
  endfacet
  facet normal 0 0 1
    outer loop
      vertex 24.2447 -6.49636 14.75
      vertex 23.5833 -5.85833 14.75
      vertex 23.8715 -7.75633 14.75
    endloop
  endfacet
  facet normal 0 0 1
    outer loop
      vertex 22.8069 -5.66546 14.75
      vertex 23.8715 -7.75633 14.75
      vertex 23.5833 -5.85833 14.75
    endloop
  endfacet
  facet normal 0 0 1
    outer loop
      vertex 23.8715 -7.75633 14.75
      vertex 21.2086 -6.89108 14.75
      vertex 23.4329 -8.99504 14.75
    endloop
  endfacet
  facet normal 0 0 1
    outer loop
      vertex 23.8715 -7.75633 14.75
      vertex 22.8069 -5.66546 14.75
      vertex 21.2086 -6.89108 14.75
    endloop
  endfacet
  facet normal -0 0 1
    outer loop
      vertex 20.8188 -7.9916 14.75
      vertex 23.4329 -8.99504 14.75
      vertex 21.2086 -6.89108 14.75
    endloop
  endfacet
  facet normal -0 0 1
    outer loop
      vertex 20.3721 -9.07023 14.75
      vertex 22.93 -10.2091 14.75
      vertex 20.8188 -7.9916 14.75
    endloop
  endfacet
  facet normal 0 0 1
    outer loop
      vertex 21.5401 -5.77166 14.75
      vertex 22.8069 -5.66546 14.75
      vertex 21.6355 -5.37448 14.75
    endloop
  endfacet
  facet normal 0 0 1
    outer loop
      vertex 21.2086 -6.89108 14.75
      vertex 22.8069 -5.66546 14.75
      vertex 21.5401 -5.77166 14.75
    endloop
  endfacet
  facet normal 0 0 1
    outer loop
      vertex 23.4329 -8.99504 14.75
      vertex 20.8188 -7.9916 14.75
      vertex 22.93 -10.2091 14.75
    endloop
  endfacet
  facet normal 0 0 1
    outer loop
      vertex 22.93 -10.2091 14.75
      vertex 20.3721 -9.07023 14.75
      vertex 22.3643 -11.3952 14.75
    endloop
  endfacet
  facet normal -0 0 1
    outer loop
      vertex 19.8694 -10.124 14.75
      vertex 22.3643 -11.3952 14.75
      vertex 20.3721 -9.07023 14.75
    endloop
  endfacet
  facet normal 0 0 1
    outer loop
      vertex 22.3643 -11.3952 14.75
      vertex 19.8694 -10.124 14.75
      vertex 21.7372 -12.55 14.75
    endloop
  endfacet
  facet normal -0 0 1
    outer loop
      vertex 19.3124 -11.15 14.75
      vertex 21.7372 -12.55 14.75
      vertex 19.8694 -10.124 14.75
    endloop
  endfacet
  facet normal 0 0 1
    outer loop
      vertex 21.7372 -12.55 14.75
      vertex 19.3124 -11.15 14.75
      vertex 21.0506 -13.6704 14.75
    endloop
  endfacet
  facet normal -0 0 1
    outer loop
      vertex 18.7024 -12.1454 14.75
      vertex 21.0506 -13.6704 14.75
      vertex 19.3124 -11.15 14.75
    endloop
  endfacet
  facet normal 0 0 1
    outer loop
      vertex 21.0506 -13.6704 14.75
      vertex 18.7024 -12.1454 14.75
      vertex 20.3063 -14.7534 14.75
    endloop
  endfacet
  facet normal -0 0 1
    outer loop
      vertex 18.0411 -13.1076 14.75
      vertex 20.3063 -14.7534 14.75
      vertex 18.7024 -12.1454 14.75
    endloop
  endfacet
  facet normal 0 0 1
    outer loop
      vertex 20.3063 -14.7534 14.75
      vertex 18.0411 -13.1076 14.75
      vertex 19.5064 -15.7959 14.75
    endloop
  endfacet
  facet normal -0 0 1
    outer loop
      vertex 17.3304 -14.0338 14.75
      vertex 19.5064 -15.7959 14.75
      vertex 18.0411 -13.1076 14.75
    endloop
  endfacet
  facet normal 0 0 1
    outer loop
      vertex 19.5064 -15.7959 14.75
      vertex 17.3304 -14.0338 14.75
      vertex 18.6529 -16.7952 14.75
    endloop
  endfacet
  facet normal -0 0 1
    outer loop
      vertex 16.5721 -14.9216 14.75
      vertex 18.6529 -16.7952 14.75
      vertex 17.3304 -14.0338 14.75
    endloop
  endfacet
  facet normal 0 0 1
    outer loop
      vertex 18.6529 -16.7952 14.75
      vertex 16.5721 -14.9216 14.75
      vertex 17.7484 -17.7484 14.75
    endloop
  endfacet
  facet normal -0 0 1
    outer loop
      vertex 15.7685 -15.7685 14.75
      vertex 17.7484 -17.7484 14.75
      vertex 16.5721 -14.9216 14.75
    endloop
  endfacet
  facet normal 0 0 1
    outer loop
      vertex 17.7484 -17.7484 14.75
      vertex 15.7685 -15.7685 14.75
      vertex 16.7952 -18.6529 14.75
    endloop
  endfacet
  facet normal -0 0 1
    outer loop
      vertex 14.9216 -16.5721 14.75
      vertex 16.7952 -18.6529 14.75
      vertex 15.7685 -15.7685 14.75
    endloop
  endfacet
  facet normal 0 0 1
    outer loop
      vertex 16.7952 -18.6529 14.75
      vertex 14.9216 -16.5721 14.75
      vertex 15.7959 -19.5064 14.75
    endloop
  endfacet
  facet normal -0 0 1
    outer loop
      vertex 14.0338 -17.3304 14.75
      vertex 15.7959 -19.5064 14.75
      vertex 14.9216 -16.5721 14.75
    endloop
  endfacet
  facet normal 0 0 1
    outer loop
      vertex 15.7959 -19.5064 14.75
      vertex 14.0338 -17.3304 14.75
      vertex 14.7534 -20.3063 14.75
    endloop
  endfacet
  facet normal -0 0 1
    outer loop
      vertex 13.1076 -18.0411 14.75
      vertex 14.7534 -20.3063 14.75
      vertex 14.0338 -17.3304 14.75
    endloop
  endfacet
  facet normal 0 0 1
    outer loop
      vertex 14.7534 -20.3063 14.75
      vertex 13.1076 -18.0411 14.75
      vertex 13.6704 -21.0506 14.75
    endloop
  endfacet
  facet normal -0 0 1
    outer loop
      vertex 12.1454 -18.7024 14.75
      vertex 13.6704 -21.0506 14.75
      vertex 13.1076 -18.0411 14.75
    endloop
  endfacet
  facet normal 0 0 1
    outer loop
      vertex 13.6704 -21.0506 14.75
      vertex 12.1454 -18.7024 14.75
      vertex 12.55 -21.7372 14.75
    endloop
  endfacet
  facet normal -0 0 1
    outer loop
      vertex 11.15 -19.3124 14.75
      vertex 12.55 -21.7372 14.75
      vertex 12.1454 -18.7024 14.75
    endloop
  endfacet
  facet normal 0 0 1
    outer loop
      vertex 12.55 -21.7372 14.75
      vertex 11.15 -19.3124 14.75
      vertex 11.3952 -22.3643 14.75
    endloop
  endfacet
  facet normal -0 0 1
    outer loop
      vertex 10.124 -19.8694 14.75
      vertex 11.3952 -22.3643 14.75
      vertex 11.15 -19.3124 14.75
    endloop
  endfacet
  facet normal 0 0 1
    outer loop
      vertex 11.3952 -22.3643 14.75
      vertex 10.124 -19.8694 14.75
      vertex 10.2091 -22.93 14.75
    endloop
  endfacet
  facet normal -0 0 1
    outer loop
      vertex 9.07023 -20.3721 14.75
      vertex 10.2091 -22.93 14.75
      vertex 10.124 -19.8694 14.75
    endloop
  endfacet
  facet normal 0 0 1
    outer loop
      vertex 9.07023 -20.3721 14.75
      vertex 8.99504 -23.4329 14.75
      vertex 10.2091 -22.93 14.75
    endloop
  endfacet
  facet normal -0 0 1
    outer loop
      vertex 7.9916 -20.8188 14.75
      vertex 8.99504 -23.4329 14.75
      vertex 9.07023 -20.3721 14.75
    endloop
  endfacet
  facet normal 0 0 1
    outer loop
      vertex 7.9916 -20.8188 14.75
      vertex 7.75633 -23.8715 14.75
      vertex 8.99504 -23.4329 14.75
    endloop
  endfacet
  facet normal -0 0 1
    outer loop
      vertex 6.89108 -21.2086 14.75
      vertex 7.75633 -23.8715 14.75
      vertex 7.9916 -20.8188 14.75
    endloop
  endfacet
  facet normal -0 0 1
    outer loop
      vertex 5.66546 -22.8069 14.75
      vertex 7.75633 -23.8715 14.75
      vertex 6.89108 -21.2086 14.75
    endloop
  endfacet
  facet normal 0 0 1
    outer loop
      vertex 7.75633 -23.8715 14.75
      vertex 5.85833 -23.5833 14.75
      vertex 6.49636 -24.2447 14.75
    endloop
  endfacet
  facet normal 0 0 1
    outer loop
      vertex 5.66546 -22.8069 14.75
      vertex 6.89108 -21.2086 14.75
      vertex 5.77166 -21.5401 14.75
    endloop
  endfacet
  facet normal 0 0 1
    outer loop
      vertex 7.75633 -23.8715 14.75
      vertex 5.66546 -22.8069 14.75
      vertex 5.85833 -23.5833 14.75
    endloop
  endfacet
  facet normal 0 -0 1
    outer loop
      vertex 5.66546 -22.8069 14.75
      vertex 5.77166 -21.5401 14.75
      vertex 5.37448 -21.6355 14.75
    endloop
  endfacet
  facet normal 0 0 1
    outer loop
      vertex 5.85833 -23.5833 14.75
      vertex 5.21858 -24.5515 14.75
      vertex 6.49636 -24.2447 14.75
    endloop
  endfacet
  facet normal -0 0 1
    outer loop
      vertex 4.57435 -23.8656 14.75
      vertex 5.21858 -24.5515 14.75
      vertex 5.85833 -23.5833 14.75
    endloop
  endfacet
  facet normal 0 0 1
    outer loop
      vertex 4.57435 -23.8656 14.75
      vertex 3.9265 -24.791 14.75
      vertex 5.21858 -24.5515 14.75
    endloop
  endfacet
  facet normal -0 0 1
    outer loop
      vertex 3.27699 -24.078 14.75
      vertex 3.9265 -24.791 14.75
      vertex 4.57435 -23.8656 14.75
    endloop
  endfacet
  facet normal 0 0 1
    outer loop
      vertex 3.27699 -24.078 14.75
      vertex 2.62366 -24.9625 14.75
      vertex 3.9265 -24.791 14.75
    endloop
  endfacet
  facet normal -0 0 1
    outer loop
      vertex 1.97004 -24.22 14.75
      vertex 2.62366 -24.9625 14.75
      vertex 3.27699 -24.078 14.75
    endloop
  endfacet
  facet normal 0 0 1
    outer loop
      vertex 1.97004 -24.22 14.75
      vertex 1.31363 -25.0656 14.75
      vertex 2.62366 -24.9625 14.75
    endloop
  endfacet
  facet normal -0 0 1
    outer loop
      vertex 0.657321 -24.2911 14.75
      vertex 1.31363 -25.0656 14.75
      vertex 1.97004 -24.22 14.75
    endloop
  endfacet
  facet normal 0 0 1
    outer loop
      vertex 0.657321 -24.2911 14.75
      vertex 0 -25.1 14.75
      vertex 1.31363 -25.0656 14.75
    endloop
  endfacet
  facet normal -0 0 1
    outer loop
      vertex -0.657321 -24.2911 14.75
      vertex 0 -25.1 14.75
      vertex 0.657321 -24.2911 14.75
    endloop
  endfacet
  facet normal 0 0 1
    outer loop
      vertex -0.657321 -24.2911 14.75
      vertex -1.31363 -25.0656 14.75
      vertex 0 -25.1 14.75
    endloop
  endfacet
  facet normal 0 0 1
    outer loop
      vertex -1.97004 -24.22 14.75
      vertex -1.31363 -25.0656 14.75
      vertex -0.657321 -24.2911 14.75
    endloop
  endfacet
  facet normal 0 0 1
    outer loop
      vertex -1.97004 -24.22 14.75
      vertex -2.62366 -24.9625 14.75
      vertex -1.31363 -25.0656 14.75
    endloop
  endfacet
  facet normal 0 0 1
    outer loop
      vertex -3.27699 -24.078 14.75
      vertex -2.62366 -24.9625 14.75
      vertex -1.97004 -24.22 14.75
    endloop
  endfacet
  facet normal 0 0 1
    outer loop
      vertex -3.27699 -24.078 14.75
      vertex -3.9265 -24.791 14.75
      vertex -2.62366 -24.9625 14.75
    endloop
  endfacet
  facet normal 0 0 1
    outer loop
      vertex -4.57435 -23.8656 14.75
      vertex -3.9265 -24.791 14.75
      vertex -3.27699 -24.078 14.75
    endloop
  endfacet
  facet normal 0 0 1
    outer loop
      vertex -4.57435 -23.8656 14.75
      vertex -5.21858 -24.5515 14.75
      vertex -3.9265 -24.791 14.75
    endloop
  endfacet
  facet normal 0 0 1
    outer loop
      vertex -5.85833 -23.5833 14.75
      vertex -5.21858 -24.5515 14.75
      vertex -4.57435 -23.8656 14.75
    endloop
  endfacet
  facet normal 0 0 1
    outer loop
      vertex -5.21858 -24.5515 14.75
      vertex -5.85833 -23.5833 14.75
      vertex -6.49636 -24.2447 14.75
    endloop
  endfacet
  facet normal 0 0 1
    outer loop
      vertex -5.66546 22.8069 14.75
      vertex -5.77166 21.5401 14.75
      vertex -5.37448 21.6355 14.75
    endloop
  endfacet
  facet normal 0 0 1
    outer loop
      vertex -7.75633 23.8715 14.75
      vertex -5.66546 22.8069 14.75
      vertex -5.85833 23.5833 14.75
    endloop
  endfacet
  facet normal -0 0 1
    outer loop
      vertex -7.75633 23.8715 14.75
      vertex -5.85833 23.5833 14.75
      vertex -6.49636 24.2447 14.75
    endloop
  endfacet
  facet normal 0 0 1
    outer loop
      vertex -5.66546 22.8069 14.75
      vertex -6.89108 21.2086 14.75
      vertex -5.77166 21.5401 14.75
    endloop
  endfacet
  facet normal 0 0 1
    outer loop
      vertex -5.66546 22.8069 14.75
      vertex -7.75633 23.8715 14.75
      vertex -6.89108 21.2086 14.75
    endloop
  endfacet
  facet normal 0 0 1
    outer loop
      vertex -7.75633 23.8715 14.75
      vertex -7.9916 20.8188 14.75
      vertex -6.89108 21.2086 14.75
    endloop
  endfacet
  facet normal -0 0 1
    outer loop
      vertex -8.99504 23.4329 14.75
      vertex -7.9916 20.8188 14.75
      vertex -7.75633 23.8715 14.75
    endloop
  endfacet
  facet normal 0 0 1
    outer loop
      vertex -8.99504 23.4329 14.75
      vertex -9.07023 20.3721 14.75
      vertex -7.9916 20.8188 14.75
    endloop
  endfacet
  facet normal -0 0 1
    outer loop
      vertex -10.2091 22.93 14.75
      vertex -9.07023 20.3721 14.75
      vertex -8.99504 23.4329 14.75
    endloop
  endfacet
  facet normal 0 0 1
    outer loop
      vertex -9.07023 20.3721 14.75
      vertex -10.2091 22.93 14.75
      vertex -10.124 19.8694 14.75
    endloop
  endfacet
  facet normal -0 0 1
    outer loop
      vertex -11.3952 22.3643 14.75
      vertex -10.124 19.8694 14.75
      vertex -10.2091 22.93 14.75
    endloop
  endfacet
  facet normal 0 0 1
    outer loop
      vertex -10.124 19.8694 14.75
      vertex -11.3952 22.3643 14.75
      vertex -11.15 19.3124 14.75
    endloop
  endfacet
  facet normal -0 0 1
    outer loop
      vertex -12.55 21.7372 14.75
      vertex -11.15 19.3124 14.75
      vertex -11.3952 22.3643 14.75
    endloop
  endfacet
  facet normal 0 0 1
    outer loop
      vertex -11.15 19.3124 14.75
      vertex -12.55 21.7372 14.75
      vertex -12.1454 18.7024 14.75
    endloop
  endfacet
  facet normal -0 0 1
    outer loop
      vertex -13.6704 21.0506 14.75
      vertex -12.1454 18.7024 14.75
      vertex -12.55 21.7372 14.75
    endloop
  endfacet
  facet normal 0 0 1
    outer loop
      vertex -12.1454 18.7024 14.75
      vertex -13.6704 21.0506 14.75
      vertex -13.1076 18.0411 14.75
    endloop
  endfacet
  facet normal -0 0 1
    outer loop
      vertex -14.7534 20.3063 14.75
      vertex -13.1076 18.0411 14.75
      vertex -13.6704 21.0506 14.75
    endloop
  endfacet
  facet normal 0 0 1
    outer loop
      vertex -13.1076 18.0411 14.75
      vertex -14.7534 20.3063 14.75
      vertex -14.0338 17.3304 14.75
    endloop
  endfacet
  facet normal -0 0 1
    outer loop
      vertex -15.7959 19.5064 14.75
      vertex -14.0338 17.3304 14.75
      vertex -14.7534 20.3063 14.75
    endloop
  endfacet
  facet normal 0 0 1
    outer loop
      vertex -14.0338 17.3304 14.75
      vertex -15.7959 19.5064 14.75
      vertex -14.9216 16.5721 14.75
    endloop
  endfacet
  facet normal -0 0 1
    outer loop
      vertex -16.7952 18.6529 14.75
      vertex -14.9216 16.5721 14.75
      vertex -15.7959 19.5064 14.75
    endloop
  endfacet
  facet normal 0 0 1
    outer loop
      vertex -14.9216 16.5721 14.75
      vertex -16.7952 18.6529 14.75
      vertex -15.7685 15.7685 14.75
    endloop
  endfacet
  facet normal -0 0 1
    outer loop
      vertex -17.7484 17.7484 14.75
      vertex -15.7685 15.7685 14.75
      vertex -16.7952 18.6529 14.75
    endloop
  endfacet
  facet normal 0 0 1
    outer loop
      vertex -15.7685 15.7685 14.75
      vertex -17.7484 17.7484 14.75
      vertex -16.5721 14.9216 14.75
    endloop
  endfacet
  facet normal -0 0 1
    outer loop
      vertex -18.6529 16.7952 14.75
      vertex -16.5721 14.9216 14.75
      vertex -17.7484 17.7484 14.75
    endloop
  endfacet
  facet normal 0 0 1
    outer loop
      vertex -16.5721 14.9216 14.75
      vertex -18.6529 16.7952 14.75
      vertex -17.3304 14.0338 14.75
    endloop
  endfacet
  facet normal -0 0 1
    outer loop
      vertex -19.5064 15.7959 14.75
      vertex -17.3304 14.0338 14.75
      vertex -18.6529 16.7952 14.75
    endloop
  endfacet
  facet normal 0 0 1
    outer loop
      vertex -17.3304 14.0338 14.75
      vertex -19.5064 15.7959 14.75
      vertex -18.0411 13.1076 14.75
    endloop
  endfacet
  facet normal -0 0 1
    outer loop
      vertex -20.3063 14.7534 14.75
      vertex -18.0411 13.1076 14.75
      vertex -19.5064 15.7959 14.75
    endloop
  endfacet
  facet normal 0 0 1
    outer loop
      vertex -18.0411 13.1076 14.75
      vertex -20.3063 14.7534 14.75
      vertex -18.7024 12.1454 14.75
    endloop
  endfacet
  facet normal -0 0 1
    outer loop
      vertex -21.0506 13.6704 14.75
      vertex -18.7024 12.1454 14.75
      vertex -20.3063 14.7534 14.75
    endloop
  endfacet
  facet normal 0 0 1
    outer loop
      vertex -18.7024 12.1454 14.75
      vertex -21.0506 13.6704 14.75
      vertex -19.3124 11.15 14.75
    endloop
  endfacet
  facet normal -0 0 1
    outer loop
      vertex -21.7372 12.55 14.75
      vertex -19.3124 11.15 14.75
      vertex -21.0506 13.6704 14.75
    endloop
  endfacet
  facet normal 0 0 1
    outer loop
      vertex -19.3124 11.15 14.75
      vertex -21.7372 12.55 14.75
      vertex -19.8694 10.124 14.75
    endloop
  endfacet
  facet normal -0 0 1
    outer loop
      vertex -22.3643 11.3952 14.75
      vertex -19.8694 10.124 14.75
      vertex -21.7372 12.55 14.75
    endloop
  endfacet
  facet normal 0 0 1
    outer loop
      vertex -19.8694 10.124 14.75
      vertex -22.3643 11.3952 14.75
      vertex -20.3721 9.07023 14.75
    endloop
  endfacet
  facet normal -0 0 1
    outer loop
      vertex -22.93 10.2091 14.75
      vertex -20.3721 9.07023 14.75
      vertex -22.3643 11.3952 14.75
    endloop
  endfacet
  facet normal 0 0 1
    outer loop
      vertex -20.3721 9.07023 14.75
      vertex -22.93 10.2091 14.75
      vertex -20.8188 7.9916 14.75
    endloop
  endfacet
  facet normal -0 0 1
    outer loop
      vertex -23.4329 8.99504 14.75
      vertex -20.8188 7.9916 14.75
      vertex -22.93 10.2091 14.75
    endloop
  endfacet
  facet normal 0 0 1
    outer loop
      vertex -20.8188 7.9916 14.75
      vertex -23.4329 8.99504 14.75
      vertex -21.2086 6.89108 14.75
    endloop
  endfacet
  facet normal -0 0 1
    outer loop
      vertex -23.8715 7.75633 14.75
      vertex -21.2086 6.89108 14.75
      vertex -23.4329 8.99504 14.75
    endloop
  endfacet
  facet normal 0 -0 1
    outer loop
      vertex -22.8069 5.66546 14.75
      vertex -21.2086 6.89108 14.75
      vertex -23.8715 7.75633 14.75
    endloop
  endfacet
  facet normal 0 0 1
    outer loop
      vertex -21.2086 6.89108 14.75
      vertex -22.8069 5.66546 14.75
      vertex -21.5401 5.77166 14.75
    endloop
  endfacet
  facet normal 0 0 1
    outer loop
      vertex -21.5401 5.77166 14.75
      vertex -22.8069 5.66546 14.75
      vertex -21.6355 5.37448 14.75
    endloop
  endfacet
  facet normal 0 0 1
    outer loop
      vertex -22.8069 5.66546 14.75
      vertex -23.8715 7.75633 14.75
      vertex -23.5833 5.85833 14.75
    endloop
  endfacet
  facet normal -0 0 1
    outer loop
      vertex -24.2447 6.49636 14.75
      vertex -23.5833 5.85833 14.75
      vertex -23.8715 7.75633 14.75
    endloop
  endfacet
  facet normal 0 0 1
    outer loop
      vertex -24.5515 5.21858 14.75
      vertex -23.5833 5.85833 14.75
      vertex -24.2447 6.49636 14.75
    endloop
  endfacet
  facet normal 0 0 1
    outer loop
      vertex -23.5833 5.85833 14.75
      vertex -24.5515 5.21858 14.75
      vertex -23.8656 4.57435 14.75
    endloop
  endfacet
  facet normal 0 0 1
    outer loop
      vertex -24.791 3.9265 14.75
      vertex -23.8656 4.57435 14.75
      vertex -24.5515 5.21858 14.75
    endloop
  endfacet
  facet normal 0 0 1
    outer loop
      vertex -23.8656 4.57435 14.75
      vertex -24.791 3.9265 14.75
      vertex -24.078 3.27699 14.75
    endloop
  endfacet
  facet normal 0 0 1
    outer loop
      vertex -24.078 3.27699 14.75
      vertex -24.9625 2.62366 14.75
      vertex -24.22 1.97004 14.75
    endloop
  endfacet
  facet normal 0 0 1
    outer loop
      vertex -24.9625 2.62366 14.75
      vertex -24.078 3.27699 14.75
      vertex -24.791 3.9265 14.75
    endloop
  endfacet
  facet normal 0 0 1
    outer loop
      vertex -5.77166 -21.5401 14.75
      vertex -5.66546 -22.8069 14.75
      vertex -5.37448 -21.6355 14.75
    endloop
  endfacet
  facet normal 0 0 1
    outer loop
      vertex -6.89108 -21.2086 14.75
      vertex -5.66546 -22.8069 14.75
      vertex -5.77166 -21.5401 14.75
    endloop
  endfacet
  facet normal 0 0 1
    outer loop
      vertex -7.75633 -23.8715 14.75
      vertex -5.66546 -22.8069 14.75
      vertex -6.89108 -21.2086 14.75
    endloop
  endfacet
  facet normal 0 0 1
    outer loop
      vertex -5.66546 -22.8069 14.75
      vertex -7.75633 -23.8715 14.75
      vertex -5.85833 -23.5833 14.75
    endloop
  endfacet
  facet normal 0 0 1
    outer loop
      vertex -5.85833 -23.5833 14.75
      vertex -7.75633 -23.8715 14.75
      vertex -6.49636 -24.2447 14.75
    endloop
  endfacet
  facet normal 0 0 1
    outer loop
      vertex -7.9916 -20.8188 14.75
      vertex -7.75633 -23.8715 14.75
      vertex -6.89108 -21.2086 14.75
    endloop
  endfacet
  facet normal 0 0 1
    outer loop
      vertex -7.9916 -20.8188 14.75
      vertex -8.99504 -23.4329 14.75
      vertex -7.75633 -23.8715 14.75
    endloop
  endfacet
  facet normal 0 0 1
    outer loop
      vertex -9.07023 -20.3721 14.75
      vertex -8.99504 -23.4329 14.75
      vertex -7.9916 -20.8188 14.75
    endloop
  endfacet
  facet normal 0 0 1
    outer loop
      vertex -10.2091 -22.93 14.75
      vertex -9.07023 -20.3721 14.75
      vertex -10.124 -19.8694 14.75
    endloop
  endfacet
  facet normal 0 0 1
    outer loop
      vertex -9.07023 -20.3721 14.75
      vertex -10.2091 -22.93 14.75
      vertex -8.99504 -23.4329 14.75
    endloop
  endfacet
  facet normal 0 0 1
    outer loop
      vertex -11.3952 -22.3643 14.75
      vertex -10.124 -19.8694 14.75
      vertex -11.15 -19.3124 14.75
    endloop
  endfacet
  facet normal 0 0 1
    outer loop
      vertex -10.124 -19.8694 14.75
      vertex -11.3952 -22.3643 14.75
      vertex -10.2091 -22.93 14.75
    endloop
  endfacet
  facet normal 0 0 1
    outer loop
      vertex -12.55 -21.7372 14.75
      vertex -11.15 -19.3124 14.75
      vertex -12.1454 -18.7024 14.75
    endloop
  endfacet
  facet normal 0 0 1
    outer loop
      vertex -11.15 -19.3124 14.75
      vertex -12.55 -21.7372 14.75
      vertex -11.3952 -22.3643 14.75
    endloop
  endfacet
  facet normal 0 0 1
    outer loop
      vertex -13.6704 -21.0506 14.75
      vertex -12.1454 -18.7024 14.75
      vertex -13.1076 -18.0411 14.75
    endloop
  endfacet
  facet normal 0 0 1
    outer loop
      vertex -12.1454 -18.7024 14.75
      vertex -13.6704 -21.0506 14.75
      vertex -12.55 -21.7372 14.75
    endloop
  endfacet
  facet normal 0 0 1
    outer loop
      vertex -14.7534 -20.3063 14.75
      vertex -13.1076 -18.0411 14.75
      vertex -14.0338 -17.3304 14.75
    endloop
  endfacet
  facet normal 0 0 1
    outer loop
      vertex -13.1076 -18.0411 14.75
      vertex -14.7534 -20.3063 14.75
      vertex -13.6704 -21.0506 14.75
    endloop
  endfacet
  facet normal 0 0 1
    outer loop
      vertex -15.7959 -19.5064 14.75
      vertex -14.0338 -17.3304 14.75
      vertex -14.9216 -16.5721 14.75
    endloop
  endfacet
  facet normal 0 0 1
    outer loop
      vertex -16.7952 -18.6529 14.75
      vertex -14.9216 -16.5721 14.75
      vertex -15.7685 -15.7685 14.75
    endloop
  endfacet
  facet normal 0 0 1
    outer loop
      vertex -14.0338 -17.3304 14.75
      vertex -15.7959 -19.5064 14.75
      vertex -14.7534 -20.3063 14.75
    endloop
  endfacet
  facet normal 0 0 1
    outer loop
      vertex -17.7484 -17.7484 14.75
      vertex -15.7685 -15.7685 14.75
      vertex -16.5721 -14.9216 14.75
    endloop
  endfacet
  facet normal 0 0 1
    outer loop
      vertex -14.9216 -16.5721 14.75
      vertex -16.7952 -18.6529 14.75
      vertex -15.7959 -19.5064 14.75
    endloop
  endfacet
  facet normal 0 0 1
    outer loop
      vertex -18.6529 -16.7952 14.75
      vertex -16.5721 -14.9216 14.75
      vertex -17.3304 -14.0338 14.75
    endloop
  endfacet
  facet normal 0 0 1
    outer loop
      vertex -15.7685 -15.7685 14.75
      vertex -17.7484 -17.7484 14.75
      vertex -16.7952 -18.6529 14.75
    endloop
  endfacet
  facet normal 0 0 1
    outer loop
      vertex -19.5064 -15.7959 14.75
      vertex -17.3304 -14.0338 14.75
      vertex -18.0411 -13.1076 14.75
    endloop
  endfacet
  facet normal 0 0 1
    outer loop
      vertex -16.5721 -14.9216 14.75
      vertex -18.6529 -16.7952 14.75
      vertex -17.7484 -17.7484 14.75
    endloop
  endfacet
  facet normal 0 0 1
    outer loop
      vertex -20.3063 -14.7534 14.75
      vertex -18.0411 -13.1076 14.75
      vertex -18.7024 -12.1454 14.75
    endloop
  endfacet
  facet normal 0 0 1
    outer loop
      vertex -21.0506 -13.6704 14.75
      vertex -18.7024 -12.1454 14.75
      vertex -19.3124 -11.15 14.75
    endloop
  endfacet
  facet normal 0 0 1
    outer loop
      vertex -17.3304 -14.0338 14.75
      vertex -19.5064 -15.7959 14.75
      vertex -18.6529 -16.7952 14.75
    endloop
  endfacet
  facet normal 0 0 1
    outer loop
      vertex -21.7372 -12.55 14.75
      vertex -19.3124 -11.15 14.75
      vertex -19.8694 -10.124 14.75
    endloop
  endfacet
  facet normal 0 0 1
    outer loop
      vertex -18.0411 -13.1076 14.75
      vertex -20.3063 -14.7534 14.75
      vertex -19.5064 -15.7959 14.75
    endloop
  endfacet
  facet normal 0 0 1
    outer loop
      vertex -22.3643 -11.3952 14.75
      vertex -19.8694 -10.124 14.75
      vertex -20.3721 -9.07023 14.75
    endloop
  endfacet
  facet normal 0 0 1
    outer loop
      vertex -22.93 -10.2091 14.75
      vertex -20.3721 -9.07023 14.75
      vertex -20.8188 -7.9916 14.75
    endloop
  endfacet
  facet normal 0 0 1
    outer loop
      vertex -18.7024 -12.1454 14.75
      vertex -21.0506 -13.6704 14.75
      vertex -20.3063 -14.7534 14.75
    endloop
  endfacet
  facet normal 0 0 1
    outer loop
      vertex -23.4329 -8.99504 14.75
      vertex -20.8188 -7.9916 14.75
      vertex -21.2086 -6.89108 14.75
    endloop
  endfacet
  facet normal 0 0 1
    outer loop
      vertex -22.8069 -5.66546 14.75
      vertex -21.2086 -6.89108 14.75
      vertex -21.5401 -5.77166 14.75
    endloop
  endfacet
  facet normal -0 0 1
    outer loop
      vertex -22.8069 -5.66546 14.75
      vertex -21.5401 -5.77166 14.75
      vertex -21.6355 -5.37448 14.75
    endloop
  endfacet
  facet normal 0 0 1
    outer loop
      vertex -19.3124 -11.15 14.75
      vertex -21.7372 -12.55 14.75
      vertex -21.0506 -13.6704 14.75
    endloop
  endfacet
  facet normal 0 0 1
    outer loop
      vertex -19.8694 -10.124 14.75
      vertex -22.3643 -11.3952 14.75
      vertex -21.7372 -12.55 14.75
    endloop
  endfacet
  facet normal 0 0 1
    outer loop
      vertex -21.2086 -6.89108 14.75
      vertex -22.8069 -5.66546 14.75
      vertex -23.8715 -7.75633 14.75
    endloop
  endfacet
  facet normal 0 0 1
    outer loop
      vertex -20.3721 -9.07023 14.75
      vertex -22.93 -10.2091 14.75
      vertex -22.3643 -11.3952 14.75
    endloop
  endfacet
  facet normal 0 0 1
    outer loop
      vertex -20.8188 -7.9916 14.75
      vertex -23.4329 -8.99504 14.75
      vertex -22.93 -10.2091 14.75
    endloop
  endfacet
  facet normal 0 0 1
    outer loop
      vertex -23.8715 -7.75633 14.75
      vertex -22.8069 -5.66546 14.75
      vertex -23.5833 -5.85833 14.75
    endloop
  endfacet
  facet normal -0 0 1
    outer loop
      vertex -24.5515 -5.21858 14.75
      vertex -23.5833 -5.85833 14.75
      vertex -23.8656 -4.57435 14.75
    endloop
  endfacet
  facet normal 0 0 1
    outer loop
      vertex -21.2086 -6.89108 14.75
      vertex -23.8715 -7.75633 14.75
      vertex -23.4329 -8.99504 14.75
    endloop
  endfacet
  facet normal -0 0 1
    outer loop
      vertex -24.791 -3.9265 14.75
      vertex -23.8656 -4.57435 14.75
      vertex -24.078 -3.27699 14.75
    endloop
  endfacet
  facet normal -0 0 1
    outer loop
      vertex -24.9625 -2.62366 14.75
      vertex -24.078 -3.27699 14.75
      vertex -24.22 -1.97004 14.75
    endloop
  endfacet
  facet normal 0 0 1
    outer loop
      vertex -23.5833 -5.85833 14.75
      vertex -24.2447 -6.49636 14.75
      vertex -23.8715 -7.75633 14.75
    endloop
  endfacet
  facet normal -0 0 1
    outer loop
      vertex -25.0656 -1.31363 14.75
      vertex -24.22 -1.97004 14.75
      vertex -24.2911 -0.657321 14.75
    endloop
  endfacet
  facet normal 0 0 1
    outer loop
      vertex -25.0656 1.31363 14.75
      vertex -24.22 1.97004 14.75
      vertex -24.9625 2.62366 14.75
    endloop
  endfacet
  facet normal 0 0 1
    outer loop
      vertex -23.5833 -5.85833 14.75
      vertex -24.5515 -5.21858 14.75
      vertex -24.2447 -6.49636 14.75
    endloop
  endfacet
  facet normal 0 0 1
    outer loop
      vertex -24.22 1.97004 14.75
      vertex -25.0656 1.31363 14.75
      vertex -24.2911 0.657321 14.75
    endloop
  endfacet
  facet normal 0 0 1
    outer loop
      vertex -23.8656 -4.57435 14.75
      vertex -24.791 -3.9265 14.75
      vertex -24.5515 -5.21858 14.75
    endloop
  endfacet
  facet normal 0 0 1
    outer loop
      vertex -25.1 0 14.75
      vertex -24.2911 0.657321 14.75
      vertex -25.0656 1.31363 14.75
    endloop
  endfacet
  facet normal 0 0 1
    outer loop
      vertex -24.078 -3.27699 14.75
      vertex -24.9625 -2.62366 14.75
      vertex -24.791 -3.9265 14.75
    endloop
  endfacet
  facet normal 0 0 1
    outer loop
      vertex -24.2911 0.657321 14.75
      vertex -25.1 0 14.75
      vertex -24.2911 -0.657321 14.75
    endloop
  endfacet
  facet normal 0 0 1
    outer loop
      vertex -24.22 -1.97004 14.75
      vertex -25.0656 -1.31363 14.75
      vertex -24.9625 -2.62366 14.75
    endloop
  endfacet
  facet normal 0 0 1
    outer loop
      vertex -24.2911 -0.657321 14.75
      vertex -25.1 0 14.75
      vertex -25.0656 -1.31363 14.75
    endloop
  endfacet
  facet normal -0 0 1
    outer loop
      vertex -23.4914 0.635681 14.75
      vertex -23.4914 0.328387 14.75
      vertex -23.4758 0.923336 14.75
    endloop
  endfacet
  facet normal 0 0 1
    outer loop
      vertex -23.4914 -0.328387 14.75
      vertex -23.4914 -0.635681 14.75
      vertex -23.4758 -0.923336 14.75
    endloop
  endfacet
  facet normal -0 0 1
    outer loop
      vertex -23.4226 1.90518 14.75
      vertex -23.4403 1.57935 14.75
      vertex -23.3936 2.17228 14.75
    endloop
  endfacet
  facet normal 0 0 1
    outer loop
      vertex -23.3936 -2.17228 14.75
      vertex -23.4403 -1.57935 14.75
      vertex -23.4226 -1.90518 14.75
    endloop
  endfacet
  facet normal -0 0 1
    outer loop
      vertex -23.2853 3.16911 14.75
      vertex -23.3226 2.82602 14.75
      vertex -23.2451 3.41502 14.75
    endloop
  endfacet
  facet normal 0 0 1
    outer loop
      vertex -23.2451 -3.41502 14.75
      vertex -23.3226 -2.82602 14.75
      vertex -23.2853 -3.16911 14.75
    endloop
  endfacet
  facet normal -0 0 1
    outer loop
      vertex -23.0799 4.42376 14.75
      vertex -23.1386 4.0649 14.75
      vertex -23.0306 4.64797 14.75
    endloop
  endfacet
  facet normal 0 0 1
    outer loop
      vertex -23.0306 -4.64797 14.75
      vertex -23.1386 -4.0649 14.75
      vertex -23.0799 -4.42376 14.75
    endloop
  endfacet
  facet normal 0 0 1
    outer loop
      vertex -4.0649 -23.1386 14.75
      vertex -4.64797 -23.0306 14.75
      vertex -4.42376 -23.0799 14.75
    endloop
  endfacet
  facet normal -0 0 1
    outer loop
      vertex -4.42376 23.0799 14.75
      vertex -4.64797 23.0306 14.75
      vertex -4.0649 23.1386 14.75
    endloop
  endfacet
  facet normal 0 0 1
    outer loop
      vertex -2.82602 -23.3226 14.75
      vertex -3.41502 -23.2451 14.75
      vertex -3.16911 -23.2853 14.75
    endloop
  endfacet
  facet normal -0 0 1
    outer loop
      vertex -3.16911 23.2853 14.75
      vertex -3.41502 23.2451 14.75
      vertex -2.82602 23.3226 14.75
    endloop
  endfacet
  facet normal 0 0 1
    outer loop
      vertex -1.57935 -23.4403 14.75
      vertex -2.17228 -23.3936 14.75
      vertex -1.90518 -23.4226 14.75
    endloop
  endfacet
  facet normal -0 0 1
    outer loop
      vertex -1.90518 23.4226 14.75
      vertex -2.17228 23.3936 14.75
      vertex -1.57935 23.4403 14.75
    endloop
  endfacet
  facet normal 0 0 1
    outer loop
      vertex -0.328387 -23.4914 14.75
      vertex -0.923336 -23.4758 14.75
      vertex -0.635681 -23.4914 14.75
    endloop
  endfacet
  facet normal -0 0 1
    outer loop
      vertex -0.635681 23.4914 14.75
      vertex -0.923336 23.4758 14.75
      vertex -0.328387 23.4914 14.75
    endloop
  endfacet
  facet normal 0 0 1
    outer loop
      vertex 0.923336 -23.4758 14.75
      vertex 0.328387 -23.4914 14.75
      vertex 0.635681 -23.4914 14.75
    endloop
  endfacet
  facet normal 0 0 1
    outer loop
      vertex 0.635681 23.4914 14.75
      vertex 0.328387 23.4914 14.75
      vertex 0.923336 23.4758 14.75
    endloop
  endfacet
  facet normal 0 0 1
    outer loop
      vertex 2.17228 -23.3936 14.75
      vertex 1.57935 -23.4403 14.75
      vertex 1.90518 -23.4226 14.75
    endloop
  endfacet
  facet normal 0 0 1
    outer loop
      vertex 1.90518 23.4226 14.75
      vertex 1.57935 23.4403 14.75
      vertex 2.17228 23.3936 14.75
    endloop
  endfacet
  facet normal 0 0 1
    outer loop
      vertex 3.41502 -23.2451 14.75
      vertex 2.82602 -23.3226 14.75
      vertex 3.16911 -23.2853 14.75
    endloop
  endfacet
  facet normal 0 0 1
    outer loop
      vertex 3.16911 23.2853 14.75
      vertex 2.82602 23.3226 14.75
      vertex 3.41502 23.2451 14.75
    endloop
  endfacet
  facet normal 0 0 1
    outer loop
      vertex 4.64797 -23.0306 14.75
      vertex 4.0649 -23.1386 14.75
      vertex 4.42376 -23.0799 14.75
    endloop
  endfacet
  facet normal 0 0 1
    outer loop
      vertex 4.42376 23.0799 14.75
      vertex 4.0649 23.1386 14.75
      vertex 4.64797 23.0306 14.75
    endloop
  endfacet
  facet normal 0 0 1
    outer loop
      vertex 23.1386 -4.0649 14.75
      vertex 23.0306 -4.64797 14.75
      vertex 23.0799 -4.42376 14.75
    endloop
  endfacet
  facet normal 0 0 1
    outer loop
      vertex 23.0799 4.42376 14.75
      vertex 23.0306 4.64797 14.75
      vertex 23.1386 4.0649 14.75
    endloop
  endfacet
  facet normal 0 0 1
    outer loop
      vertex 23.3226 -2.82602 14.75
      vertex 23.2451 -3.41502 14.75
      vertex 23.2853 -3.16911 14.75
    endloop
  endfacet
  facet normal 0 0 1
    outer loop
      vertex 23.2853 3.16911 14.75
      vertex 23.2451 3.41502 14.75
      vertex 23.3226 2.82602 14.75
    endloop
  endfacet
  facet normal 0 0 1
    outer loop
      vertex 23.4403 -1.57935 14.75
      vertex 23.3936 -2.17228 14.75
      vertex 23.4226 -1.90518 14.75
    endloop
  endfacet
  facet normal 0 0 1
    outer loop
      vertex 23.4226 1.90518 14.75
      vertex 23.3936 2.17228 14.75
      vertex 23.4403 1.57935 14.75
    endloop
  endfacet
  facet normal 0 0 1
    outer loop
      vertex 23.4914 -0.328387 14.75
      vertex 23.4758 -0.923336 14.75
      vertex 23.4914 -0.635681 14.75
    endloop
  endfacet
  facet normal 0 0 1
    outer loop
      vertex 23.4914 0.635681 14.75
      vertex 23.4758 0.923336 14.75
      vertex 23.4914 0.328387 14.75
    endloop
  endfacet
  facet normal -0.705049 0.0554877 0.706984
    outer loop
      vertex -24.9625 2.62366 14.75
      vertex -25.8645 1.3555 13.95
      vertex -25.0656 1.31363 14.75
    endloop
  endfacet
  facet normal -0.459278 -0.537771 0.707012
    outer loop
      vertex -16.7952 -18.6529 14.75
      vertex -17.3305 -19.2475 13.95
      vertex -16.2994 -20.1281 13.95
    endloop
  endfacet
  facet normal -0.459309 -0.537771 0.706992
    outer loop
      vertex -15.7959 -19.5064 14.75
      vertex -16.7952 -18.6529 14.75
      vertex -16.2994 -20.1281 13.95
    endloop
  endfacet
  facet normal -0.638343 -0.304452 0.706985
    outer loop
      vertex -22.93 -10.2091 14.75
      vertex -23.0771 -11.7584 13.95
      vertex -22.3643 -11.3952 14.75
    endloop
  endfacet
  facet normal -0.621521 -0.337466 0.706985
    outer loop
      vertex -22.3643 -11.3952 14.75
      vertex -23.0771 -11.7584 13.95
      vertex -22.4301 -12.95 13.95
    endloop
  endfacet
  facet normal -0.878824 -0.477147 -6.37917e-05
    outer loop
      vertex -22.4301 -12.95 0
      vertex -23.0771 -11.7584 0.479406
      vertex -23.0066 -11.8882 0.112717
    endloop
  endfacet
  facet normal -0.878844 -0.477109 -0.000528134
    outer loop
      vertex -22.4301 -12.95 0
      vertex -23.0066 -11.8882 0.112717
      vertex -22.9884 -11.9216 0
    endloop
  endfacet
  facet normal -0.878813 -0.477167 0
    outer loop
      vertex -23.0771 -11.7584 0.479406
      vertex -22.4301 -12.95 0
      vertex -22.4301 -12.95 13.95
    endloop
  endfacet
  facet normal -0.878813 -0.477167 0
    outer loop
      vertex -23.0771 -11.7584 0.479406
      vertex -22.4301 -12.95 13.95
      vertex -23.0771 -11.7584 13.95
    endloop
  endfacet
  facet normal -0.66665 -0.236046 0.707008
    outer loop
      vertex -23.8715 -7.75633 14.75
      vertex -24.6324 -8.00354 13.95
      vertex -23.4329 -8.99504 14.75
    endloop
  endfacet
  facet normal -0.602981 -0.369517 0.707016
    outer loop
      vertex -21.7372 -12.55 14.75
      vertex -22.4301 -12.95 13.95
      vertex -21.0506 -13.6704 14.75
    endloop
  endfacet
  facet normal -0.537771 -0.459309 0.706992
    outer loop
      vertex -19.5064 -15.7959 14.75
      vertex -20.1281 -16.2994 13.95
      vertex -18.6529 -16.7952 14.75
    endloop
  endfacet
  facet normal -0.430469 -0.902605 0
    outer loop
      vertex -11.7584 -23.0771 8.75
      vertex -10.5345 -23.6608 13.95
      vertex -11.7584 -23.0771 13.95
    endloop
  endfacet
  facet normal -0.430469 -0.902605 -0
    outer loop
      vertex -10.5345 -23.6608 13.95
      vertex -11.7584 -23.0771 8.75
      vertex -10.5345 -23.6608 8.75
    endloop
  endfacet
  facet normal -0.0554952 -0.705055 0.706978
    outer loop
      vertex -2.62366 -24.9625 14.75
      vertex -2.70729 -25.7581 13.95
      vertex -1.3555 -25.8645 13.95
    endloop
  endfacet
  facet normal -0.0261806 -0.999657 0
    outer loop
      vertex -1.3555 -25.8645 8.75
      vertex 0 -25.9 13.95
      vertex -1.3555 -25.8645 13.95
    endloop
  endfacet
  facet normal -0.0261806 -0.999657 -0
    outer loop
      vertex 0 -25.9 13.95
      vertex -1.3555 -25.8645 8.75
      vertex 0 -25.9 8.75
    endloop
  endfacet
  facet normal -0.284004 -0.958823 0
    outer loop
      vertex -8.00354 -24.6324 8.75
      vertex -6.70341 -25.0175 13.95
      vertex -8.00354 -24.6324 13.95
    endloop
  endfacet
  facet normal -0.284004 -0.958823 -0
    outer loop
      vertex -6.70341 -25.0175 13.95
      vertex -8.00354 -24.6324 8.75
      vertex -6.70341 -25.0175 8.75
    endloop
  endfacet
  facet normal 0.0261806 -0.999657 0
    outer loop
      vertex 0 -25.9 8.75
      vertex 1.3555 -25.8645 13.95
      vertex 0 -25.9 13.95
    endloop
  endfacet
  facet normal 0.0261806 -0.999657 0
    outer loop
      vertex 1.3555 -25.8645 13.95
      vertex 0 -25.9 8.75
      vertex 1.3555 -25.8645 8.75
    endloop
  endfacet
  facet normal -0.522488 -0.852647 0
    outer loop
      vertex -14.1062 -21.7216 8.75
      vertex -12.95 -22.4301 13.95
      vertex -14.1062 -21.7216 13.95
    endloop
  endfacet
  facet normal -0.522488 -0.852647 -0
    outer loop
      vertex -12.95 -22.4301 13.95
      vertex -14.1062 -21.7216 8.75
      vertex -12.95 -22.4301 8.75
    endloop
  endfacet
  facet normal -0.369495 -0.602978 0.70703
    outer loop
      vertex -13.6704 -21.0506 14.75
      vertex -14.1062 -21.7216 13.95
      vertex -12.95 -22.4301 13.95
    endloop
  endfacet
  facet normal -0.369517 -0.602981 0.707016
    outer loop
      vertex -12.55 -21.7372 14.75
      vertex -13.6704 -21.0506 14.75
      vertex -12.95 -22.4301 13.95
    endloop
  endfacet
  facet normal 0.991444 -0.130535 0
    outer loop
      vertex 25.5811 -4.05165 13.95
      vertex 25.7581 -2.70729 8.75
      vertex 25.7581 -2.70729 13.95
    endloop
  endfacet
  facet normal 0.991444 -0.130535 0
    outer loop
      vertex 25.7581 -2.70729 8.75
      vertex 25.5811 -4.05165 13.95
      vertex 25.5811 -4.05165 8.75
    endloop
  endfacet
  facet normal 0.561114 -0.430511 0.706974
    outer loop
      vertex 20.3063 -14.7534 14.75
      vertex 20.1281 -16.2994 13.95
      vertex 20.9535 -15.2236 13.95
    endloop
  endfacet
  facet normal 0.537771 -0.459309 0.706992
    outer loop
      vertex 19.5064 -15.7959 14.75
      vertex 18.6529 -16.7952 14.75
      vertex 20.1281 -16.2994 13.95
    endloop
  endfacet
  facet normal 0.602978 -0.369495 0.70703
    outer loop
      vertex 22.4301 -12.95 13.95
      vertex 21.0506 -13.6704 14.75
      vertex 21.7216 -14.1062 13.95
    endloop
  endfacet
  facet normal 0.602981 -0.369517 0.707016
    outer loop
      vertex 21.7372 -12.55 14.75
      vertex 21.0506 -13.6704 14.75
      vertex 22.4301 -12.95 13.95
    endloop
  endfacet
  facet normal 0.200847 -0.678085 0.707008
    outer loop
      vertex 7.75633 -23.8715 14.75
      vertex 6.49636 -24.2447 14.75
      vertex 8.00354 -24.6324 13.95
    endloop
  endfacet
  facet normal 0.337466 -0.621521 0.706985
    outer loop
      vertex 12.95 -22.4301 13.95
      vertex 11.3952 -22.3643 14.75
      vertex 11.7584 -23.0771 13.95
    endloop
  endfacet
  facet normal 0.284004 -0.958823 0
    outer loop
      vertex 6.70341 -25.0175 8.75
      vertex 8.00354 -24.6324 13.95
      vertex 6.70341 -25.0175 13.95
    endloop
  endfacet
  facet normal 0.284004 -0.958823 0
    outer loop
      vertex 8.00354 -24.6324 13.95
      vertex 6.70341 -25.0175 8.75
      vertex 8.00354 -24.6324 8.75
    endloop
  endfacet
  facet normal 0.512999 -0.486817 0.706995
    outer loop
      vertex 19.2475 -17.3305 13.95
      vertex 17.7484 -17.7484 14.75
      vertex 18.3141 -18.3141 13.95
    endloop
  endfacet
  facet normal 0.688354 -0.725375 0
    outer loop
      vertex 17.3305 -19.2475 8.75
      vertex 18.3141 -18.3141 13.95
      vertex 17.3305 -19.2475 13.95
    endloop
  endfacet
  facet normal 0.688354 -0.725375 0
    outer loop
      vertex 18.3141 -18.3141 13.95
      vertex 17.3305 -19.2475 8.75
      vertex 18.3141 -18.3141 8.75
    endloop
  endfacet
  facet normal 0.469743 -0.865141 -0.175707
    outer loop
      vertex 12.95 -22.4301 8.75
      vertex 11.7584 -23.0771 8.75
      vertex 19.4016 -17.15 0
    endloop
  endfacet
  facet normal 0.942625 -0.333852 0
    outer loop
      vertex 24.1797 -9.28173 13.95
      vertex 24.6324 -8.00354 5.92506
      vertex 24.6324 -8.00354 13.95
    endloop
  endfacet
  facet normal 0.942636 -0.333823 5.17339e-06
    outer loop
      vertex 24.6324 -8.00354 5.92506
      vertex 24.1797 -9.28173 13.95
      vertex 24.3366 -8.83882 5.08884
    endloop
  endfacet
  facet normal 0.942603 -0.333915 0
    outer loop
      vertex 24.3366 -8.83882 5.08884
      vertex 24.1797 -9.28173 13.95
      vertex 24.1797 -9.28173 4.62212
    endloop
  endfacet
  facet normal 0.666677 -0.236119 0.706959
    outer loop
      vertex 24.6324 -8.00354 13.95
      vertex 23.4329 -8.99504 14.75
      vertex 24.1797 -9.28173 13.95
    endloop
  endfacet
  facet normal 0.459309 -0.537771 0.706992
    outer loop
      vertex 16.7952 -18.6529 14.75
      vertex 15.7959 -19.5064 14.75
      vertex 16.2994 -20.1281 13.95
    endloop
  endfacet
  facet normal 0.430511 -0.561114 0.706974
    outer loop
      vertex 16.2994 -20.1281 13.95
      vertex 14.7534 -20.3063 14.75
      vertex 15.2236 -20.9535 13.95
    endloop
  endfacet
  facet normal 0.0554952 0.705055 0.706978
    outer loop
      vertex 2.70729 25.7581 13.95
      vertex 1.3555 25.8645 13.95
      vertex 2.62366 24.9625 14.75
    endloop
  endfacet
  facet normal -0.092301 0.701186 0.706978
    outer loop
      vertex -2.70729 25.7581 13.95
      vertex -3.9265 24.791 14.75
      vertex -2.62366 24.9625 14.75
    endloop
  endfacet
  facet normal -0.0923206 0.701199 0.706964
    outer loop
      vertex -2.70729 25.7581 13.95
      vertex -4.05165 25.5811 13.95
      vertex -3.9265 24.791 14.75
    endloop
  endfacet
  facet normal -0.561087 0.430517 0.706991
    outer loop
      vertex -20.1281 16.2994 13.95
      vertex -20.3063 14.7534 14.75
      vertex -19.5064 15.7959 14.75
    endloop
  endfacet
  facet normal -0.688313 0.725331 -0.0109507
    outer loop
      vertex -17.3305 19.2475 8.75
      vertex -19.4016 17.15 0
      vertex -18.3141 18.3141 8.75
    endloop
  endfacet
  facet normal -0.725374 0.688353 -0.00142487
    outer loop
      vertex -18.3141 18.3141 8.75
      vertex -19.4016 17.15 0
      vertex -19.2475 17.3305 8.75
    endloop
  endfacet
  facet normal -0.337484 0.621475 0.707017
    outer loop
      vertex -11.3952 22.3643 14.75
      vertex -12.95 22.4301 13.95
      vertex -12.55 21.7372 14.75
    endloop
  endfacet
  facet normal -0.522488 0.852647 0
    outer loop
      vertex -12.95 22.4301 8.75
      vertex -14.1062 21.7216 13.95
      vertex -12.95 22.4301 13.95
    endloop
  endfacet
  facet normal -0.522488 0.852647 0
    outer loop
      vertex -14.1062 21.7216 13.95
      vertex -12.95 22.4301 8.75
      vertex -14.1062 21.7216 8.75
    endloop
  endfacet
  facet normal -0.518176 0.84561 -0.128211
    outer loop
      vertex -12.95 22.4301 8.75
      vertex -19.4016 17.15 0
      vertex -14.1062 21.7216 8.75
    endloop
  endfacet
  facet normal -0.200847 0.678085 0.707008
    outer loop
      vertex -6.49636 24.2447 14.75
      vertex -8.00354 24.6324 13.95
      vertex -7.75633 23.8715 14.75
    endloop
  endfacet
  facet normal -0.236046 0.66665 0.707008
    outer loop
      vertex -8.00354 24.6324 13.95
      vertex -8.99504 23.4329 14.75
      vertex -7.75633 23.8715 14.75
    endloop
  endfacet
  facet normal -0.983208 0.182488 0
    outer loop
      vertex -25.3717 5.18179 8.75
      vertex -25.334 5.38491 13.95
      vertex -25.334 5.38491 8.54665
    endloop
  endfacet
  facet normal -0.983264 0.182186 0
    outer loop
      vertex -25.5811 4.05165 13.95
      vertex -25.3717 5.18179 8.75
      vertex -25.5811 4.05165 8.75
    endloop
  endfacet
  facet normal -0.983256 0.182232 1.0346e-05
    outer loop
      vertex -25.3717 5.18179 8.75
      vertex -25.5811 4.05165 13.95
      vertex -25.334 5.38491 13.95
    endloop
  endfacet
  facet normal -0.701199 0.0923206 0.706964
    outer loop
      vertex -25.5811 4.05165 13.95
      vertex -25.7581 2.70729 13.95
      vertex -24.791 3.9265 14.75
    endloop
  endfacet
  facet normal -0.695407 0.128883 0.706964
    outer loop
      vertex -25.334 5.38491 13.95
      vertex -25.5811 4.05165 13.95
      vertex -24.791 3.9265 14.75
    endloop
  endfacet
  facet normal -0.653415 0.270664 0.706958
    outer loop
      vertex -22.93 10.2091 14.75
      vertex -24.1797 9.28173 13.95
      vertex -23.4329 8.99504 14.75
    endloop
  endfacet
  facet normal -0.678083 0.200849 0.70701
    outer loop
      vertex -24.6324 8.00354 13.95
      vertex -25.0175 6.70341 13.95
      vertex -24.2447 6.49636 14.75
    endloop
  endfacet
  facet normal -0.958823 0.284004 0
    outer loop
      vertex -25.0175 6.70341 7.22666
      vertex -24.6324 8.00354 13.95
      vertex -24.6324 8.00354 5.92506
    endloop
  endfacet
  facet normal -0.958823 0.284004 0
    outer loop
      vertex -24.6324 8.00354 13.95
      vertex -25.0175 6.70341 7.22666
      vertex -25.0175 6.70341 13.95
    endloop
  endfacet
  facet normal -0.513 -0.486791 0.707011
    outer loop
      vertex -18.6529 -16.7952 14.75
      vertex -19.2475 -17.3305 13.95
      vertex -17.7484 -17.7484 14.75
    endloop
  endfacet
  facet normal -0.128898 -0.69539 0.706978
    outer loop
      vertex -5.21858 -24.5515 14.75
      vertex -5.38491 -25.334 13.95
      vertex -3.9265 -24.791 14.75
    endloop
  endfacet
  facet normal -0.200847 -0.678085 0.707008
    outer loop
      vertex -7.75633 -23.8715 14.75
      vertex -8.00354 -24.6324 13.95
      vertex -6.49636 -24.2447 14.75
    endloop
  endfacet
  facet normal -0.333852 -0.942625 0
    outer loop
      vertex -9.28173 -24.1797 8.75
      vertex -8.00354 -24.6324 13.95
      vertex -9.28173 -24.1797 13.95
    endloop
  endfacet
  facet normal -0.333852 -0.942625 -0
    outer loop
      vertex -8.00354 -24.6324 13.95
      vertex -9.28173 -24.1797 8.75
      vertex -8.00354 -24.6324 8.75
    endloop
  endfacet
  facet normal -0.236119 -0.666677 0.706959
    outer loop
      vertex -8.99504 -23.4329 14.75
      vertex -9.28173 -24.1797 13.95
      vertex -8.00354 -24.6324 13.95
    endloop
  endfacet
  facet normal 0.0185157 -0.706986 0.706986
    outer loop
      vertex 0 -25.1 14.75
      vertex 0 -25.9 13.95
      vertex 1.3555 -25.8645 13.95
    endloop
  endfacet
  facet normal -0.0923206 -0.701199 0.706964
    outer loop
      vertex -3.9265 -24.791 14.75
      vertex -4.05165 -25.5811 13.95
      vertex -2.70729 -25.7581 13.95
    endloop
  endfacet
  facet normal 0.0554952 -0.705055 0.706978
    outer loop
      vertex 2.62366 -24.9625 14.75
      vertex 1.3555 -25.8645 13.95
      vertex 2.70729 -25.7581 13.95
    endloop
  endfacet
  facet normal 0.0554877 -0.705049 0.706984
    outer loop
      vertex 2.62366 -24.9625 14.75
      vertex 1.31363 -25.0656 14.75
      vertex 1.3555 -25.8645 13.95
    endloop
  endfacet
  facet normal -0.304445 -0.638359 0.706974
    outer loop
      vertex -10.2091 -22.93 14.75
      vertex -11.7584 -23.0771 13.95
      vertex -10.5345 -23.6608 13.95
    endloop
  endfacet
  facet normal -0.400576 -0.582861 0.706973
    outer loop
      vertex -14.7534 -20.3063 14.75
      vertex -15.2236 -20.9535 13.95
      vertex -13.6704 -21.0506 14.75
    endloop
  endfacet
  facet normal -0.4006 -0.582776 0.70703
    outer loop
      vertex -13.6704 -21.0506 14.75
      vertex -15.2236 -20.9535 13.95
      vertex -14.1062 -21.7216 13.95
    endloop
  endfacet
  facet normal 0.561087 -0.430517 0.706991
    outer loop
      vertex 20.3063 -14.7534 14.75
      vertex 19.5064 -15.7959 14.75
      vertex 20.1281 -16.2994 13.95
    endloop
  endfacet
  facet normal 0.236046 -0.66665 0.707008
    outer loop
      vertex 8.99504 -23.4329 14.75
      vertex 7.75633 -23.8715 14.75
      vertex 8.00354 -24.6324 13.95
    endloop
  endfacet
  facet normal 0.337484 -0.621475 0.707017
    outer loop
      vertex 12.55 -21.7372 14.75
      vertex 11.3952 -22.3643 14.75
      vertex 12.95 -22.4301 13.95
    endloop
  endfacet
  facet normal 0.369517 -0.602981 0.707016
    outer loop
      vertex 13.6704 -21.0506 14.75
      vertex 12.55 -21.7372 14.75
      vertex 12.95 -22.4301 13.95
    endloop
  endfacet
  facet normal 0.824081 -0.566472 0
    outer loop
      vertex 20.9535 -15.2236 13.95
      vertex 21.7216 -14.1062 0
      vertex 21.7216 -14.1062 13.95
    endloop
  endfacet
  facet normal 0.824081 -0.566472 0
    outer loop
      vertex 21.7216 -14.1062 0
      vertex 20.9535 -15.2236 13.95
      vertex 20.9535 -15.2236 0
    endloop
  endfacet
  facet normal 0.760421 -0.64943 0
    outer loop
      vertex 19.2475 -17.3305 8.75
      vertex 20.1281 -16.2994 13.95
      vertex 19.2475 -17.3305 13.95
    endloop
  endfacet
  facet normal 0.760421 -0.64943 0
    outer loop
      vertex 20.1281 -16.2994 13.95
      vertex 19.2475 -17.3305 8.75
      vertex 20.1281 -16.2994 0
    endloop
  endfacet
  facet normal 0.725375 -0.688354 0
    outer loop
      vertex 18.3141 -18.3141 13.95
      vertex 19.2475 -17.3305 8.75
      vertex 19.2475 -17.3305 13.95
    endloop
  endfacet
  facet normal 0.725375 -0.688354 0
    outer loop
      vertex 19.2475 -17.3305 8.75
      vertex 18.3141 -18.3141 13.95
      vertex 18.3141 -18.3141 8.75
    endloop
  endfacet
  facet normal 0.430469 -0.902605 0
    outer loop
      vertex 10.5345 -23.6608 8.75
      vertex 11.7584 -23.0771 13.95
      vertex 10.5345 -23.6608 13.95
    endloop
  endfacet
  facet normal 0.430469 -0.902605 0
    outer loop
      vertex 11.7584 -23.0771 13.95
      vertex 10.5345 -23.6608 8.75
      vertex 11.7584 -23.0771 8.75
    endloop
  endfacet
  facet normal 0.607827 -0.792222 -0.054139
    outer loop
      vertex 16.2994 -20.1281 8.75
      vertex 15.2236 -20.9535 8.75
      vertex 19.4016 -17.15 0
    endloop
  endfacet
  facet normal 0.608719 -0.793386 0
    outer loop
      vertex 15.2236 -20.9535 8.75
      vertex 16.2994 -20.1281 13.95
      vertex 15.2236 -20.9535 13.95
    endloop
  endfacet
  facet normal 0.608719 -0.793386 0
    outer loop
      vertex 16.2994 -20.1281 13.95
      vertex 15.2236 -20.9535 8.75
      vertex 16.2994 -20.1281 8.75
    endloop
  endfacet
  facet normal 0.902605 -0.430469 0
    outer loop
      vertex 23.0771 -11.7584 13.95
      vertex 23.6608 -10.5345 2.9746
      vertex 23.6608 -10.5345 13.95
    endloop
  endfacet
  facet normal 0.902593 -0.430495 -3.58165e-06
    outer loop
      vertex 23.6608 -10.5345 2.9746
      vertex 23.0771 -11.7584 13.95
      vertex 23.5221 -10.8253 2.5
    endloop
  endfacet
  facet normal 0.902647 -0.430383 7.66242e-06
    outer loop
      vertex 23.5221 -10.8253 2.5
      vertex 23.0771 -11.7584 13.95
      vertex 23.3732 -11.1376 1.9249
    endloop
  endfacet
  facet normal 0.902545 -0.430595 -5.80593e-06
    outer loop
      vertex 23.3732 -11.1376 1.9249
      vertex 23.0771 -11.7584 13.95
      vertex 23.2388 -11.4193 1.33421
    endloop
  endfacet
  facet normal 0.902565 -0.430554 -4.45211e-06
    outer loop
      vertex 23.2388 -11.4193 1.33421
      vertex 23.0771 -11.7584 13.95
      vertex 23.1193 -11.6698 0.729614
    endloop
  endfacet
  facet normal 0.902823 -0.430013 0
    outer loop
      vertex 23.1193 -11.6698 0.729614
      vertex 23.0771 -11.7584 13.95
      vertex 23.0771 -11.7584 0.479406
    endloop
  endfacet
  facet normal 0.878813 -0.477167 0
    outer loop
      vertex 22.4301 -12.95 13.95
      vertex 23.0771 -11.7584 0.479406
      vertex 23.0771 -11.7584 13.95
    endloop
  endfacet
  facet normal 0.878813 -0.477167 0
    outer loop
      vertex 22.4301 -12.95 0
      vertex 23.0771 -11.7584 0.479406
      vertex 22.4301 -12.95 13.95
    endloop
  endfacet
  facet normal 0.878824 -0.477147 -6.37917e-05
    outer loop
      vertex 23.0771 -11.7584 0.479406
      vertex 22.4301 -12.95 0
      vertex 23.0066 -11.8882 0.112717
    endloop
  endfacet
  facet normal 0.878844 -0.477109 -0.000528134
    outer loop
      vertex 23.0066 -11.8882 0.112717
      vertex 22.4301 -12.95 0
      vertex 22.9884 -11.9216 0
    endloop
  endfacet
  facet normal 0.430517 -0.561087 0.706991
    outer loop
      vertex 15.7959 -19.5064 14.75
      vertex 14.7534 -20.3063 14.75
      vertex 16.2994 -20.1281 13.95
    endloop
  endfacet
  facet normal -0.486817 0.512999 0.706995
    outer loop
      vertex -17.3305 19.2475 13.95
      vertex -18.3141 18.3141 13.95
      vertex -17.7484 17.7484 14.75
    endloop
  endfacet
  facet normal -0.760421 0.64943 0
    outer loop
      vertex -20.1281 16.2994 13.95
      vertex -19.2475 17.3305 8.75
      vertex -20.1281 16.2994 0
    endloop
  endfacet
  facet normal -0.760421 0.64943 0
    outer loop
      vertex -19.2475 17.3305 8.75
      vertex -20.1281 16.2994 13.95
      vertex -19.2475 17.3305 13.95
    endloop
  endfacet
  facet normal -0.725375 0.688354 0
    outer loop
      vertex -19.2475 17.3305 8.75
      vertex -18.3141 18.3141 13.95
      vertex -18.3141 18.3141 8.75
    endloop
  endfacet
  facet normal -0.725375 0.688354 0
    outer loop
      vertex -18.3141 18.3141 13.95
      vertex -19.2475 17.3305 8.75
      vertex -19.2475 17.3305 13.95
    endloop
  endfacet
  facet normal -0.092301 -0.701186 0.706978
    outer loop
      vertex -2.62366 -24.9625 14.75
      vertex -3.9265 -24.791 14.75
      vertex -2.70729 -25.7581 13.95
    endloop
  endfacet
  facet normal -0.200849 -0.678083 0.70701
    outer loop
      vertex -6.49636 -24.2447 14.75
      vertex -8.00354 -24.6324 13.95
      vertex -6.70341 -25.0175 13.95
    endloop
  endfacet
  facet normal -0.0554877 -0.705049 0.706984
    outer loop
      vertex -1.31363 -25.0656 14.75
      vertex -2.62366 -24.9625 14.75
      vertex -1.3555 -25.8645 13.95
    endloop
  endfacet
  facet normal -0.0185139 -0.706987 0.706984
    outer loop
      vertex -1.31363 -25.0656 14.75
      vertex -1.3555 -25.8645 13.95
      vertex 0 -25.1 14.75
    endloop
  endfacet
  facet normal -0.0185157 -0.706986 0.706986
    outer loop
      vertex 0 -25.1 14.75
      vertex -1.3555 -25.8645 13.95
      vertex 0 -25.9 13.95
    endloop
  endfacet
  facet normal -0.337484 -0.621475 0.707017
    outer loop
      vertex -12.55 -21.7372 14.75
      vertex -12.95 -22.4301 13.95
      vertex -11.3952 -22.3643 14.75
    endloop
  endfacet
  facet normal -0.337466 -0.621521 0.706985
    outer loop
      vertex -11.3952 -22.3643 14.75
      vertex -12.95 -22.4301 13.95
      vertex -11.7584 -23.0771 13.95
    endloop
  endfacet
  facet normal 0.760398 -0.649458 -5.69985e-06
    outer loop
      vertex 20.1281 -16.2994 0
      vertex 19.2475 -17.3305 8.75
      vertex 19.4016 -17.15 0
    endloop
  endfacet
  facet normal 0.382674 -0.923883 0
    outer loop
      vertex 9.28173 -24.1797 8.75
      vertex 10.5345 -23.6608 13.95
      vertex 9.28173 -24.1797 13.95
    endloop
  endfacet
  facet normal 0.382674 -0.923883 0
    outer loop
      vertex 10.5345 -23.6608 13.95
      vertex 9.28173 -24.1797 8.75
      vertex 10.5345 -23.6608 8.75
    endloop
  endfacet
  facet normal 0.333852 -0.942625 0
    outer loop
      vertex 8.00354 -24.6324 8.75
      vertex 9.28173 -24.1797 13.95
      vertex 8.00354 -24.6324 13.95
    endloop
  endfacet
  facet normal 0.333852 -0.942625 0
    outer loop
      vertex 9.28173 -24.1797 13.95
      vertex 8.00354 -24.6324 8.75
      vertex 9.28173 -24.1797 8.75
    endloop
  endfacet
  facet normal 0.518176 -0.84561 -0.128211
    outer loop
      vertex 14.1062 -21.7216 8.75
      vertex 12.95 -22.4301 8.75
      vertex 19.4016 -17.15 0
    endloop
  endfacet
  facet normal 0.522488 -0.852647 0
    outer loop
      vertex 12.95 -22.4301 8.75
      vertex 14.1062 -21.7216 13.95
      vertex 12.95 -22.4301 13.95
    endloop
  endfacet
  facet normal 0.522488 -0.852647 0
    outer loop
      vertex 14.1062 -21.7216 13.95
      vertex 12.95 -22.4301 8.75
      vertex 14.1062 -21.7216 8.75
    endloop
  endfacet
  facet normal 0.649165 -0.760111 -0.028554
    outer loop
      vertex 17.3305 -19.2475 8.75
      vertex 16.2994 -20.1281 8.75
      vertex 19.4016 -17.15 0
    endloop
  endfacet
  facet normal 0.64943 -0.760421 0
    outer loop
      vertex 16.2994 -20.1281 8.75
      vertex 17.3305 -19.2475 13.95
      vertex 16.2994 -20.1281 13.95
    endloop
  endfacet
  facet normal 0.64943 -0.760421 0
    outer loop
      vertex 17.3305 -19.2475 13.95
      vertex 16.2994 -20.1281 8.75
      vertex 17.3305 -19.2475 8.75
    endloop
  endfacet
  facet normal -0.165072 -0.687668 0.70701
    outer loop
      vertex -6.49636 -24.2447 14.75
      vertex -6.70341 -25.0175 13.95
      vertex -5.38491 -25.334 13.95
    endloop
  endfacet
  facet normal -0.165117 -0.687691 0.706978
    outer loop
      vertex -5.21858 -24.5515 14.75
      vertex -6.49636 -24.2447 14.75
      vertex -5.38491 -25.334 13.95
    endloop
  endfacet
  facet normal 0.36657 -0.885003 -0.287047
    outer loop
      vertex 10.5345 -23.6608 8.75
      vertex 9.28173 -24.1797 8.75
      vertex 19.4016 -17.15 0
    endloop
  endfacet
  facet normal 0.419017 -0.878593 -0.229129
    outer loop
      vertex 11.7584 -23.0771 8.75
      vertex 10.5345 -23.6608 8.75
      vertex 19.4016 -17.15 0
    endloop
  endfacet
  facet normal 1 -0 0
    outer loop
      vertex -6 -26.15 5
      vertex -6 -23.15 0
      vertex -6 -23.15 5
    endloop
  endfacet
  facet normal 1 0 0
    outer loop
      vertex -6 -23.15 0
      vertex -6 -26.15 5
      vertex -6 -26.15 0
    endloop
  endfacet
  facet normal -1 0 0
    outer loop
      vertex 6 -26.15 0
      vertex 6 -23.15 5
      vertex 6 -23.15 0
    endloop
  endfacet
  facet normal -1 -0 0
    outer loop
      vertex 6 -23.15 5
      vertex 6 -26.15 0
      vertex 6 -26.15 5
    endloop
  endfacet
  facet normal 0 -1 0
    outer loop
      vertex -6 -23.15 0
      vertex 6 -23.15 5
      vertex -6 -23.15 5
    endloop
  endfacet
  facet normal 0 -1 -0
    outer loop
      vertex 6 -23.15 5
      vertex -6 -23.15 0
      vertex 6 -23.15 0
    endloop
  endfacet
  facet normal 0 1 -0
    outer loop
      vertex 6 -26.15 0
      vertex -6 -26.15 5
      vertex 6 -26.15 5
    endloop
  endfacet
  facet normal 0 1 0
    outer loop
      vertex -6 -26.15 5
      vertex 6 -26.15 0
      vertex -6 -26.15 0
    endloop
  endfacet
  facet normal 1 -0 0
    outer loop
      vertex -6 23.15 5
      vertex -6 26.15 0
      vertex -6 26.15 5
    endloop
  endfacet
  facet normal 1 0 0
    outer loop
      vertex -6 26.15 0
      vertex -6 23.15 5
      vertex -6 23.15 0
    endloop
  endfacet
  facet normal -1 0 0
    outer loop
      vertex 6 23.15 0
      vertex 6 26.15 5
      vertex 6 26.15 0
    endloop
  endfacet
  facet normal -1 -0 0
    outer loop
      vertex 6 26.15 5
      vertex 6 23.15 0
      vertex 6 23.15 5
    endloop
  endfacet
  facet normal 0 -1 0
    outer loop
      vertex -6 26.15 0
      vertex 6 26.15 5
      vertex -6 26.15 5
    endloop
  endfacet
  facet normal 0 -1 -0
    outer loop
      vertex 6 26.15 5
      vertex -6 26.15 0
      vertex 6 26.15 0
    endloop
  endfacet
  facet normal 0 1 -0
    outer loop
      vertex 6 23.15 0
      vertex -6 23.15 5
      vertex 6 23.15 5
    endloop
  endfacet
  facet normal 0 1 0
    outer loop
      vertex -6 23.15 5
      vertex 6 23.15 0
      vertex -6 23.15 0
    endloop
  endfacet
  facet normal 0.241077 0.970506 0
    outer loop
      vertex 22.8069 -5.66546 14.75
      vertex 21.6355 -5.37448 11.75
      vertex 21.6355 -5.37448 14.75
    endloop
  endfacet
  facet normal 0.241077 0.970506 -0
    outer loop
      vertex 22.8069 -5.66546 9.35
      vertex 21.6355 -5.37448 11.75
      vertex 22.8069 -5.66546 14.75
    endloop
  endfacet
  facet normal 0.241065 0.970509 -6.13523e-06
    outer loop
      vertex 21.6325 -5.37375 9.35
      vertex 21.6355 -5.37448 11.75
      vertex 22.8069 -5.66546 9.35
    endloop
  endfacet
  facet normal 0.236434 0.971647 0
    outer loop
      vertex 21.6355 -5.37448 11.75
      vertex 21.6325 -5.37375 9.35
      vertex 21.6325 -5.37375 11.75
    endloop
  endfacet
  facet normal 0 0 1
    outer loop
      vertex 23.4914 0.635681 9.35
      vertex 24.2911 0.657321 9.35
      vertex 24.22 1.97004 9.35
    endloop
  endfacet
  facet normal 0 0 1
    outer loop
      vertex 24.2911 0.657321 9.35
      vertex 23.4914 0.635681 9.35
      vertex 24.2911 -0.657321 9.35
    endloop
  endfacet
  facet normal 0 0 1
    outer loop
      vertex 23.4226 1.90518 9.35
      vertex 24.22 1.97004 9.35
      vertex 24.078 3.27699 9.35
    endloop
  endfacet
  facet normal -0 0 1
    outer loop
      vertex 23.4914 -0.635681 9.35
      vertex 24.2911 -0.657321 9.35
      vertex 23.4914 0.635681 9.35
    endloop
  endfacet
  facet normal 0 0 1
    outer loop
      vertex 23.2853 3.16911 9.35
      vertex 24.078 3.27699 9.35
      vertex 23.8656 4.57435 9.35
    endloop
  endfacet
  facet normal 0 0 1
    outer loop
      vertex 24.2911 -0.657321 9.35
      vertex 23.4914 -0.635681 9.35
      vertex 24.22 -1.97004 9.35
    endloop
  endfacet
  facet normal -0 0 1
    outer loop
      vertex 22.9786 4.88426 9.35
      vertex 23.8656 4.57435 9.35
      vertex 23.5833 5.85833 9.35
    endloop
  endfacet
  facet normal -0 0 1
    outer loop
      vertex 23.4226 -1.90518 9.35
      vertex 24.22 -1.97004 9.35
      vertex 23.4914 -0.635681 9.35
    endloop
  endfacet
  facet normal 0 0 1
    outer loop
      vertex 24.22 -1.97004 9.35
      vertex 23.4226 -1.90518 9.35
      vertex 24.078 -3.27699 9.35
    endloop
  endfacet
  facet normal 0 0 1
    outer loop
      vertex 24.22 1.97004 9.35
      vertex 23.4226 1.90518 9.35
      vertex 23.4914 0.635681 9.35
    endloop
  endfacet
  facet normal 0 0 1
    outer loop
      vertex 24.078 3.27699 9.35
      vertex 23.2853 3.16911 9.35
      vertex 23.4226 1.90518 9.35
    endloop
  endfacet
  facet normal 0 0 1
    outer loop
      vertex 23.8656 4.57435 9.35
      vertex 23.0799 4.42376 9.35
      vertex 23.2853 3.16911 9.35
    endloop
  endfacet
  facet normal 0 0 1
    outer loop
      vertex 23.8656 4.57435 9.35
      vertex 22.9786 4.88426 9.35
      vertex 23.0799 4.42376 9.35
    endloop
  endfacet
  facet normal -0 0 1
    outer loop
      vertex 22.8069 5.66546 9.35
      vertex 22.9786 4.88426 9.35
      vertex 23.5833 5.85833 9.35
    endloop
  endfacet
  facet normal -0 0 1
    outer loop
      vertex 21.6325 5.37375 9.35
      vertex 22.9786 4.88426 9.35
      vertex 22.8069 5.66546 9.35
    endloop
  endfacet
  facet normal 0 0 1
    outer loop
      vertex 22.9786 4.88426 9.35
      vertex 21.6325 5.37375 9.35
      vertex 21.8029 4.63435 9.35
    endloop
  endfacet
  facet normal -0 0 1
    outer loop
      vertex 23.2853 -3.16911 9.35
      vertex 24.078 -3.27699 9.35
      vertex 23.4226 -1.90518 9.35
    endloop
  endfacet
  facet normal 0 0 1
    outer loop
      vertex 24.078 -3.27699 9.35
      vertex 23.2853 -3.16911 9.35
      vertex 23.8656 -4.57435 9.35
    endloop
  endfacet
  facet normal -0 0 1
    outer loop
      vertex 23.0799 -4.42376 9.35
      vertex 23.8656 -4.57435 9.35
      vertex 23.2853 -3.16911 9.35
    endloop
  endfacet
  facet normal 0 0 1
    outer loop
      vertex 22.9786 -4.88426 9.35
      vertex 23.8656 -4.57435 9.35
      vertex 23.0799 -4.42376 9.35
    endloop
  endfacet
  facet normal 0 0 1
    outer loop
      vertex 23.8656 -4.57435 9.35
      vertex 22.9786 -4.88426 9.35
      vertex 23.5833 -5.85833 9.35
    endloop
  endfacet
  facet normal 0 0 1
    outer loop
      vertex 22.9786 -4.88426 9.35
      vertex 22.8069 -5.66546 9.35
      vertex 23.5833 -5.85833 9.35
    endloop
  endfacet
  facet normal 0 0 1
    outer loop
      vertex 21.6325 -5.37375 9.35
      vertex 22.9786 -4.88426 9.35
      vertex 21.8029 -4.63435 9.35
    endloop
  endfacet
  facet normal 0 0 1
    outer loop
      vertex 22.9786 -4.88426 9.35
      vertex 21.6325 -5.37375 9.35
      vertex 22.8069 -5.66546 9.35
    endloop
  endfacet
  facet normal 0.974458 -0.224571 0
    outer loop
      vertex 21.6325 -5.37375 11.75
      vertex 21.8029 -4.63435 9.35
      vertex 21.8029 -4.63435 11.75
    endloop
  endfacet
  facet normal 0.974458 -0.224571 0
    outer loop
      vertex 21.8029 -4.63435 9.35
      vertex 21.6325 -5.37375 11.75
      vertex 21.6325 -5.37375 9.35
    endloop
  endfacet
  facet normal -0.20762 -0.97821 -0
    outer loop
      vertex 21.8029 -4.63435 11.75
      vertex 21.8029 -4.63435 9.35
      vertex 21.8127 -4.63643 11.75
    endloop
  endfacet
  facet normal -0.207913 -0.978147 -0
    outer loop
      vertex 21.8127 -4.63643 14.74
      vertex 21.8127 -4.63643 11.75
      vertex 22.3996 -4.76118 14.74
    endloop
  endfacet
  facet normal -0.207927 -0.978144 0
    outer loop
      vertex 22.3996 -4.76118 14.74
      vertex 22.9786 -4.88426 14.75
      vertex 22.3996 -4.76118 14.75
    endloop
  endfacet
  facet normal -0.207928 -0.978144 3.06255e-06
    outer loop
      vertex 21.8127 -4.63643 11.75
      vertex 22.9786 -4.88426 14.75
      vertex 22.3996 -4.76118 14.74
    endloop
  endfacet
  facet normal -0.207917 -0.978146 1.26945e-06
    outer loop
      vertex 22.9786 -4.88426 9.35
      vertex 21.8127 -4.63643 11.75
      vertex 21.8029 -4.63435 9.35
    endloop
  endfacet
  facet normal -0.20792 -0.978146 0
    outer loop
      vertex 21.8127 -4.63643 11.75
      vertex 22.9786 -4.88426 9.35
      vertex 22.9786 -4.88426 14.75
    endloop
  endfacet
  facet normal -0.207927 0.978144 0
    outer loop
      vertex 22.9786 4.88426 14.75
      vertex 22.3996 4.76118 14.74
      vertex 22.3996 4.76118 14.75
    endloop
  endfacet
  facet normal -0.207913 0.978147 0
    outer loop
      vertex 22.3996 4.76118 14.74
      vertex 21.8127 4.63643 11.75
      vertex 21.8127 4.63643 14.74
    endloop
  endfacet
  facet normal -0.207928 0.978144 3.06255e-06
    outer loop
      vertex 22.9786 4.88426 14.75
      vertex 21.8127 4.63643 11.75
      vertex 22.3996 4.76118 14.74
    endloop
  endfacet
  facet normal -0.20792 0.978146 0
    outer loop
      vertex 22.9786 4.88426 9.35
      vertex 21.8127 4.63643 11.75
      vertex 22.9786 4.88426 14.75
    endloop
  endfacet
  facet normal -0.207917 0.978146 1.26945e-06
    outer loop
      vertex 21.8029 4.63435 9.35
      vertex 21.8127 4.63643 11.75
      vertex 22.9786 4.88426 9.35
    endloop
  endfacet
  facet normal -0.20762 0.97821 0
    outer loop
      vertex 21.8127 4.63643 11.75
      vertex 21.8029 4.63435 9.35
      vertex 21.8029 4.63435 11.75
    endloop
  endfacet
  facet normal 0.974458 0.224571 0
    outer loop
      vertex 21.8029 4.63435 11.75
      vertex 21.6325 5.37375 9.35
      vertex 21.6325 5.37375 11.75
    endloop
  endfacet
  facet normal 0.974458 0.224571 0
    outer loop
      vertex 21.6325 5.37375 9.35
      vertex 21.8029 4.63435 11.75
      vertex 21.8029 4.63435 9.35
    endloop
  endfacet
  facet normal 0.236434 -0.971647 0
    outer loop
      vertex 21.6325 5.37375 11.75
      vertex 21.6325 5.37375 9.35
      vertex 21.6355 5.37448 11.75
    endloop
  endfacet
  facet normal 0.241077 -0.970506 0
    outer loop
      vertex 21.6355 5.37448 11.75
      vertex 22.8069 5.66546 14.75
      vertex 21.6355 5.37448 14.75
    endloop
  endfacet
  facet normal 0.241065 -0.970509 -6.13523e-06
    outer loop
      vertex 22.8069 5.66546 9.35
      vertex 21.6355 5.37448 11.75
      vertex 21.6325 5.37375 9.35
    endloop
  endfacet
  facet normal 0.241077 -0.970506 0
    outer loop
      vertex 21.6355 5.37448 11.75
      vertex 22.8069 5.66546 9.35
      vertex 22.8069 5.66546 14.75
    endloop
  endfacet
  facet normal -0.970506 0.241077 0
    outer loop
      vertex 5.66546 22.8069 9.35
      vertex 5.37448 21.6355 11.75
      vertex 5.66546 22.8069 14.75
    endloop
  endfacet
  facet normal -0.970509 0.241065 -6.13523e-06
    outer loop
      vertex 5.37375 21.6325 9.35
      vertex 5.37448 21.6355 11.75
      vertex 5.66546 22.8069 9.35
    endloop
  endfacet
  facet normal -0.971647 0.236434 0
    outer loop
      vertex 5.37448 21.6355 11.75
      vertex 5.37375 21.6325 9.35
      vertex 5.37375 21.6325 11.75
    endloop
  endfacet
  facet normal -0.970506 0.241077 0
    outer loop
      vertex 5.66546 22.8069 14.75
      vertex 5.37448 21.6355 11.75
      vertex 5.37448 21.6355 14.75
    endloop
  endfacet
  facet normal -0 0 1
    outer loop
      vertex 4.88426 22.9786 9.35
      vertex 5.66546 22.8069 9.35
      vertex 5.85833 23.5833 9.35
    endloop
  endfacet
  facet normal 0 0 1
    outer loop
      vertex 5.66546 22.8069 9.35
      vertex 4.88426 22.9786 9.35
      vertex 5.37375 21.6325 9.35
    endloop
  endfacet
  facet normal 0 0 1
    outer loop
      vertex 4.57435 23.8656 9.35
      vertex 4.88426 22.9786 9.35
      vertex 5.85833 23.5833 9.35
    endloop
  endfacet
  facet normal 0 0 1
    outer loop
      vertex 4.57435 23.8656 9.35
      vertex 4.42376 23.0799 9.35
      vertex 4.88426 22.9786 9.35
    endloop
  endfacet
  facet normal 0 0 1
    outer loop
      vertex 3.27699 24.078 9.35
      vertex 4.42376 23.0799 9.35
      vertex 4.57435 23.8656 9.35
    endloop
  endfacet
  facet normal 0 0 1
    outer loop
      vertex 3.27699 24.078 9.35
      vertex 3.16911 23.2853 9.35
      vertex 4.42376 23.0799 9.35
    endloop
  endfacet
  facet normal 0 0 1
    outer loop
      vertex 1.97004 24.22 9.35
      vertex 3.16911 23.2853 9.35
      vertex 3.27699 24.078 9.35
    endloop
  endfacet
  facet normal 0 0 1
    outer loop
      vertex 1.97004 24.22 9.35
      vertex 1.90518 23.4226 9.35
      vertex 3.16911 23.2853 9.35
    endloop
  endfacet
  facet normal 0 0 1
    outer loop
      vertex 0.657321 24.2911 9.35
      vertex 1.90518 23.4226 9.35
      vertex 1.97004 24.22 9.35
    endloop
  endfacet
  facet normal 0 0 1
    outer loop
      vertex 0.657321 24.2911 9.35
      vertex 0.635681 23.4914 9.35
      vertex 1.90518 23.4226 9.35
    endloop
  endfacet
  facet normal 0 0 1
    outer loop
      vertex 0.657321 24.2911 9.35
      vertex -0.635681 23.4914 9.35
      vertex 0.635681 23.4914 9.35
    endloop
  endfacet
  facet normal -0 0 1
    outer loop
      vertex -0.657321 24.2911 9.35
      vertex -0.635681 23.4914 9.35
      vertex 0.657321 24.2911 9.35
    endloop
  endfacet
  facet normal 0 0 1
    outer loop
      vertex -0.657321 24.2911 9.35
      vertex -1.90518 23.4226 9.35
      vertex -0.635681 23.4914 9.35
    endloop
  endfacet
  facet normal -0 0 1
    outer loop
      vertex -1.97004 24.22 9.35
      vertex -1.90518 23.4226 9.35
      vertex -0.657321 24.2911 9.35
    endloop
  endfacet
  facet normal 0 0 1
    outer loop
      vertex -1.97004 24.22 9.35
      vertex -3.16911 23.2853 9.35
      vertex -1.90518 23.4226 9.35
    endloop
  endfacet
  facet normal -0 0 1
    outer loop
      vertex -3.27699 24.078 9.35
      vertex -3.16911 23.2853 9.35
      vertex -1.97004 24.22 9.35
    endloop
  endfacet
  facet normal 0 0 1
    outer loop
      vertex -3.27699 24.078 9.35
      vertex -4.42376 23.0799 9.35
      vertex -3.16911 23.2853 9.35
    endloop
  endfacet
  facet normal -0 0 1
    outer loop
      vertex -4.57435 23.8656 9.35
      vertex -4.42376 23.0799 9.35
      vertex -3.27699 24.078 9.35
    endloop
  endfacet
  facet normal 0 0 1
    outer loop
      vertex -4.57435 23.8656 9.35
      vertex -4.88426 22.9786 9.35
      vertex -4.42376 23.0799 9.35
    endloop
  endfacet
  facet normal -0 0 1
    outer loop
      vertex -5.85833 23.5833 9.35
      vertex -4.88426 22.9786 9.35
      vertex -4.57435 23.8656 9.35
    endloop
  endfacet
  facet normal 0 0 1
    outer loop
      vertex -4.88426 22.9786 9.35
      vertex -5.66546 22.8069 9.35
      vertex -5.37375 21.6325 9.35
    endloop
  endfacet
  facet normal 0 0 1
    outer loop
      vertex -4.88426 22.9786 9.35
      vertex -5.85833 23.5833 9.35
      vertex -5.66546 22.8069 9.35
    endloop
  endfacet
  facet normal 0 0 1
    outer loop
      vertex 5.37375 21.6325 9.35
      vertex 4.88426 22.9786 9.35
      vertex 4.63435 21.8029 9.35
    endloop
  endfacet
  facet normal 0 0 1
    outer loop
      vertex -4.63435 21.8029 9.35
      vertex -4.88426 22.9786 9.35
      vertex -5.37375 21.6325 9.35
    endloop
  endfacet
  facet normal 0.224571 0.974458 -0
    outer loop
      vertex 5.37375 21.6325 9.35
      vertex 4.63435 21.8029 11.75
      vertex 5.37375 21.6325 11.75
    endloop
  endfacet
  facet normal 0.224571 0.974458 0
    outer loop
      vertex 4.63435 21.8029 11.75
      vertex 5.37375 21.6325 9.35
      vertex 4.63435 21.8029 9.35
    endloop
  endfacet
  facet normal 0.978144 -0.207927 0
    outer loop
      vertex 4.76118 22.3996 14.74
      vertex 4.88426 22.9786 14.75
      vertex 4.76118 22.3996 14.75
    endloop
  endfacet
  facet normal 0.978144 -0.207928 3.06255e-06
    outer loop
      vertex 4.63643 21.8127 11.75
      vertex 4.88426 22.9786 14.75
      vertex 4.76118 22.3996 14.74
    endloop
  endfacet
  facet normal 0.978147 -0.207913 0
    outer loop
      vertex 4.63643 21.8127 11.75
      vertex 4.76118 22.3996 14.74
      vertex 4.63643 21.8127 14.74
    endloop
  endfacet
  facet normal 0.978146 -0.20792 0
    outer loop
      vertex 4.88426 22.9786 14.75
      vertex 4.63643 21.8127 11.75
      vertex 4.88426 22.9786 9.35
    endloop
  endfacet
  facet normal 0.97821 -0.20762 0
    outer loop
      vertex 4.63435 21.8029 9.35
      vertex 4.63643 21.8127 11.75
      vertex 4.63435 21.8029 11.75
    endloop
  endfacet
  facet normal 0.978146 -0.207917 1.26945e-06
    outer loop
      vertex 4.63643 21.8127 11.75
      vertex 4.63435 21.8029 9.35
      vertex 4.88426 22.9786 9.35
    endloop
  endfacet
  facet normal -0.978146 -0.20792 0
    outer loop
      vertex -4.63643 21.8127 11.75
      vertex -4.88426 22.9786 14.75
      vertex -4.88426 22.9786 9.35
    endloop
  endfacet
  facet normal -0.978144 -0.207928 3.06255e-06
    outer loop
      vertex -4.88426 22.9786 14.75
      vertex -4.63643 21.8127 11.75
      vertex -4.76118 22.3996 14.74
    endloop
  endfacet
  facet normal -0.978146 -0.207917 1.26945e-06
    outer loop
      vertex -4.63435 21.8029 9.35
      vertex -4.63643 21.8127 11.75
      vertex -4.88426 22.9786 9.35
    endloop
  endfacet
  facet normal -0.97821 -0.20762 0
    outer loop
      vertex -4.63643 21.8127 11.75
      vertex -4.63435 21.8029 9.35
      vertex -4.63435 21.8029 11.75
    endloop
  endfacet
  facet normal -0.978144 -0.207927 0
    outer loop
      vertex -4.88426 22.9786 14.75
      vertex -4.76118 22.3996 14.74
      vertex -4.76118 22.3996 14.75
    endloop
  endfacet
  facet normal -0.978147 -0.207913 0
    outer loop
      vertex -4.76118 22.3996 14.74
      vertex -4.63643 21.8127 11.75
      vertex -4.63643 21.8127 14.74
    endloop
  endfacet
  facet normal -0.224571 0.974458 0
    outer loop
      vertex -4.63435 21.8029 9.35
      vertex -5.37375 21.6325 11.75
      vertex -4.63435 21.8029 11.75
    endloop
  endfacet
  facet normal -0.224571 0.974458 0
    outer loop
      vertex -5.37375 21.6325 11.75
      vertex -4.63435 21.8029 9.35
      vertex -5.37375 21.6325 9.35
    endloop
  endfacet
  facet normal 0.970506 0.241077 -0
    outer loop
      vertex -5.37448 21.6355 11.75
      vertex -5.66546 22.8069 14.75
      vertex -5.37448 21.6355 14.75
    endloop
  endfacet
  facet normal 0.970506 0.241077 0
    outer loop
      vertex -5.66546 22.8069 14.75
      vertex -5.37448 21.6355 11.75
      vertex -5.66546 22.8069 9.35
    endloop
  endfacet
  facet normal 0.971647 0.236434 -0
    outer loop
      vertex -5.37375 21.6325 9.35
      vertex -5.37448 21.6355 11.75
      vertex -5.37375 21.6325 11.75
    endloop
  endfacet
  facet normal 0.970509 0.241065 -6.13523e-06
    outer loop
      vertex -5.37448 21.6355 11.75
      vertex -5.37375 21.6325 9.35
      vertex -5.66546 22.8069 9.35
    endloop
  endfacet
  facet normal -0.241077 -0.970506 0
    outer loop
      vertex -22.8069 5.66546 14.75
      vertex -21.6355 5.37448 11.75
      vertex -21.6355 5.37448 14.75
    endloop
  endfacet
  facet normal -0.241077 -0.970506 0
    outer loop
      vertex -22.8069 5.66546 9.35
      vertex -21.6355 5.37448 11.75
      vertex -22.8069 5.66546 14.75
    endloop
  endfacet
  facet normal -0.241065 -0.970509 -6.13523e-06
    outer loop
      vertex -21.6325 5.37375 9.35
      vertex -21.6355 5.37448 11.75
      vertex -22.8069 5.66546 9.35
    endloop
  endfacet
  facet normal -0.236434 -0.971647 0
    outer loop
      vertex -21.6355 5.37448 11.75
      vertex -21.6325 5.37375 9.35
      vertex -21.6325 5.37375 11.75
    endloop
  endfacet
  facet normal 0 0 1
    outer loop
      vertex -22.9786 4.88426 9.35
      vertex -21.6325 5.37375 9.35
      vertex -22.8069 5.66546 9.35
    endloop
  endfacet
  facet normal 0 0 1
    outer loop
      vertex -21.6325 5.37375 9.35
      vertex -22.9786 4.88426 9.35
      vertex -21.8029 4.63435 9.35
    endloop
  endfacet
  facet normal 0 0 1
    outer loop
      vertex -23.2853 3.16911 9.35
      vertex -24.078 3.27699 9.35
      vertex -23.4226 1.90518 9.35
    endloop
  endfacet
  facet normal -0 0 1
    outer loop
      vertex -24.078 3.27699 9.35
      vertex -23.2853 3.16911 9.35
      vertex -23.8656 4.57435 9.35
    endloop
  endfacet
  facet normal 0 0 1
    outer loop
      vertex -23.0799 4.42376 9.35
      vertex -23.8656 4.57435 9.35
      vertex -23.2853 3.16911 9.35
    endloop
  endfacet
  facet normal 0 0 1
    outer loop
      vertex -22.9786 4.88426 9.35
      vertex -23.8656 4.57435 9.35
      vertex -23.0799 4.42376 9.35
    endloop
  endfacet
  facet normal 0 0 1
    outer loop
      vertex -23.8656 4.57435 9.35
      vertex -22.9786 4.88426 9.35
      vertex -23.5833 5.85833 9.35
    endloop
  endfacet
  facet normal 0 0 1
    outer loop
      vertex -23.5833 5.85833 9.35
      vertex -22.9786 4.88426 9.35
      vertex -22.8069 5.66546 9.35
    endloop
  endfacet
  facet normal -0 0 1
    outer loop
      vertex -22.9786 -4.88426 9.35
      vertex -21.6325 -5.37375 9.35
      vertex -21.8029 -4.63435 9.35
    endloop
  endfacet
  facet normal 0 0 1
    outer loop
      vertex -21.6325 -5.37375 9.35
      vertex -22.9786 -4.88426 9.35
      vertex -22.8069 -5.66546 9.35
    endloop
  endfacet
  facet normal 0 0 1
    outer loop
      vertex -22.9786 -4.88426 9.35
      vertex -23.5833 -5.85833 9.35
      vertex -22.8069 -5.66546 9.35
    endloop
  endfacet
  facet normal -0 0 1
    outer loop
      vertex -23.8656 -4.57435 9.35
      vertex -22.9786 -4.88426 9.35
      vertex -23.0799 -4.42376 9.35
    endloop
  endfacet
  facet normal 0 0 1
    outer loop
      vertex -23.8656 -4.57435 9.35
      vertex -23.0799 -4.42376 9.35
      vertex -23.2853 -3.16911 9.35
    endloop
  endfacet
  facet normal 0 0 1
    outer loop
      vertex -24.078 -3.27699 9.35
      vertex -23.2853 -3.16911 9.35
      vertex -23.4226 -1.90518 9.35
    endloop
  endfacet
  facet normal 0 0 1
    outer loop
      vertex -24.22 -1.97004 9.35
      vertex -23.4226 -1.90518 9.35
      vertex -23.4914 -0.635681 9.35
    endloop
  endfacet
  facet normal -0 0 1
    outer loop
      vertex -24.22 1.97004 9.35
      vertex -23.4226 1.90518 9.35
      vertex -24.078 3.27699 9.35
    endloop
  endfacet
  facet normal 0 0 1
    outer loop
      vertex -23.4226 1.90518 9.35
      vertex -24.22 1.97004 9.35
      vertex -23.4914 0.635681 9.35
    endloop
  endfacet
  facet normal 0 0 1
    outer loop
      vertex -22.9786 -4.88426 9.35
      vertex -23.8656 -4.57435 9.35
      vertex -23.5833 -5.85833 9.35
    endloop
  endfacet
  facet normal -0 0 1
    outer loop
      vertex -24.2911 0.657321 9.35
      vertex -23.4914 0.635681 9.35
      vertex -24.22 1.97004 9.35
    endloop
  endfacet
  facet normal 0 0 1
    outer loop
      vertex -23.2853 -3.16911 9.35
      vertex -24.078 -3.27699 9.35
      vertex -23.8656 -4.57435 9.35
    endloop
  endfacet
  facet normal 0 0 1
    outer loop
      vertex -23.4914 0.635681 9.35
      vertex -24.2911 0.657321 9.35
      vertex -23.4914 -0.635681 9.35
    endloop
  endfacet
  facet normal 0 0 1
    outer loop
      vertex -23.4226 -1.90518 9.35
      vertex -24.22 -1.97004 9.35
      vertex -24.078 -3.27699 9.35
    endloop
  endfacet
  facet normal 0 0 1
    outer loop
      vertex -24.2911 -0.657321 9.35
      vertex -23.4914 -0.635681 9.35
      vertex -24.2911 0.657321 9.35
    endloop
  endfacet
  facet normal 0 0 1
    outer loop
      vertex -23.4914 -0.635681 9.35
      vertex -24.2911 -0.657321 9.35
      vertex -24.22 -1.97004 9.35
    endloop
  endfacet
  facet normal -0.974458 0.224571 0
    outer loop
      vertex -21.8029 4.63435 9.35
      vertex -21.6325 5.37375 11.75
      vertex -21.6325 5.37375 9.35
    endloop
  endfacet
  facet normal -0.974458 0.224571 0
    outer loop
      vertex -21.6325 5.37375 11.75
      vertex -21.8029 4.63435 9.35
      vertex -21.8029 4.63435 11.75
    endloop
  endfacet
  facet normal 0.20762 0.97821 0
    outer loop
      vertex -21.8029 4.63435 11.75
      vertex -21.8029 4.63435 9.35
      vertex -21.8127 4.63643 11.75
    endloop
  endfacet
  facet normal 0.207913 0.978147 0
    outer loop
      vertex -21.8127 4.63643 14.74
      vertex -21.8127 4.63643 11.75
      vertex -22.3996 4.76118 14.74
    endloop
  endfacet
  facet normal 0.207927 0.978144 -0
    outer loop
      vertex -22.3996 4.76118 14.74
      vertex -22.9786 4.88426 14.75
      vertex -22.3996 4.76118 14.75
    endloop
  endfacet
  facet normal 0.207928 0.978144 3.06255e-06
    outer loop
      vertex -21.8127 4.63643 11.75
      vertex -22.9786 4.88426 14.75
      vertex -22.3996 4.76118 14.74
    endloop
  endfacet
  facet normal 0.207917 0.978146 1.26945e-06
    outer loop
      vertex -22.9786 4.88426 9.35
      vertex -21.8127 4.63643 11.75
      vertex -21.8029 4.63435 9.35
    endloop
  endfacet
  facet normal 0.20792 0.978146 0
    outer loop
      vertex -21.8127 4.63643 11.75
      vertex -22.9786 4.88426 9.35
      vertex -22.9786 4.88426 14.75
    endloop
  endfacet
  facet normal 0.207927 -0.978144 0
    outer loop
      vertex -22.9786 -4.88426 14.75
      vertex -22.3996 -4.76118 14.74
      vertex -22.3996 -4.76118 14.75
    endloop
  endfacet
  facet normal 0.207913 -0.978147 0
    outer loop
      vertex -22.3996 -4.76118 14.74
      vertex -21.8127 -4.63643 11.75
      vertex -21.8127 -4.63643 14.74
    endloop
  endfacet
  facet normal 0.207928 -0.978144 3.06255e-06
    outer loop
      vertex -22.9786 -4.88426 14.75
      vertex -21.8127 -4.63643 11.75
      vertex -22.3996 -4.76118 14.74
    endloop
  endfacet
  facet normal 0.20792 -0.978146 0
    outer loop
      vertex -22.9786 -4.88426 9.35
      vertex -21.8127 -4.63643 11.75
      vertex -22.9786 -4.88426 14.75
    endloop
  endfacet
  facet normal 0.207917 -0.978146 1.26945e-06
    outer loop
      vertex -21.8029 -4.63435 9.35
      vertex -21.8127 -4.63643 11.75
      vertex -22.9786 -4.88426 9.35
    endloop
  endfacet
  facet normal 0.20762 -0.97821 0
    outer loop
      vertex -21.8127 -4.63643 11.75
      vertex -21.8029 -4.63435 9.35
      vertex -21.8029 -4.63435 11.75
    endloop
  endfacet
  facet normal -0.974458 -0.224571 0
    outer loop
      vertex -21.6325 -5.37375 9.35
      vertex -21.8029 -4.63435 11.75
      vertex -21.8029 -4.63435 9.35
    endloop
  endfacet
  facet normal -0.974458 -0.224571 0
    outer loop
      vertex -21.8029 -4.63435 11.75
      vertex -21.6325 -5.37375 9.35
      vertex -21.6325 -5.37375 11.75
    endloop
  endfacet
  facet normal -0.236434 0.971647 0
    outer loop
      vertex -21.6325 -5.37375 11.75
      vertex -21.6325 -5.37375 9.35
      vertex -21.6355 -5.37448 11.75
    endloop
  endfacet
  facet normal -0.241077 0.970506 0
    outer loop
      vertex -21.6355 -5.37448 11.75
      vertex -22.8069 -5.66546 14.75
      vertex -21.6355 -5.37448 14.75
    endloop
  endfacet
  facet normal -0.241065 0.970509 -6.13523e-06
    outer loop
      vertex -22.8069 -5.66546 9.35
      vertex -21.6355 -5.37448 11.75
      vertex -21.6325 -5.37375 9.35
    endloop
  endfacet
  facet normal -0.241077 0.970506 0
    outer loop
      vertex -21.6355 -5.37448 11.75
      vertex -22.8069 -5.66546 9.35
      vertex -22.8069 -5.66546 14.75
    endloop
  endfacet
  facet normal 0.970506 -0.241077 0
    outer loop
      vertex -5.37448 -21.6355 14.75
      vertex -5.66546 -22.8069 14.75
      vertex -5.37448 -21.6355 11.75
    endloop
  endfacet
  facet normal 0.971647 -0.236434 0
    outer loop
      vertex -5.37448 -21.6355 11.75
      vertex -5.37375 -21.6325 9.35
      vertex -5.37375 -21.6325 11.75
    endloop
  endfacet
  facet normal 0.970506 -0.241077 0
    outer loop
      vertex -5.66546 -22.8069 9.35
      vertex -5.37448 -21.6355 11.75
      vertex -5.66546 -22.8069 14.75
    endloop
  endfacet
  facet normal 0.970509 -0.241065 -6.13523e-06
    outer loop
      vertex -5.37448 -21.6355 11.75
      vertex -5.66546 -22.8069 9.35
      vertex -5.37375 -21.6325 9.35
    endloop
  endfacet
  facet normal 0 0 1
    outer loop
      vertex -4.63435 -21.8029 9.35
      vertex -5.37375 -21.6325 9.35
      vertex -4.88426 -22.9786 9.35
    endloop
  endfacet
  facet normal 0 0 1
    outer loop
      vertex 5.37375 -21.6325 9.35
      vertex 4.63435 -21.8029 9.35
      vertex 4.88426 -22.9786 9.35
    endloop
  endfacet
  facet normal 0 0 1
    outer loop
      vertex 4.88426 -22.9786 9.35
      vertex 5.66546 -22.8069 9.35
      vertex 5.37375 -21.6325 9.35
    endloop
  endfacet
  facet normal 0 0 1
    outer loop
      vertex 5.66546 -22.8069 9.35
      vertex 4.88426 -22.9786 9.35
      vertex 5.85833 -23.5833 9.35
    endloop
  endfacet
  facet normal 0 0 1
    outer loop
      vertex 4.88426 -22.9786 9.35
      vertex 4.57435 -23.8656 9.35
      vertex 5.85833 -23.5833 9.35
    endloop
  endfacet
  facet normal -0 0 1
    outer loop
      vertex 4.42376 -23.0799 9.35
      vertex 4.57435 -23.8656 9.35
      vertex 4.88426 -22.9786 9.35
    endloop
  endfacet
  facet normal 0 0 1
    outer loop
      vertex 4.42376 -23.0799 9.35
      vertex 3.27699 -24.078 9.35
      vertex 4.57435 -23.8656 9.35
    endloop
  endfacet
  facet normal -0 0 1
    outer loop
      vertex 3.16911 -23.2853 9.35
      vertex 3.27699 -24.078 9.35
      vertex 4.42376 -23.0799 9.35
    endloop
  endfacet
  facet normal 0 0 1
    outer loop
      vertex 3.16911 -23.2853 9.35
      vertex 1.97004 -24.22 9.35
      vertex 3.27699 -24.078 9.35
    endloop
  endfacet
  facet normal -0 0 1
    outer loop
      vertex 1.90518 -23.4226 9.35
      vertex 1.97004 -24.22 9.35
      vertex 3.16911 -23.2853 9.35
    endloop
  endfacet
  facet normal 0 0 1
    outer loop
      vertex 1.90518 -23.4226 9.35
      vertex 0.657321 -24.2911 9.35
      vertex 1.97004 -24.22 9.35
    endloop
  endfacet
  facet normal -0 0 1
    outer loop
      vertex 0.635681 -23.4914 9.35
      vertex 0.657321 -24.2911 9.35
      vertex 1.90518 -23.4226 9.35
    endloop
  endfacet
  facet normal -0 0 1
    outer loop
      vertex -0.635681 -23.4914 9.35
      vertex 0.657321 -24.2911 9.35
      vertex 0.635681 -23.4914 9.35
    endloop
  endfacet
  facet normal 0 0 1
    outer loop
      vertex -0.635681 -23.4914 9.35
      vertex -0.657321 -24.2911 9.35
      vertex 0.657321 -24.2911 9.35
    endloop
  endfacet
  facet normal 0 0 1
    outer loop
      vertex -1.90518 -23.4226 9.35
      vertex -0.657321 -24.2911 9.35
      vertex -0.635681 -23.4914 9.35
    endloop
  endfacet
  facet normal 0 0 1
    outer loop
      vertex -1.90518 -23.4226 9.35
      vertex -1.97004 -24.22 9.35
      vertex -0.657321 -24.2911 9.35
    endloop
  endfacet
  facet normal 0 0 1
    outer loop
      vertex -3.16911 -23.2853 9.35
      vertex -1.97004 -24.22 9.35
      vertex -1.90518 -23.4226 9.35
    endloop
  endfacet
  facet normal 0 0 1
    outer loop
      vertex -3.16911 -23.2853 9.35
      vertex -3.27699 -24.078 9.35
      vertex -1.97004 -24.22 9.35
    endloop
  endfacet
  facet normal 0 0 1
    outer loop
      vertex -4.42376 -23.0799 9.35
      vertex -3.27699 -24.078 9.35
      vertex -3.16911 -23.2853 9.35
    endloop
  endfacet
  facet normal 0 0 1
    outer loop
      vertex -4.42376 -23.0799 9.35
      vertex -4.57435 -23.8656 9.35
      vertex -3.27699 -24.078 9.35
    endloop
  endfacet
  facet normal 0 0 1
    outer loop
      vertex -4.88426 -22.9786 9.35
      vertex -4.57435 -23.8656 9.35
      vertex -4.42376 -23.0799 9.35
    endloop
  endfacet
  facet normal -0 0 1
    outer loop
      vertex -5.66546 -22.8069 9.35
      vertex -4.88426 -22.9786 9.35
      vertex -5.37375 -21.6325 9.35
    endloop
  endfacet
  facet normal 0 0 1
    outer loop
      vertex -5.85833 -23.5833 9.35
      vertex -4.88426 -22.9786 9.35
      vertex -5.66546 -22.8069 9.35
    endloop
  endfacet
  facet normal 0 0 1
    outer loop
      vertex -4.88426 -22.9786 9.35
      vertex -5.85833 -23.5833 9.35
      vertex -4.57435 -23.8656 9.35
    endloop
  endfacet
  facet normal -0.224571 -0.974458 0
    outer loop
      vertex -5.37375 -21.6325 9.35
      vertex -4.63435 -21.8029 11.75
      vertex -5.37375 -21.6325 11.75
    endloop
  endfacet
  facet normal -0.224571 -0.974458 -0
    outer loop
      vertex -4.63435 -21.8029 11.75
      vertex -5.37375 -21.6325 9.35
      vertex -4.63435 -21.8029 9.35
    endloop
  endfacet
  facet normal -0.97821 0.20762 0
    outer loop
      vertex -4.63435 -21.8029 9.35
      vertex -4.63643 -21.8127 11.75
      vertex -4.63435 -21.8029 11.75
    endloop
  endfacet
  facet normal -0.978147 0.207913 0
    outer loop
      vertex -4.63643 -21.8127 11.75
      vertex -4.76118 -22.3996 14.74
      vertex -4.63643 -21.8127 14.74
    endloop
  endfacet
  facet normal -0.978146 0.207917 1.26945e-06
    outer loop
      vertex -4.88426 -22.9786 9.35
      vertex -4.63643 -21.8127 11.75
      vertex -4.63435 -21.8029 9.35
    endloop
  endfacet
  facet normal -0.978146 0.20792 0
    outer loop
      vertex -4.88426 -22.9786 14.75
      vertex -4.63643 -21.8127 11.75
      vertex -4.88426 -22.9786 9.35
    endloop
  endfacet
  facet normal -0.978144 0.207928 3.06255e-06
    outer loop
      vertex -4.63643 -21.8127 11.75
      vertex -4.88426 -22.9786 14.75
      vertex -4.76118 -22.3996 14.74
    endloop
  endfacet
  facet normal -0.978144 0.207927 0
    outer loop
      vertex -4.76118 -22.3996 14.74
      vertex -4.88426 -22.9786 14.75
      vertex -4.76118 -22.3996 14.75
    endloop
  endfacet
  facet normal 0.978144 0.207927 0
    outer loop
      vertex 4.76118 -22.3996 14.75
      vertex 4.88426 -22.9786 14.75
      vertex 4.76118 -22.3996 14.74
    endloop
  endfacet
  facet normal 0.978147 0.207913 0
    outer loop
      vertex 4.63643 -21.8127 14.74
      vertex 4.76118 -22.3996 14.74
      vertex 4.63643 -21.8127 11.75
    endloop
  endfacet
  facet normal 0.97821 0.20762 0
    outer loop
      vertex 4.63643 -21.8127 11.75
      vertex 4.63435 -21.8029 9.35
      vertex 4.63435 -21.8029 11.75
    endloop
  endfacet
  facet normal 0.978144 0.207928 3.06255e-06
    outer loop
      vertex 4.88426 -22.9786 14.75
      vertex 4.63643 -21.8127 11.75
      vertex 4.76118 -22.3996 14.74
    endloop
  endfacet
  facet normal 0.978146 0.20792 0
    outer loop
      vertex 4.63643 -21.8127 11.75
      vertex 4.88426 -22.9786 14.75
      vertex 4.88426 -22.9786 9.35
    endloop
  endfacet
  facet normal 0.978146 0.207917 1.26945e-06
    outer loop
      vertex 4.63643 -21.8127 11.75
      vertex 4.88426 -22.9786 9.35
      vertex 4.63435 -21.8029 9.35
    endloop
  endfacet
  facet normal 0.224571 -0.974458 0
    outer loop
      vertex 4.63435 -21.8029 9.35
      vertex 5.37375 -21.6325 11.75
      vertex 4.63435 -21.8029 11.75
    endloop
  endfacet
  facet normal 0.224571 -0.974458 0
    outer loop
      vertex 5.37375 -21.6325 11.75
      vertex 4.63435 -21.8029 9.35
      vertex 5.37375 -21.6325 9.35
    endloop
  endfacet
  facet normal -0.971647 -0.236434 0
    outer loop
      vertex 5.37375 -21.6325 9.35
      vertex 5.37448 -21.6355 11.75
      vertex 5.37375 -21.6325 11.75
    endloop
  endfacet
  facet normal -0.970509 -0.241065 -6.13523e-06
    outer loop
      vertex 5.66546 -22.8069 9.35
      vertex 5.37448 -21.6355 11.75
      vertex 5.37375 -21.6325 9.35
    endloop
  endfacet
  facet normal -0.970506 -0.241077 -0
    outer loop
      vertex 5.66546 -22.8069 14.75
      vertex 5.37448 -21.6355 11.75
      vertex 5.66546 -22.8069 9.35
    endloop
  endfacet
  facet normal -0.970506 -0.241077 0
    outer loop
      vertex 5.37448 -21.6355 11.75
      vertex 5.66546 -22.8069 14.75
      vertex 5.37448 -21.6355 14.75
    endloop
  endfacet
  facet normal 0.241088 0.970503 -0
    outer loop
      vertex 23.5833 -5.85833 9.35
      vertex 22.8069 -5.66546 14.75
      vertex 23.5833 -5.85833 14.75
    endloop
  endfacet
  facet normal 0.241088 0.970503 0
    outer loop
      vertex 22.8069 -5.66546 14.75
      vertex 23.5833 -5.85833 9.35
      vertex 22.8069 -5.66546 9.35
    endloop
  endfacet
  facet normal 0.241088 -0.970503 0
    outer loop
      vertex 22.8069 5.66546 9.35
      vertex 23.5833 5.85833 14.75
      vertex 22.8069 5.66546 14.75
    endloop
  endfacet
  facet normal 0.241088 -0.970503 0
    outer loop
      vertex 23.5833 5.85833 14.75
      vertex 22.8069 5.66546 9.35
      vertex 23.5833 5.85833 9.35
    endloop
  endfacet
  facet normal -0.976672 0.214734 0
    outer loop
      vertex 23.5833 -5.85833 9.35
      vertex 23.8656 -4.57435 14.75
      vertex 23.8656 -4.57435 9.35
    endloop
  endfacet
  facet normal -0.976672 0.214734 0
    outer loop
      vertex 23.8656 -4.57435 14.75
      vertex 23.5833 -5.85833 9.35
      vertex 23.5833 -5.85833 14.75
    endloop
  endfacet
  facet normal 0.976668 -0.214753 0
    outer loop
      vertex 23.0306 -4.64797 14.74
      vertex 23.0799 -4.42376 14.75
      vertex 23.0306 -4.64797 14.75
    endloop
  endfacet
  facet normal 0.976668 -0.214753 0
    outer loop
      vertex 23.0799 -4.42376 14.75
      vertex 23.0306 -4.64797 14.74
      vertex 23.0799 -4.42376 9.35
    endloop
  endfacet
  facet normal 0.97663 -0.214926 0
    outer loop
      vertex 22.9786 -4.88426 9.35
      vertex 23.0306 -4.64797 14.74
      vertex 22.9786 -4.88426 14.74
    endloop
  endfacet
  facet normal 0.976649 -0.214842 -3.86513e-06
    outer loop
      vertex 23.0306 -4.64797 14.74
      vertex 22.9786 -4.88426 9.35
      vertex 23.0799 -4.42376 9.35
    endloop
  endfacet
  facet normal 0 0 0
    outer loop
      vertex 22.9786 -4.88426 9.35
      vertex 22.9786 -4.88426 14.74
      vertex 22.9786 -4.88426 14.75
    endloop
  endfacet
  facet normal -0.986862 0.161566 0
    outer loop
      vertex 23.8656 -4.57435 9.35
      vertex 24.078 -3.27699 14.75
      vertex 24.078 -3.27699 9.35
    endloop
  endfacet
  facet normal -0.986862 0.161566 0
    outer loop
      vertex 24.078 -3.27699 14.75
      vertex 23.8656 -4.57435 9.35
      vertex 23.8656 -4.57435 14.75
    endloop
  endfacet
  facet normal 0.986884 -0.161428 0
    outer loop
      vertex 23.1386 -4.0649 14.75
      vertex 23.0799 -4.42376 14.75
      vertex 23.1386 -4.0649 14.74
    endloop
  endfacet
  facet normal 0.9869 -0.161333 0
    outer loop
      vertex 23.2451 -3.41502 14.74
      vertex 23.2853 -3.16911 14.75
      vertex 23.2451 -3.41502 14.75
    endloop
  endfacet
  facet normal 0.9869 -0.161333 0
    outer loop
      vertex 23.2853 -3.16911 14.75
      vertex 23.2451 -3.41502 14.74
      vertex 23.2853 -3.16911 9.35
    endloop
  endfacet
  facet normal 0.986837 -0.161719 -1.80976e-05
    outer loop
      vertex 23.1386 -4.0649 14.74
      vertex 23.2853 -3.16911 9.35
      vertex 23.2451 -3.41502 14.74
    endloop
  endfacet
  facet normal 0.986884 -0.161428 0
    outer loop
      vertex 23.0799 -4.42376 9.35
      vertex 23.1386 -4.0649 14.74
      vertex 23.0799 -4.42376 14.75
    endloop
  endfacet
  facet normal 0.986863 -0.16156 9.03148e-06
    outer loop
      vertex 23.1386 -4.0649 14.74
      vertex 23.0799 -4.42376 9.35
      vertex 23.2853 -3.16911 9.35
    endloop
  endfacet
  facet normal -0.994149 0.108014 0
    outer loop
      vertex 24.078 -3.27699 9.35
      vertex 24.22 -1.97004 14.75
      vertex 24.22 -1.97004 9.35
    endloop
  endfacet
  facet normal -0.994149 0.108014 0
    outer loop
      vertex 24.22 -1.97004 14.75
      vertex 24.078 -3.27699 9.35
      vertex 24.078 -3.27699 14.75
    endloop
  endfacet
  facet normal 0.994142 -0.108081 0
    outer loop
      vertex 23.3226 -2.82602 14.75
      vertex 23.2853 -3.16911 14.75
      vertex 23.3226 -2.82602 14.74
    endloop
  endfacet
  facet normal 0.994157 -0.107939 0
    outer loop
      vertex 23.3936 -2.17228 14.74
      vertex 23.4226 -1.90518 14.75
      vertex 23.3936 -2.17228 14.75
    endloop
  endfacet
  facet normal 0.994157 -0.107939 0
    outer loop
      vertex 23.4226 -1.90518 14.75
      vertex 23.3936 -2.17228 14.74
      vertex 23.4226 -1.90518 9.35
    endloop
  endfacet
  facet normal 0.994154 -0.107971 -1.59125e-06
    outer loop
      vertex 23.3226 -2.82602 14.74
      vertex 23.4226 -1.90518 9.35
      vertex 23.3936 -2.17228 14.74
    endloop
  endfacet
  facet normal 0.994142 -0.108081 0
    outer loop
      vertex 23.2853 -3.16911 9.35
      vertex 23.3226 -2.82602 14.74
      vertex 23.2853 -3.16911 14.75
    endloop
  endfacet
  facet normal 0.994152 -0.107994 -5.59374e-06
    outer loop
      vertex 23.3226 -2.82602 14.74
      vertex 23.2853 -3.16911 9.35
      vertex 23.4226 -1.90518 9.35
    endloop
  endfacet
  facet normal -0.998536 0.0540831 0
    outer loop
      vertex 24.22 -1.97004 9.35
      vertex 24.2911 -0.657321 14.75
      vertex 24.2911 -0.657321 9.35
    endloop
  endfacet
  facet normal -0.998536 0.0540831 0
    outer loop
      vertex 24.2911 -0.657321 14.75
      vertex 24.22 -1.97004 9.35
      vertex 24.22 -1.97004 14.75
    endloop
  endfacet
  facet normal 0.998528 -0.0542428 0
    outer loop
      vertex 23.4403 -1.57935 14.75
      vertex 23.4226 -1.90518 14.75
      vertex 23.4403 -1.57935 14.74
    endloop
  endfacet
  facet normal 0.998533 -0.0541521 0
    outer loop
      vertex 23.4758 -0.923336 14.74
      vertex 23.4914 -0.635681 14.75
      vertex 23.4758 -0.923336 14.75
    endloop
  endfacet
  facet normal 0.998533 -0.0541521 0
    outer loop
      vertex 23.4914 -0.635681 14.75
      vertex 23.4758 -0.923336 14.74
      vertex 23.4914 -0.635681 9.35
    endloop
  endfacet
  facet normal 0.998539 -0.0540356 6.23139e-06
    outer loop
      vertex 23.4403 -1.57935 14.74
      vertex 23.4914 -0.635681 9.35
      vertex 23.4758 -0.923336 14.74
    endloop
  endfacet
  facet normal 0.998528 -0.0542428 0
    outer loop
      vertex 23.4226 -1.90518 9.35
      vertex 23.4403 -1.57935 14.74
      vertex 23.4226 -1.90518 14.75
    endloop
  endfacet
  facet normal 0.998535 -0.0541152 -7.73837e-06
    outer loop
      vertex 23.4403 -1.57935 14.74
      vertex 23.4226 -1.90518 9.35
      vertex 23.4914 -0.635681 9.35
    endloop
  endfacet
  facet normal -1 0 0
    outer loop
      vertex 24.2911 -0.657321 9.35
      vertex 24.2911 0.657321 14.75
      vertex 24.2911 0.657321 9.35
    endloop
  endfacet
  facet normal -1 -0 0
    outer loop
      vertex 24.2911 0.657321 14.75
      vertex 24.2911 -0.657321 9.35
      vertex 24.2911 -0.657321 14.75
    endloop
  endfacet
  facet normal 1 0 0
    outer loop
      vertex 23.4914 -0.328387 14.75
      vertex 23.4914 -0.635681 14.75
      vertex 23.4914 -0.328387 14.74
    endloop
  endfacet
  facet normal 1 0 0
    outer loop
      vertex 23.4914 0.328387 14.74
      vertex 23.4914 0.635681 14.75
      vertex 23.4914 0.328387 14.75
    endloop
  endfacet
  facet normal 1 0 0
    outer loop
      vertex 23.4914 0.635681 14.75
      vertex 23.4914 0.328387 14.74
      vertex 23.4914 0.635681 9.35
    endloop
  endfacet
  facet normal 1 -0 0
    outer loop
      vertex 23.4914 -0.328387 14.74
      vertex 23.4914 0.635681 9.35
      vertex 23.4914 0.328387 14.74
    endloop
  endfacet
  facet normal 1 0 0
    outer loop
      vertex 23.4914 -0.635681 9.35
      vertex 23.4914 -0.328387 14.74
      vertex 23.4914 -0.635681 14.75
    endloop
  endfacet
  facet normal 1 0 0
    outer loop
      vertex 23.4914 -0.328387 14.74
      vertex 23.4914 -0.635681 9.35
      vertex 23.4914 0.635681 9.35
    endloop
  endfacet
  facet normal -0.998536 -0.0540831 0
    outer loop
      vertex 24.2911 0.657321 9.35
      vertex 24.22 1.97004 14.75
      vertex 24.22 1.97004 9.35
    endloop
  endfacet
  facet normal -0.998536 -0.0540831 0
    outer loop
      vertex 24.22 1.97004 14.75
      vertex 24.2911 0.657321 9.35
      vertex 24.2911 0.657321 14.75
    endloop
  endfacet
  facet normal 0.998533 0.0541521 0
    outer loop
      vertex 23.4758 0.923336 14.75
      vertex 23.4914 0.635681 14.75
      vertex 23.4758 0.923336 14.74
    endloop
  endfacet
  facet normal 0.998528 0.0542428 -0
    outer loop
      vertex 23.4403 1.57935 14.74
      vertex 23.4226 1.90518 14.75
      vertex 23.4403 1.57935 14.75
    endloop
  endfacet
  facet normal 0.998528 0.0542428 0
    outer loop
      vertex 23.4226 1.90518 14.75
      vertex 23.4403 1.57935 14.74
      vertex 23.4226 1.90518 9.35
    endloop
  endfacet
  facet normal 0.998539 0.0540356 -1.25619e-05
    outer loop
      vertex 23.4758 0.923336 14.74
      vertex 23.4226 1.90518 9.35
      vertex 23.4403 1.57935 14.74
    endloop
  endfacet
  facet normal 0.998533 0.0541521 -0
    outer loop
      vertex 23.4914 0.635681 9.35
      vertex 23.4758 0.923336 14.74
      vertex 23.4914 0.635681 14.75
    endloop
  endfacet
  facet normal 0.998535 0.0541152 1.97302e-06
    outer loop
      vertex 23.4758 0.923336 14.74
      vertex 23.4914 0.635681 9.35
      vertex 23.4226 1.90518 9.35
    endloop
  endfacet
  facet normal -0.994149 -0.108014 0
    outer loop
      vertex 24.22 1.97004 9.35
      vertex 24.078 3.27699 14.75
      vertex 24.078 3.27699 9.35
    endloop
  endfacet
  facet normal -0.994149 -0.108014 0
    outer loop
      vertex 24.078 3.27699 14.75
      vertex 24.22 1.97004 9.35
      vertex 24.22 1.97004 14.75
    endloop
  endfacet
  facet normal 0.994157 0.107939 0
    outer loop
      vertex 23.3936 2.17228 14.75
      vertex 23.4226 1.90518 14.75
      vertex 23.3936 2.17228 14.74
    endloop
  endfacet
  facet normal 0.994142 0.108081 -0
    outer loop
      vertex 23.3226 2.82602 14.74
      vertex 23.2853 3.16911 14.75
      vertex 23.3226 2.82602 14.75
    endloop
  endfacet
  facet normal 0.994142 0.108081 0
    outer loop
      vertex 23.2853 3.16911 14.75
      vertex 23.3226 2.82602 14.74
      vertex 23.2853 3.16911 9.35
    endloop
  endfacet
  facet normal 0.994154 0.107971 -1.59125e-06
    outer loop
      vertex 23.4226 1.90518 9.35
      vertex 23.3226 2.82602 14.74
      vertex 23.3936 2.17228 14.74
    endloop
  endfacet
  facet normal 0.994157 0.107939 -0
    outer loop
      vertex 23.4226 1.90518 9.35
      vertex 23.3936 2.17228 14.74
      vertex 23.4226 1.90518 14.75
    endloop
  endfacet
  facet normal 0.994152 0.107994 -5.59374e-06
    outer loop
      vertex 23.3226 2.82602 14.74
      vertex 23.4226 1.90518 9.35
      vertex 23.2853 3.16911 9.35
    endloop
  endfacet
  facet normal -0.986862 -0.161566 0
    outer loop
      vertex 24.078 3.27699 9.35
      vertex 23.8656 4.57435 14.75
      vertex 23.8656 4.57435 9.35
    endloop
  endfacet
  facet normal -0.986862 -0.161566 0
    outer loop
      vertex 23.8656 4.57435 14.75
      vertex 24.078 3.27699 9.35
      vertex 24.078 3.27699 14.75
    endloop
  endfacet
  facet normal 0.9869 0.161333 0
    outer loop
      vertex 23.2451 3.41502 14.75
      vertex 23.2853 3.16911 14.75
      vertex 23.2451 3.41502 14.74
    endloop
  endfacet
  facet normal 0.986884 0.161428 -0
    outer loop
      vertex 23.1386 4.0649 14.74
      vertex 23.0799 4.42376 14.75
      vertex 23.1386 4.0649 14.75
    endloop
  endfacet
  facet normal 0.986884 0.161428 0
    outer loop
      vertex 23.0799 4.42376 14.75
      vertex 23.1386 4.0649 14.74
      vertex 23.0799 4.42376 9.35
    endloop
  endfacet
  facet normal 0.986837 0.161719 -1.80976e-05
    outer loop
      vertex 23.2853 3.16911 9.35
      vertex 23.1386 4.0649 14.74
      vertex 23.2451 3.41502 14.74
    endloop
  endfacet
  facet normal 0.9869 0.161333 -0
    outer loop
      vertex 23.2853 3.16911 9.35
      vertex 23.2451 3.41502 14.74
      vertex 23.2853 3.16911 14.75
    endloop
  endfacet
  facet normal 0.986863 0.16156 9.03148e-06
    outer loop
      vertex 23.1386 4.0649 14.74
      vertex 23.2853 3.16911 9.35
      vertex 23.0799 4.42376 9.35
    endloop
  endfacet
  facet normal -0.976672 -0.214734 0
    outer loop
      vertex 23.8656 4.57435 9.35
      vertex 23.5833 5.85833 14.75
      vertex 23.5833 5.85833 9.35
    endloop
  endfacet
  facet normal -0.976672 -0.214734 0
    outer loop
      vertex 23.5833 5.85833 14.75
      vertex 23.8656 4.57435 9.35
      vertex 23.8656 4.57435 14.75
    endloop
  endfacet
  facet normal 0.976668 0.214753 0
    outer loop
      vertex 23.0306 4.64797 14.75
      vertex 23.0799 4.42376 14.75
      vertex 23.0306 4.64797 14.74
    endloop
  endfacet
  facet normal 0 0 0
    outer loop
      vertex 22.9786 4.88426 14.75
      vertex 22.9786 4.88426 14.74
      vertex 22.9786 4.88426 9.35
    endloop
  endfacet
  facet normal 0.97663 0.214926 0
    outer loop
      vertex 23.0306 4.64797 14.74
      vertex 22.9786 4.88426 9.35
      vertex 22.9786 4.88426 14.74
    endloop
  endfacet
  facet normal 0.976668 0.214753 -0
    outer loop
      vertex 23.0799 4.42376 9.35
      vertex 23.0306 4.64797 14.74
      vertex 23.0799 4.42376 14.75
    endloop
  endfacet
  facet normal 0.976649 0.214842 -3.86513e-06
    outer loop
      vertex 23.0306 4.64797 14.74
      vertex 23.0799 4.42376 9.35
      vertex 22.9786 4.88426 9.35
    endloop
  endfacet
  facet normal -0.970503 0.241088 0
    outer loop
      vertex 5.66546 22.8069 9.35
      vertex 5.85833 23.5833 14.75
      vertex 5.85833 23.5833 9.35
    endloop
  endfacet
  facet normal -0.970503 0.241088 0
    outer loop
      vertex 5.85833 23.5833 14.75
      vertex 5.66546 22.8069 9.35
      vertex 5.66546 22.8069 14.75
    endloop
  endfacet
  facet normal 0.970503 0.241088 0
    outer loop
      vertex -5.66546 22.8069 14.75
      vertex -5.85833 23.5833 9.35
      vertex -5.85833 23.5833 14.75
    endloop
  endfacet
  facet normal 0.970503 0.241088 0
    outer loop
      vertex -5.85833 23.5833 9.35
      vertex -5.66546 22.8069 14.75
      vertex -5.66546 22.8069 9.35
    endloop
  endfacet
  facet normal -0.214734 -0.976672 0
    outer loop
      vertex 4.57435 23.8656 9.35
      vertex 5.85833 23.5833 14.75
      vertex 4.57435 23.8656 14.75
    endloop
  endfacet
  facet normal -0.214734 -0.976672 -0
    outer loop
      vertex 5.85833 23.5833 14.75
      vertex 4.57435 23.8656 9.35
      vertex 5.85833 23.5833 9.35
    endloop
  endfacet
  facet normal 0.214926 0.97663 0
    outer loop
      vertex 4.88426 22.9786 14.74
      vertex 4.88426 22.9786 9.35
      vertex 4.64797 23.0306 14.74
    endloop
  endfacet
  facet normal 0 0 0
    outer loop
      vertex 4.88426 22.9786 9.35
      vertex 4.88426 22.9786 14.74
      vertex 4.88426 22.9786 14.75
    endloop
  endfacet
  facet normal 0.214753 0.976668 -0
    outer loop
      vertex 4.64797 23.0306 14.74
      vertex 4.42376 23.0799 14.75
      vertex 4.64797 23.0306 14.75
    endloop
  endfacet
  facet normal 0.214842 0.976649 -3.86513e-06
    outer loop
      vertex 4.42376 23.0799 9.35
      vertex 4.64797 23.0306 14.74
      vertex 4.88426 22.9786 9.35
    endloop
  endfacet
  facet normal 0.214753 0.976668 0
    outer loop
      vertex 4.64797 23.0306 14.74
      vertex 4.42376 23.0799 9.35
      vertex 4.42376 23.0799 14.75
    endloop
  endfacet
  facet normal -0.161566 -0.986862 0
    outer loop
      vertex 3.27699 24.078 9.35
      vertex 4.57435 23.8656 14.75
      vertex 3.27699 24.078 14.75
    endloop
  endfacet
  facet normal -0.161566 -0.986862 -0
    outer loop
      vertex 4.57435 23.8656 14.75
      vertex 3.27699 24.078 9.35
      vertex 4.57435 23.8656 9.35
    endloop
  endfacet
  facet normal 0.161428 0.986884 0
    outer loop
      vertex 4.42376 23.0799 14.75
      vertex 4.0649 23.1386 14.74
      vertex 4.0649 23.1386 14.75
    endloop
  endfacet
  facet normal 0.16156 0.986863 9.03148e-06
    outer loop
      vertex 3.16911 23.2853 9.35
      vertex 4.0649 23.1386 14.74
      vertex 4.42376 23.0799 9.35
    endloop
  endfacet
  facet normal 0.161428 0.986884 -0
    outer loop
      vertex 4.42376 23.0799 9.35
      vertex 4.0649 23.1386 14.74
      vertex 4.42376 23.0799 14.75
    endloop
  endfacet
  facet normal 0.161333 0.9869 -0
    outer loop
      vertex 3.41502 23.2451 14.74
      vertex 3.16911 23.2853 14.75
      vertex 3.41502 23.2451 14.75
    endloop
  endfacet
  facet normal 0.161719 0.986837 -1.80976e-05
    outer loop
      vertex 4.0649 23.1386 14.74
      vertex 3.16911 23.2853 9.35
      vertex 3.41502 23.2451 14.74
    endloop
  endfacet
  facet normal 0.161333 0.9869 0
    outer loop
      vertex 3.41502 23.2451 14.74
      vertex 3.16911 23.2853 9.35
      vertex 3.16911 23.2853 14.75
    endloop
  endfacet
  facet normal -0.108014 -0.994149 0
    outer loop
      vertex 1.97004 24.22 9.35
      vertex 3.27699 24.078 14.75
      vertex 1.97004 24.22 14.75
    endloop
  endfacet
  facet normal -0.108014 -0.994149 -0
    outer loop
      vertex 3.27699 24.078 14.75
      vertex 1.97004 24.22 9.35
      vertex 3.27699 24.078 9.35
    endloop
  endfacet
  facet normal 0.108081 0.994142 0
    outer loop
      vertex 3.16911 23.2853 14.75
      vertex 2.82602 23.3226 14.74
      vertex 2.82602 23.3226 14.75
    endloop
  endfacet
  facet normal 0.107994 0.994152 -5.59374e-06
    outer loop
      vertex 1.90518 23.4226 9.35
      vertex 2.82602 23.3226 14.74
      vertex 3.16911 23.2853 9.35
    endloop
  endfacet
  facet normal 0.108081 0.994142 -0
    outer loop
      vertex 3.16911 23.2853 9.35
      vertex 2.82602 23.3226 14.74
      vertex 3.16911 23.2853 14.75
    endloop
  endfacet
  facet normal 0.107939 0.994157 -0
    outer loop
      vertex 2.17228 23.3936 14.74
      vertex 1.90518 23.4226 14.75
      vertex 2.17228 23.3936 14.75
    endloop
  endfacet
  facet normal 0.107971 0.994154 -1.59125e-06
    outer loop
      vertex 2.82602 23.3226 14.74
      vertex 1.90518 23.4226 9.35
      vertex 2.17228 23.3936 14.74
    endloop
  endfacet
  facet normal 0.107939 0.994157 0
    outer loop
      vertex 2.17228 23.3936 14.74
      vertex 1.90518 23.4226 9.35
      vertex 1.90518 23.4226 14.75
    endloop
  endfacet
  facet normal -0.0540831 -0.998536 0
    outer loop
      vertex 0.657321 24.2911 9.35
      vertex 1.97004 24.22 14.75
      vertex 0.657321 24.2911 14.75
    endloop
  endfacet
  facet normal -0.0540831 -0.998536 -0
    outer loop
      vertex 1.97004 24.22 14.75
      vertex 0.657321 24.2911 9.35
      vertex 1.97004 24.22 9.35
    endloop
  endfacet
  facet normal 0.0542428 0.998528 0
    outer loop
      vertex 1.90518 23.4226 14.75
      vertex 1.57935 23.4403 14.74
      vertex 1.57935 23.4403 14.75
    endloop
  endfacet
  facet normal 0.0540356 0.998539 -1.25619e-05
    outer loop
      vertex 1.57935 23.4403 14.74
      vertex 1.90518 23.4226 9.35
      vertex 0.923336 23.4758 14.74
    endloop
  endfacet
  facet normal 0.0542428 0.998528 -0
    outer loop
      vertex 1.90518 23.4226 9.35
      vertex 1.57935 23.4403 14.74
      vertex 1.90518 23.4226 14.75
    endloop
  endfacet
  facet normal 0.0541521 0.998533 -0
    outer loop
      vertex 0.923336 23.4758 14.74
      vertex 0.635681 23.4914 14.75
      vertex 0.923336 23.4758 14.75
    endloop
  endfacet
  facet normal 0.0541152 0.998535 1.97302e-06
    outer loop
      vertex 0.635681 23.4914 9.35
      vertex 0.923336 23.4758 14.74
      vertex 1.90518 23.4226 9.35
    endloop
  endfacet
  facet normal 0.0541521 0.998533 0
    outer loop
      vertex 0.923336 23.4758 14.74
      vertex 0.635681 23.4914 9.35
      vertex 0.635681 23.4914 14.75
    endloop
  endfacet
  facet normal 0 -1 0
    outer loop
      vertex -0.657321 24.2911 9.35
      vertex 0.657321 24.2911 14.75
      vertex -0.657321 24.2911 14.75
    endloop
  endfacet
  facet normal 0 -1 -0
    outer loop
      vertex 0.657321 24.2911 14.75
      vertex -0.657321 24.2911 9.35
      vertex 0.657321 24.2911 9.35
    endloop
  endfacet
  facet normal 0 1 0
    outer loop
      vertex 0.635681 23.4914 14.75
      vertex 0.328387 23.4914 14.74
      vertex 0.328387 23.4914 14.75
    endloop
  endfacet
  facet normal 0 1 0
    outer loop
      vertex 0.328387 23.4914 14.74
      vertex 0.635681 23.4914 9.35
      vertex -0.328387 23.4914 14.74
    endloop
  endfacet
  facet normal 0 1 -0
    outer loop
      vertex 0.635681 23.4914 9.35
      vertex 0.328387 23.4914 14.74
      vertex 0.635681 23.4914 14.75
    endloop
  endfacet
  facet normal 0 1 -0
    outer loop
      vertex -0.328387 23.4914 14.74
      vertex -0.635681 23.4914 14.75
      vertex -0.328387 23.4914 14.75
    endloop
  endfacet
  facet normal 0 1 0
    outer loop
      vertex -0.635681 23.4914 9.35
      vertex -0.328387 23.4914 14.74
      vertex 0.635681 23.4914 9.35
    endloop
  endfacet
  facet normal 0 1 0
    outer loop
      vertex -0.328387 23.4914 14.74
      vertex -0.635681 23.4914 9.35
      vertex -0.635681 23.4914 14.75
    endloop
  endfacet
  facet normal 0.0540831 -0.998536 0
    outer loop
      vertex -1.97004 24.22 9.35
      vertex -0.657321 24.2911 14.75
      vertex -1.97004 24.22 14.75
    endloop
  endfacet
  facet normal 0.0540831 -0.998536 0
    outer loop
      vertex -0.657321 24.2911 14.75
      vertex -1.97004 24.22 9.35
      vertex -0.657321 24.2911 9.35
    endloop
  endfacet
  facet normal -0.0541521 0.998533 0
    outer loop
      vertex -0.635681 23.4914 14.75
      vertex -0.923336 23.4758 14.74
      vertex -0.923336 23.4758 14.75
    endloop
  endfacet
  facet normal -0.0540356 0.998539 6.23139e-06
    outer loop
      vertex -0.923336 23.4758 14.74
      vertex -0.635681 23.4914 9.35
      vertex -1.57935 23.4403 14.74
    endloop
  endfacet
  facet normal -0.0541521 0.998533 0
    outer loop
      vertex -0.635681 23.4914 9.35
      vertex -0.923336 23.4758 14.74
      vertex -0.635681 23.4914 14.75
    endloop
  endfacet
  facet normal -0.0542428 0.998528 0
    outer loop
      vertex -1.57935 23.4403 14.74
      vertex -1.90518 23.4226 14.75
      vertex -1.57935 23.4403 14.75
    endloop
  endfacet
  facet normal -0.0541152 0.998535 -7.73837e-06
    outer loop
      vertex -1.90518 23.4226 9.35
      vertex -1.57935 23.4403 14.74
      vertex -0.635681 23.4914 9.35
    endloop
  endfacet
  facet normal -0.0542428 0.998528 0
    outer loop
      vertex -1.57935 23.4403 14.74
      vertex -1.90518 23.4226 9.35
      vertex -1.90518 23.4226 14.75
    endloop
  endfacet
  facet normal 0.108014 -0.994149 0
    outer loop
      vertex -3.27699 24.078 9.35
      vertex -1.97004 24.22 14.75
      vertex -3.27699 24.078 14.75
    endloop
  endfacet
  facet normal 0.108014 -0.994149 0
    outer loop
      vertex -1.97004 24.22 14.75
      vertex -3.27699 24.078 9.35
      vertex -1.97004 24.22 9.35
    endloop
  endfacet
  facet normal -0.107939 0.994157 0
    outer loop
      vertex -1.90518 23.4226 14.75
      vertex -2.17228 23.3936 14.74
      vertex -2.17228 23.3936 14.75
    endloop
  endfacet
  facet normal -0.107971 0.994154 -1.59125e-06
    outer loop
      vertex -2.17228 23.3936 14.74
      vertex -1.90518 23.4226 9.35
      vertex -2.82602 23.3226 14.74
    endloop
  endfacet
  facet normal -0.107939 0.994157 0
    outer loop
      vertex -1.90518 23.4226 9.35
      vertex -2.17228 23.3936 14.74
      vertex -1.90518 23.4226 14.75
    endloop
  endfacet
  facet normal -0.108081 0.994142 0
    outer loop
      vertex -2.82602 23.3226 14.74
      vertex -3.16911 23.2853 14.75
      vertex -2.82602 23.3226 14.75
    endloop
  endfacet
  facet normal -0.107994 0.994152 -5.59374e-06
    outer loop
      vertex -3.16911 23.2853 9.35
      vertex -2.82602 23.3226 14.74
      vertex -1.90518 23.4226 9.35
    endloop
  endfacet
  facet normal -0.108081 0.994142 0
    outer loop
      vertex -2.82602 23.3226 14.74
      vertex -3.16911 23.2853 9.35
      vertex -3.16911 23.2853 14.75
    endloop
  endfacet
  facet normal 0.161566 -0.986862 0
    outer loop
      vertex -4.57435 23.8656 9.35
      vertex -3.27699 24.078 14.75
      vertex -4.57435 23.8656 14.75
    endloop
  endfacet
  facet normal 0.161566 -0.986862 0
    outer loop
      vertex -3.27699 24.078 14.75
      vertex -4.57435 23.8656 9.35
      vertex -3.27699 24.078 9.35
    endloop
  endfacet
  facet normal -0.161333 0.9869 0
    outer loop
      vertex -3.16911 23.2853 14.75
      vertex -3.41502 23.2451 14.74
      vertex -3.41502 23.2451 14.75
    endloop
  endfacet
  facet normal -0.161719 0.986837 -1.80976e-05
    outer loop
      vertex -3.41502 23.2451 14.74
      vertex -3.16911 23.2853 9.35
      vertex -4.0649 23.1386 14.74
    endloop
  endfacet
  facet normal -0.161333 0.9869 0
    outer loop
      vertex -3.16911 23.2853 9.35
      vertex -3.41502 23.2451 14.74
      vertex -3.16911 23.2853 14.75
    endloop
  endfacet
  facet normal -0.161428 0.986884 0
    outer loop
      vertex -4.0649 23.1386 14.74
      vertex -4.42376 23.0799 14.75
      vertex -4.0649 23.1386 14.75
    endloop
  endfacet
  facet normal -0.16156 0.986863 9.03148e-06
    outer loop
      vertex -4.42376 23.0799 9.35
      vertex -4.0649 23.1386 14.74
      vertex -3.16911 23.2853 9.35
    endloop
  endfacet
  facet normal -0.161428 0.986884 0
    outer loop
      vertex -4.0649 23.1386 14.74
      vertex -4.42376 23.0799 9.35
      vertex -4.42376 23.0799 14.75
    endloop
  endfacet
  facet normal 0.214734 -0.976672 0
    outer loop
      vertex -5.85833 23.5833 9.35
      vertex -4.57435 23.8656 14.75
      vertex -5.85833 23.5833 14.75
    endloop
  endfacet
  facet normal 0.214734 -0.976672 0
    outer loop
      vertex -4.57435 23.8656 14.75
      vertex -5.85833 23.5833 9.35
      vertex -4.57435 23.8656 9.35
    endloop
  endfacet
  facet normal -0.214753 0.976668 0
    outer loop
      vertex -4.42376 23.0799 14.75
      vertex -4.64797 23.0306 14.74
      vertex -4.64797 23.0306 14.75
    endloop
  endfacet
  facet normal -0.214842 0.976649 -3.86513e-06
    outer loop
      vertex -4.88426 22.9786 9.35
      vertex -4.64797 23.0306 14.74
      vertex -4.42376 23.0799 9.35
    endloop
  endfacet
  facet normal -0.214753 0.976668 0
    outer loop
      vertex -4.42376 23.0799 9.35
      vertex -4.64797 23.0306 14.74
      vertex -4.42376 23.0799 14.75
    endloop
  endfacet
  facet normal 0 -0 0
    outer loop
      vertex -4.88426 22.9786 14.74
      vertex -4.88426 22.9786 9.35
      vertex -4.88426 22.9786 14.75
    endloop
  endfacet
  facet normal -0.214926 0.97663 0
    outer loop
      vertex -4.64797 23.0306 14.74
      vertex -4.88426 22.9786 9.35
      vertex -4.88426 22.9786 14.74
    endloop
  endfacet
  facet normal -0.241088 -0.970503 0
    outer loop
      vertex -23.5833 5.85833 9.35
      vertex -22.8069 5.66546 14.75
      vertex -23.5833 5.85833 14.75
    endloop
  endfacet
  facet normal -0.241088 -0.970503 -0
    outer loop
      vertex -22.8069 5.66546 14.75
      vertex -23.5833 5.85833 9.35
      vertex -22.8069 5.66546 9.35
    endloop
  endfacet
  facet normal -0.241088 0.970503 0
    outer loop
      vertex -22.8069 -5.66546 9.35
      vertex -23.5833 -5.85833 14.75
      vertex -22.8069 -5.66546 14.75
    endloop
  endfacet
  facet normal -0.241088 0.970503 0
    outer loop
      vertex -23.5833 -5.85833 14.75
      vertex -22.8069 -5.66546 9.35
      vertex -23.5833 -5.85833 9.35
    endloop
  endfacet
  facet normal 0.976672 -0.214734 0
    outer loop
      vertex -23.8656 4.57435 14.75
      vertex -23.5833 5.85833 9.35
      vertex -23.5833 5.85833 14.75
    endloop
  endfacet
  facet normal 0.976672 -0.214734 0
    outer loop
      vertex -23.5833 5.85833 9.35
      vertex -23.8656 4.57435 14.75
      vertex -23.8656 4.57435 9.35
    endloop
  endfacet
  facet normal 0 0 0
    outer loop
      vertex -22.9786 4.88426 9.35
      vertex -22.9786 4.88426 14.74
      vertex -22.9786 4.88426 14.75
    endloop
  endfacet
  facet normal -0.97663 0.214926 0
    outer loop
      vertex -22.9786 4.88426 9.35
      vertex -23.0306 4.64797 14.74
      vertex -22.9786 4.88426 14.74
    endloop
  endfacet
  facet normal -0.976649 0.214842 -3.86513e-06
    outer loop
      vertex -23.0799 4.42376 9.35
      vertex -23.0306 4.64797 14.74
      vertex -22.9786 4.88426 9.35
    endloop
  endfacet
  facet normal -0.976668 0.214753 0
    outer loop
      vertex -23.0799 4.42376 14.75
      vertex -23.0306 4.64797 14.74
      vertex -23.0799 4.42376 9.35
    endloop
  endfacet
  facet normal -0.976668 0.214753 0
    outer loop
      vertex -23.0306 4.64797 14.74
      vertex -23.0799 4.42376 14.75
      vertex -23.0306 4.64797 14.75
    endloop
  endfacet
  facet normal 0.986862 -0.161566 0
    outer loop
      vertex -24.078 3.27699 14.75
      vertex -23.8656 4.57435 9.35
      vertex -23.8656 4.57435 14.75
    endloop
  endfacet
  facet normal 0.986862 -0.161566 0
    outer loop
      vertex -23.8656 4.57435 9.35
      vertex -24.078 3.27699 14.75
      vertex -24.078 3.27699 9.35
    endloop
  endfacet
  facet normal -0.986884 0.161428 0
    outer loop
      vertex -23.0799 4.42376 9.35
      vertex -23.1386 4.0649 14.74
      vertex -23.0799 4.42376 14.75
    endloop
  endfacet
  facet normal -0.986863 0.16156 9.03148e-06
    outer loop
      vertex -23.2853 3.16911 9.35
      vertex -23.1386 4.0649 14.74
      vertex -23.0799 4.42376 9.35
    endloop
  endfacet
  facet normal -0.986837 0.161719 -1.80976e-05
    outer loop
      vertex -23.1386 4.0649 14.74
      vertex -23.2853 3.16911 9.35
      vertex -23.2451 3.41502 14.74
    endloop
  endfacet
  facet normal -0.9869 0.161333 0
    outer loop
      vertex -23.2853 3.16911 14.75
      vertex -23.2451 3.41502 14.74
      vertex -23.2853 3.16911 9.35
    endloop
  endfacet
  facet normal -0.9869 0.161333 0
    outer loop
      vertex -23.2451 3.41502 14.74
      vertex -23.2853 3.16911 14.75
      vertex -23.2451 3.41502 14.75
    endloop
  endfacet
  facet normal -0.986884 0.161428 0
    outer loop
      vertex -23.0799 4.42376 14.75
      vertex -23.1386 4.0649 14.74
      vertex -23.1386 4.0649 14.75
    endloop
  endfacet
  facet normal 0.994149 -0.108014 0
    outer loop
      vertex -24.22 1.97004 14.75
      vertex -24.078 3.27699 9.35
      vertex -24.078 3.27699 14.75
    endloop
  endfacet
  facet normal 0.994149 -0.108014 0
    outer loop
      vertex -24.078 3.27699 9.35
      vertex -24.22 1.97004 14.75
      vertex -24.22 1.97004 9.35
    endloop
  endfacet
  facet normal -0.994142 0.108081 0
    outer loop
      vertex -23.2853 3.16911 9.35
      vertex -23.3226 2.82602 14.74
      vertex -23.2853 3.16911 14.75
    endloop
  endfacet
  facet normal -0.994152 0.107994 -5.59374e-06
    outer loop
      vertex -23.4226 1.90518 9.35
      vertex -23.3226 2.82602 14.74
      vertex -23.2853 3.16911 9.35
    endloop
  endfacet
  facet normal -0.994154 0.107971 -1.59125e-06
    outer loop
      vertex -23.3226 2.82602 14.74
      vertex -23.4226 1.90518 9.35
      vertex -23.3936 2.17228 14.74
    endloop
  endfacet
  facet normal -0.994157 0.107939 0
    outer loop
      vertex -23.4226 1.90518 14.75
      vertex -23.3936 2.17228 14.74
      vertex -23.4226 1.90518 9.35
    endloop
  endfacet
  facet normal -0.994157 0.107939 0
    outer loop
      vertex -23.3936 2.17228 14.74
      vertex -23.4226 1.90518 14.75
      vertex -23.3936 2.17228 14.75
    endloop
  endfacet
  facet normal -0.994142 0.108081 0
    outer loop
      vertex -23.2853 3.16911 14.75
      vertex -23.3226 2.82602 14.74
      vertex -23.3226 2.82602 14.75
    endloop
  endfacet
  facet normal 0.998536 -0.0540831 0
    outer loop
      vertex -24.2911 0.657321 14.75
      vertex -24.22 1.97004 9.35
      vertex -24.22 1.97004 14.75
    endloop
  endfacet
  facet normal 0.998536 -0.0540831 0
    outer loop
      vertex -24.22 1.97004 9.35
      vertex -24.2911 0.657321 14.75
      vertex -24.2911 0.657321 9.35
    endloop
  endfacet
  facet normal -0.998528 0.0542428 0
    outer loop
      vertex -23.4226 1.90518 9.35
      vertex -23.4403 1.57935 14.74
      vertex -23.4226 1.90518 14.75
    endloop
  endfacet
  facet normal -0.998539 0.0540356 -1.25619e-05
    outer loop
      vertex -23.4226 1.90518 9.35
      vertex -23.4758 0.923336 14.74
      vertex -23.4403 1.57935 14.74
    endloop
  endfacet
  facet normal -0.998535 0.0541152 1.97302e-06
    outer loop
      vertex -23.4914 0.635681 9.35
      vertex -23.4758 0.923336 14.74
      vertex -23.4226 1.90518 9.35
    endloop
  endfacet
  facet normal -0.998533 0.0541521 0
    outer loop
      vertex -23.4914 0.635681 14.75
      vertex -23.4758 0.923336 14.74
      vertex -23.4914 0.635681 9.35
    endloop
  endfacet
  facet normal -0.998533 0.0541521 0
    outer loop
      vertex -23.4758 0.923336 14.74
      vertex -23.4914 0.635681 14.75
      vertex -23.4758 0.923336 14.75
    endloop
  endfacet
  facet normal -0.998528 0.0542428 0
    outer loop
      vertex -23.4226 1.90518 14.75
      vertex -23.4403 1.57935 14.74
      vertex -23.4403 1.57935 14.75
    endloop
  endfacet
  facet normal 1 -0 0
    outer loop
      vertex -24.2911 -0.657321 14.75
      vertex -24.2911 0.657321 9.35
      vertex -24.2911 0.657321 14.75
    endloop
  endfacet
  facet normal 1 0 0
    outer loop
      vertex -24.2911 0.657321 9.35
      vertex -24.2911 -0.657321 14.75
      vertex -24.2911 -0.657321 9.35
    endloop
  endfacet
  facet normal -1 0 0
    outer loop
      vertex -23.4914 0.635681 9.35
      vertex -23.4914 0.328387 14.74
      vertex -23.4914 0.635681 14.75
    endloop
  endfacet
  facet normal -1 0 0
    outer loop
      vertex -23.4914 0.635681 9.35
      vertex -23.4914 -0.328387 14.74
      vertex -23.4914 0.328387 14.74
    endloop
  endfacet
  facet normal -1 0 0
    outer loop
      vertex -23.4914 -0.635681 9.35
      vertex -23.4914 -0.328387 14.74
      vertex -23.4914 0.635681 9.35
    endloop
  endfacet
  facet normal -1 0 0
    outer loop
      vertex -23.4914 -0.635681 14.75
      vertex -23.4914 -0.328387 14.74
      vertex -23.4914 -0.635681 9.35
    endloop
  endfacet
  facet normal -1 0 0
    outer loop
      vertex -23.4914 -0.328387 14.74
      vertex -23.4914 -0.635681 14.75
      vertex -23.4914 -0.328387 14.75
    endloop
  endfacet
  facet normal -1 -0 0
    outer loop
      vertex -23.4914 0.635681 14.75
      vertex -23.4914 0.328387 14.74
      vertex -23.4914 0.328387 14.75
    endloop
  endfacet
  facet normal 0.998536 0.0540831 0
    outer loop
      vertex -24.22 -1.97004 14.75
      vertex -24.2911 -0.657321 9.35
      vertex -24.2911 -0.657321 14.75
    endloop
  endfacet
  facet normal 0.998536 0.0540831 0
    outer loop
      vertex -24.2911 -0.657321 9.35
      vertex -24.22 -1.97004 14.75
      vertex -24.22 -1.97004 9.35
    endloop
  endfacet
  facet normal -0.998533 -0.0541521 0
    outer loop
      vertex -23.4914 -0.635681 9.35
      vertex -23.4758 -0.923336 14.74
      vertex -23.4914 -0.635681 14.75
    endloop
  endfacet
  facet normal -0.998539 -0.0540356 6.23139e-06
    outer loop
      vertex -23.4914 -0.635681 9.35
      vertex -23.4403 -1.57935 14.74
      vertex -23.4758 -0.923336 14.74
    endloop
  endfacet
  facet normal -0.998535 -0.0541152 -7.73837e-06
    outer loop
      vertex -23.4226 -1.90518 9.35
      vertex -23.4403 -1.57935 14.74
      vertex -23.4914 -0.635681 9.35
    endloop
  endfacet
  facet normal -0.998528 -0.0542428 -0
    outer loop
      vertex -23.4226 -1.90518 14.75
      vertex -23.4403 -1.57935 14.74
      vertex -23.4226 -1.90518 9.35
    endloop
  endfacet
  facet normal -0.998528 -0.0542428 0
    outer loop
      vertex -23.4403 -1.57935 14.74
      vertex -23.4226 -1.90518 14.75
      vertex -23.4403 -1.57935 14.75
    endloop
  endfacet
  facet normal -0.998533 -0.0541521 0
    outer loop
      vertex -23.4914 -0.635681 14.75
      vertex -23.4758 -0.923336 14.74
      vertex -23.4758 -0.923336 14.75
    endloop
  endfacet
  facet normal 0.994149 0.108014 0
    outer loop
      vertex -24.078 -3.27699 14.75
      vertex -24.22 -1.97004 9.35
      vertex -24.22 -1.97004 14.75
    endloop
  endfacet
  facet normal 0.994149 0.108014 0
    outer loop
      vertex -24.22 -1.97004 9.35
      vertex -24.078 -3.27699 14.75
      vertex -24.078 -3.27699 9.35
    endloop
  endfacet
  facet normal -0.994157 -0.107939 0
    outer loop
      vertex -23.4226 -1.90518 9.35
      vertex -23.3936 -2.17228 14.74
      vertex -23.4226 -1.90518 14.75
    endloop
  endfacet
  facet normal -0.994154 -0.107971 -1.59125e-06
    outer loop
      vertex -23.4226 -1.90518 9.35
      vertex -23.3226 -2.82602 14.74
      vertex -23.3936 -2.17228 14.74
    endloop
  endfacet
  facet normal -0.994152 -0.107994 -5.59374e-06
    outer loop
      vertex -23.2853 -3.16911 9.35
      vertex -23.3226 -2.82602 14.74
      vertex -23.4226 -1.90518 9.35
    endloop
  endfacet
  facet normal -0.994142 -0.108081 -0
    outer loop
      vertex -23.2853 -3.16911 14.75
      vertex -23.3226 -2.82602 14.74
      vertex -23.2853 -3.16911 9.35
    endloop
  endfacet
  facet normal -0.994142 -0.108081 0
    outer loop
      vertex -23.3226 -2.82602 14.74
      vertex -23.2853 -3.16911 14.75
      vertex -23.3226 -2.82602 14.75
    endloop
  endfacet
  facet normal -0.994157 -0.107939 0
    outer loop
      vertex -23.4226 -1.90518 14.75
      vertex -23.3936 -2.17228 14.74
      vertex -23.3936 -2.17228 14.75
    endloop
  endfacet
  facet normal 0.986862 0.161566 0
    outer loop
      vertex -23.8656 -4.57435 14.75
      vertex -24.078 -3.27699 9.35
      vertex -24.078 -3.27699 14.75
    endloop
  endfacet
  facet normal 0.986862 0.161566 0
    outer loop
      vertex -24.078 -3.27699 9.35
      vertex -23.8656 -4.57435 14.75
      vertex -23.8656 -4.57435 9.35
    endloop
  endfacet
  facet normal -0.9869 -0.161333 0
    outer loop
      vertex -23.2853 -3.16911 9.35
      vertex -23.2451 -3.41502 14.74
      vertex -23.2853 -3.16911 14.75
    endloop
  endfacet
  facet normal -0.986837 -0.161719 -1.80976e-05
    outer loop
      vertex -23.2853 -3.16911 9.35
      vertex -23.1386 -4.0649 14.74
      vertex -23.2451 -3.41502 14.74
    endloop
  endfacet
  facet normal -0.986863 -0.16156 9.03148e-06
    outer loop
      vertex -23.0799 -4.42376 9.35
      vertex -23.1386 -4.0649 14.74
      vertex -23.2853 -3.16911 9.35
    endloop
  endfacet
  facet normal -0.986884 -0.161428 -0
    outer loop
      vertex -23.0799 -4.42376 14.75
      vertex -23.1386 -4.0649 14.74
      vertex -23.0799 -4.42376 9.35
    endloop
  endfacet
  facet normal -0.986884 -0.161428 0
    outer loop
      vertex -23.1386 -4.0649 14.74
      vertex -23.0799 -4.42376 14.75
      vertex -23.1386 -4.0649 14.75
    endloop
  endfacet
  facet normal -0.9869 -0.161333 0
    outer loop
      vertex -23.2853 -3.16911 14.75
      vertex -23.2451 -3.41502 14.74
      vertex -23.2451 -3.41502 14.75
    endloop
  endfacet
  facet normal 0.976672 0.214734 0
    outer loop
      vertex -23.5833 -5.85833 14.75
      vertex -23.8656 -4.57435 9.35
      vertex -23.8656 -4.57435 14.75
    endloop
  endfacet
  facet normal 0.976672 0.214734 0
    outer loop
      vertex -23.8656 -4.57435 9.35
      vertex -23.5833 -5.85833 14.75
      vertex -23.5833 -5.85833 9.35
    endloop
  endfacet
  facet normal -0.976668 -0.214753 0
    outer loop
      vertex -23.0799 -4.42376 9.35
      vertex -23.0306 -4.64797 14.74
      vertex -23.0799 -4.42376 14.75
    endloop
  endfacet
  facet normal -0.976649 -0.214842 -3.86513e-06
    outer loop
      vertex -22.9786 -4.88426 9.35
      vertex -23.0306 -4.64797 14.74
      vertex -23.0799 -4.42376 9.35
    endloop
  endfacet
  facet normal -0.97663 -0.214926 0
    outer loop
      vertex -23.0306 -4.64797 14.74
      vertex -22.9786 -4.88426 9.35
      vertex -22.9786 -4.88426 14.74
    endloop
  endfacet
  facet normal 0 0 0
    outer loop
      vertex -22.9786 -4.88426 14.75
      vertex -22.9786 -4.88426 14.74
      vertex -22.9786 -4.88426 9.35
    endloop
  endfacet
  facet normal -0.976668 -0.214753 0
    outer loop
      vertex -23.0799 -4.42376 14.75
      vertex -23.0306 -4.64797 14.74
      vertex -23.0306 -4.64797 14.75
    endloop
  endfacet
  facet normal 0.970503 -0.241088 0
    outer loop
      vertex -5.85833 -23.5833 14.75
      vertex -5.66546 -22.8069 9.35
      vertex -5.66546 -22.8069 14.75
    endloop
  endfacet
  facet normal 0.970503 -0.241088 0
    outer loop
      vertex -5.66546 -22.8069 9.35
      vertex -5.85833 -23.5833 14.75
      vertex -5.85833 -23.5833 9.35
    endloop
  endfacet
  facet normal -0.970503 -0.241088 0
    outer loop
      vertex 5.85833 -23.5833 9.35
      vertex 5.66546 -22.8069 14.75
      vertex 5.66546 -22.8069 9.35
    endloop
  endfacet
  facet normal -0.970503 -0.241088 0
    outer loop
      vertex 5.66546 -22.8069 14.75
      vertex 5.85833 -23.5833 9.35
      vertex 5.85833 -23.5833 14.75
    endloop
  endfacet
  facet normal 0.214734 0.976672 -0
    outer loop
      vertex -4.57435 -23.8656 9.35
      vertex -5.85833 -23.5833 14.75
      vertex -4.57435 -23.8656 14.75
    endloop
  endfacet
  facet normal 0.214734 0.976672 0
    outer loop
      vertex -5.85833 -23.5833 14.75
      vertex -4.57435 -23.8656 9.35
      vertex -5.85833 -23.5833 9.35
    endloop
  endfacet
  facet normal -0.214926 -0.97663 -0
    outer loop
      vertex -4.88426 -22.9786 14.74
      vertex -4.88426 -22.9786 9.35
      vertex -4.64797 -23.0306 14.74
    endloop
  endfacet
  facet normal 0 0 0
    outer loop
      vertex -4.88426 -22.9786 9.35
      vertex -4.88426 -22.9786 14.74
      vertex -4.88426 -22.9786 14.75
    endloop
  endfacet
  facet normal -0.214753 -0.976668 0
    outer loop
      vertex -4.64797 -23.0306 14.74
      vertex -4.42376 -23.0799 14.75
      vertex -4.64797 -23.0306 14.75
    endloop
  endfacet
  facet normal -0.214842 -0.976649 -3.86513e-06
    outer loop
      vertex -4.42376 -23.0799 9.35
      vertex -4.64797 -23.0306 14.74
      vertex -4.88426 -22.9786 9.35
    endloop
  endfacet
  facet normal -0.214753 -0.976668 0
    outer loop
      vertex -4.64797 -23.0306 14.74
      vertex -4.42376 -23.0799 9.35
      vertex -4.42376 -23.0799 14.75
    endloop
  endfacet
  facet normal 0.161566 0.986862 -0
    outer loop
      vertex -3.27699 -24.078 9.35
      vertex -4.57435 -23.8656 14.75
      vertex -3.27699 -24.078 14.75
    endloop
  endfacet
  facet normal 0.161566 0.986862 0
    outer loop
      vertex -4.57435 -23.8656 14.75
      vertex -3.27699 -24.078 9.35
      vertex -4.57435 -23.8656 9.35
    endloop
  endfacet
  facet normal -0.161428 -0.986884 0
    outer loop
      vertex -4.42376 -23.0799 14.75
      vertex -4.0649 -23.1386 14.74
      vertex -4.0649 -23.1386 14.75
    endloop
  endfacet
  facet normal -0.16156 -0.986863 9.03148e-06
    outer loop
      vertex -3.16911 -23.2853 9.35
      vertex -4.0649 -23.1386 14.74
      vertex -4.42376 -23.0799 9.35
    endloop
  endfacet
  facet normal -0.161428 -0.986884 0
    outer loop
      vertex -4.42376 -23.0799 9.35
      vertex -4.0649 -23.1386 14.74
      vertex -4.42376 -23.0799 14.75
    endloop
  endfacet
  facet normal -0.161333 -0.9869 0
    outer loop
      vertex -3.41502 -23.2451 14.74
      vertex -3.16911 -23.2853 14.75
      vertex -3.41502 -23.2451 14.75
    endloop
  endfacet
  facet normal -0.161719 -0.986837 -1.80976e-05
    outer loop
      vertex -4.0649 -23.1386 14.74
      vertex -3.16911 -23.2853 9.35
      vertex -3.41502 -23.2451 14.74
    endloop
  endfacet
  facet normal -0.161333 -0.9869 0
    outer loop
      vertex -3.41502 -23.2451 14.74
      vertex -3.16911 -23.2853 9.35
      vertex -3.16911 -23.2853 14.75
    endloop
  endfacet
  facet normal 0.108014 0.994149 -0
    outer loop
      vertex -1.97004 -24.22 9.35
      vertex -3.27699 -24.078 14.75
      vertex -1.97004 -24.22 14.75
    endloop
  endfacet
  facet normal 0.108014 0.994149 0
    outer loop
      vertex -3.27699 -24.078 14.75
      vertex -1.97004 -24.22 9.35
      vertex -3.27699 -24.078 9.35
    endloop
  endfacet
  facet normal -0.108081 -0.994142 0
    outer loop
      vertex -3.16911 -23.2853 14.75
      vertex -2.82602 -23.3226 14.74
      vertex -2.82602 -23.3226 14.75
    endloop
  endfacet
  facet normal -0.107994 -0.994152 -5.59374e-06
    outer loop
      vertex -1.90518 -23.4226 9.35
      vertex -2.82602 -23.3226 14.74
      vertex -3.16911 -23.2853 9.35
    endloop
  endfacet
  facet normal -0.108081 -0.994142 0
    outer loop
      vertex -3.16911 -23.2853 9.35
      vertex -2.82602 -23.3226 14.74
      vertex -3.16911 -23.2853 14.75
    endloop
  endfacet
  facet normal -0.107939 -0.994157 0
    outer loop
      vertex -2.17228 -23.3936 14.74
      vertex -1.90518 -23.4226 14.75
      vertex -2.17228 -23.3936 14.75
    endloop
  endfacet
  facet normal -0.107971 -0.994154 -1.59125e-06
    outer loop
      vertex -2.82602 -23.3226 14.74
      vertex -1.90518 -23.4226 9.35
      vertex -2.17228 -23.3936 14.74
    endloop
  endfacet
  facet normal -0.107939 -0.994157 0
    outer loop
      vertex -2.17228 -23.3936 14.74
      vertex -1.90518 -23.4226 9.35
      vertex -1.90518 -23.4226 14.75
    endloop
  endfacet
  facet normal 0.0540831 0.998536 -0
    outer loop
      vertex -0.657321 -24.2911 9.35
      vertex -1.97004 -24.22 14.75
      vertex -0.657321 -24.2911 14.75
    endloop
  endfacet
  facet normal 0.0540831 0.998536 0
    outer loop
      vertex -1.97004 -24.22 14.75
      vertex -0.657321 -24.2911 9.35
      vertex -1.97004 -24.22 9.35
    endloop
  endfacet
  facet normal -0.0542428 -0.998528 0
    outer loop
      vertex -1.90518 -23.4226 14.75
      vertex -1.57935 -23.4403 14.74
      vertex -1.57935 -23.4403 14.75
    endloop
  endfacet
  facet normal -0.0540356 -0.998539 -1.25619e-05
    outer loop
      vertex -1.57935 -23.4403 14.74
      vertex -1.90518 -23.4226 9.35
      vertex -0.923336 -23.4758 14.74
    endloop
  endfacet
  facet normal -0.0542428 -0.998528 0
    outer loop
      vertex -1.90518 -23.4226 9.35
      vertex -1.57935 -23.4403 14.74
      vertex -1.90518 -23.4226 14.75
    endloop
  endfacet
  facet normal -0.0541521 -0.998533 0
    outer loop
      vertex -0.923336 -23.4758 14.74
      vertex -0.635681 -23.4914 14.75
      vertex -0.923336 -23.4758 14.75
    endloop
  endfacet
  facet normal -0.0541152 -0.998535 1.97302e-06
    outer loop
      vertex -0.635681 -23.4914 9.35
      vertex -0.923336 -23.4758 14.74
      vertex -1.90518 -23.4226 9.35
    endloop
  endfacet
  facet normal -0.0541521 -0.998533 0
    outer loop
      vertex -0.923336 -23.4758 14.74
      vertex -0.635681 -23.4914 9.35
      vertex -0.635681 -23.4914 14.75
    endloop
  endfacet
  facet normal 0 1 -0
    outer loop
      vertex 0.657321 -24.2911 9.35
      vertex -0.657321 -24.2911 14.75
      vertex 0.657321 -24.2911 14.75
    endloop
  endfacet
  facet normal 0 1 0
    outer loop
      vertex -0.657321 -24.2911 14.75
      vertex 0.657321 -24.2911 9.35
      vertex -0.657321 -24.2911 9.35
    endloop
  endfacet
  facet normal 0 -1 0
    outer loop
      vertex -0.635681 -23.4914 14.75
      vertex -0.328387 -23.4914 14.74
      vertex -0.328387 -23.4914 14.75
    endloop
  endfacet
  facet normal 0 -1 -0
    outer loop
      vertex -0.328387 -23.4914 14.74
      vertex -0.635681 -23.4914 9.35
      vertex 0.328387 -23.4914 14.74
    endloop
  endfacet
  facet normal 0 -1 0
    outer loop
      vertex -0.635681 -23.4914 9.35
      vertex -0.328387 -23.4914 14.74
      vertex -0.635681 -23.4914 14.75
    endloop
  endfacet
  facet normal 0 -1 0
    outer loop
      vertex 0.328387 -23.4914 14.74
      vertex 0.635681 -23.4914 14.75
      vertex 0.328387 -23.4914 14.75
    endloop
  endfacet
  facet normal 0 -1 0
    outer loop
      vertex 0.635681 -23.4914 9.35
      vertex 0.328387 -23.4914 14.74
      vertex -0.635681 -23.4914 9.35
    endloop
  endfacet
  facet normal 0 -1 0
    outer loop
      vertex 0.328387 -23.4914 14.74
      vertex 0.635681 -23.4914 9.35
      vertex 0.635681 -23.4914 14.75
    endloop
  endfacet
  facet normal -0.0540831 0.998536 0
    outer loop
      vertex 1.97004 -24.22 9.35
      vertex 0.657321 -24.2911 14.75
      vertex 1.97004 -24.22 14.75
    endloop
  endfacet
  facet normal -0.0540831 0.998536 0
    outer loop
      vertex 0.657321 -24.2911 14.75
      vertex 1.97004 -24.22 9.35
      vertex 0.657321 -24.2911 9.35
    endloop
  endfacet
  facet normal 0.0541521 -0.998533 0
    outer loop
      vertex 0.635681 -23.4914 14.75
      vertex 0.923336 -23.4758 14.74
      vertex 0.923336 -23.4758 14.75
    endloop
  endfacet
  facet normal 0.0540356 -0.998539 6.23139e-06
    outer loop
      vertex 0.923336 -23.4758 14.74
      vertex 0.635681 -23.4914 9.35
      vertex 1.57935 -23.4403 14.74
    endloop
  endfacet
  facet normal 0.0541521 -0.998533 0
    outer loop
      vertex 0.635681 -23.4914 9.35
      vertex 0.923336 -23.4758 14.74
      vertex 0.635681 -23.4914 14.75
    endloop
  endfacet
  facet normal 0.0542428 -0.998528 0
    outer loop
      vertex 1.57935 -23.4403 14.74
      vertex 1.90518 -23.4226 14.75
      vertex 1.57935 -23.4403 14.75
    endloop
  endfacet
  facet normal 0.0541152 -0.998535 -7.73837e-06
    outer loop
      vertex 1.90518 -23.4226 9.35
      vertex 1.57935 -23.4403 14.74
      vertex 0.635681 -23.4914 9.35
    endloop
  endfacet
  facet normal 0.0542428 -0.998528 0
    outer loop
      vertex 1.57935 -23.4403 14.74
      vertex 1.90518 -23.4226 9.35
      vertex 1.90518 -23.4226 14.75
    endloop
  endfacet
  facet normal -0.108014 0.994149 0
    outer loop
      vertex 3.27699 -24.078 9.35
      vertex 1.97004 -24.22 14.75
      vertex 3.27699 -24.078 14.75
    endloop
  endfacet
  facet normal -0.108014 0.994149 0
    outer loop
      vertex 1.97004 -24.22 14.75
      vertex 3.27699 -24.078 9.35
      vertex 1.97004 -24.22 9.35
    endloop
  endfacet
  facet normal 0.107939 -0.994157 0
    outer loop
      vertex 1.90518 -23.4226 14.75
      vertex 2.17228 -23.3936 14.74
      vertex 2.17228 -23.3936 14.75
    endloop
  endfacet
  facet normal 0.107971 -0.994154 -1.59125e-06
    outer loop
      vertex 2.17228 -23.3936 14.74
      vertex 1.90518 -23.4226 9.35
      vertex 2.82602 -23.3226 14.74
    endloop
  endfacet
  facet normal 0.107939 -0.994157 0
    outer loop
      vertex 1.90518 -23.4226 9.35
      vertex 2.17228 -23.3936 14.74
      vertex 1.90518 -23.4226 14.75
    endloop
  endfacet
  facet normal 0.108081 -0.994142 0
    outer loop
      vertex 2.82602 -23.3226 14.74
      vertex 3.16911 -23.2853 14.75
      vertex 2.82602 -23.3226 14.75
    endloop
  endfacet
  facet normal 0.107994 -0.994152 -5.59374e-06
    outer loop
      vertex 3.16911 -23.2853 9.35
      vertex 2.82602 -23.3226 14.74
      vertex 1.90518 -23.4226 9.35
    endloop
  endfacet
  facet normal 0.108081 -0.994142 0
    outer loop
      vertex 2.82602 -23.3226 14.74
      vertex 3.16911 -23.2853 9.35
      vertex 3.16911 -23.2853 14.75
    endloop
  endfacet
  facet normal -0.161566 0.986862 0
    outer loop
      vertex 4.57435 -23.8656 9.35
      vertex 3.27699 -24.078 14.75
      vertex 4.57435 -23.8656 14.75
    endloop
  endfacet
  facet normal -0.161566 0.986862 0
    outer loop
      vertex 3.27699 -24.078 14.75
      vertex 4.57435 -23.8656 9.35
      vertex 3.27699 -24.078 9.35
    endloop
  endfacet
  facet normal 0.161333 -0.9869 0
    outer loop
      vertex 3.16911 -23.2853 14.75
      vertex 3.41502 -23.2451 14.74
      vertex 3.41502 -23.2451 14.75
    endloop
  endfacet
  facet normal 0.161719 -0.986837 -1.80976e-05
    outer loop
      vertex 3.41502 -23.2451 14.74
      vertex 3.16911 -23.2853 9.35
      vertex 4.0649 -23.1386 14.74
    endloop
  endfacet
  facet normal 0.161333 -0.9869 0
    outer loop
      vertex 3.16911 -23.2853 9.35
      vertex 3.41502 -23.2451 14.74
      vertex 3.16911 -23.2853 14.75
    endloop
  endfacet
  facet normal 0.161428 -0.986884 0
    outer loop
      vertex 4.0649 -23.1386 14.74
      vertex 4.42376 -23.0799 14.75
      vertex 4.0649 -23.1386 14.75
    endloop
  endfacet
  facet normal 0.16156 -0.986863 9.03148e-06
    outer loop
      vertex 4.42376 -23.0799 9.35
      vertex 4.0649 -23.1386 14.74
      vertex 3.16911 -23.2853 9.35
    endloop
  endfacet
  facet normal 0.161428 -0.986884 0
    outer loop
      vertex 4.0649 -23.1386 14.74
      vertex 4.42376 -23.0799 9.35
      vertex 4.42376 -23.0799 14.75
    endloop
  endfacet
  facet normal -0.214734 0.976672 0
    outer loop
      vertex 5.85833 -23.5833 9.35
      vertex 4.57435 -23.8656 14.75
      vertex 5.85833 -23.5833 14.75
    endloop
  endfacet
  facet normal -0.214734 0.976672 0
    outer loop
      vertex 4.57435 -23.8656 14.75
      vertex 5.85833 -23.5833 9.35
      vertex 4.57435 -23.8656 9.35
    endloop
  endfacet
  facet normal 0.214753 -0.976668 0
    outer loop
      vertex 4.42376 -23.0799 14.75
      vertex 4.64797 -23.0306 14.74
      vertex 4.64797 -23.0306 14.75
    endloop
  endfacet
  facet normal 0.214842 -0.976649 -3.86513e-06
    outer loop
      vertex 4.88426 -22.9786 9.35
      vertex 4.64797 -23.0306 14.74
      vertex 4.42376 -23.0799 9.35
    endloop
  endfacet
  facet normal 0.214753 -0.976668 0
    outer loop
      vertex 4.42376 -23.0799 9.35
      vertex 4.64797 -23.0306 14.74
      vertex 4.42376 -23.0799 14.75
    endloop
  endfacet
  facet normal 0 -0 0
    outer loop
      vertex 4.88426 -22.9786 14.74
      vertex 4.88426 -22.9786 9.35
      vertex 4.88426 -22.9786 14.75
    endloop
  endfacet
  facet normal 0.214926 -0.97663 0
    outer loop
      vertex 4.64797 -23.0306 14.74
      vertex 4.88426 -22.9786 9.35
      vertex 4.88426 -22.9786 14.74
    endloop
  endfacet
  facet normal 0 0.878788 -0.477213
    outer loop
      vertex 23.3732 -11.1376 1.9249
      vertex -23.5221 -10.8253 2.5
      vertex 23.5221 -10.8253 2.5
    endloop
  endfacet
  facet normal 0 0.878788 -0.477213
    outer loop
      vertex -23.5221 -10.8253 2.5
      vertex 23.3732 -11.1376 1.9249
      vertex -23.3732 -11.1376 1.9249
    endloop
  endfacet
  facet normal 0 0 -1
    outer loop
      vertex 25.8645 -1.3555 8.75
      vertex 25.8645 1.3555 8.75
      vertex 25.9 0 8.75
    endloop
  endfacet
  facet normal 0 0 -1
    outer loop
      vertex 25.7581 -2.70729 8.75
      vertex 25.8645 1.3555 8.75
      vertex 25.8645 -1.3555 8.75
    endloop
  endfacet
  facet normal 0 0 -1
    outer loop
      vertex 25.7581 -2.70729 8.75
      vertex 25.7581 2.70729 8.75
      vertex 25.8645 1.3555 8.75
    endloop
  endfacet
  facet normal 0 0 -1
    outer loop
      vertex 25.5811 -4.05165 8.75
      vertex 25.7581 2.70729 8.75
      vertex 25.7581 -2.70729 8.75
    endloop
  endfacet
  facet normal 0 0 -1
    outer loop
      vertex 25.5811 -4.05165 8.75
      vertex 25.5811 4.05165 8.75
      vertex 25.7581 2.70729 8.75
    endloop
  endfacet
  facet normal 0 0 -1
    outer loop
      vertex 25.3717 -5.18179 8.75
      vertex 25.5811 4.05165 8.75
      vertex 25.5811 -4.05165 8.75
    endloop
  endfacet
  facet normal 0 0 -1
    outer loop
      vertex 25.3717 -5.18179 8.75
      vertex 25.3717 5.18179 8.75
      vertex 25.5811 4.05165 8.75
    endloop
  endfacet
  facet normal 0 0 -1
    outer loop
      vertex -25.3717 -5.18179 8.75
      vertex 25.3717 5.18179 8.75
      vertex 25.3717 -5.18179 8.75
    endloop
  endfacet
  facet normal 0 0 -1
    outer loop
      vertex -25.3717 -5.18179 8.75
      vertex -25.3717 5.18179 8.75
      vertex 25.3717 5.18179 8.75
    endloop
  endfacet
  facet normal 0 0 -1
    outer loop
      vertex -25.5811 -4.05165 8.75
      vertex -25.3717 5.18179 8.75
      vertex -25.3717 -5.18179 8.75
    endloop
  endfacet
  facet normal 0 0 -1
    outer loop
      vertex -25.5811 -4.05165 8.75
      vertex -25.5811 4.05165 8.75
      vertex -25.3717 5.18179 8.75
    endloop
  endfacet
  facet normal 0 0 -1
    outer loop
      vertex -25.7581 -2.70729 8.75
      vertex -25.5811 4.05165 8.75
      vertex -25.5811 -4.05165 8.75
    endloop
  endfacet
  facet normal 0 0 -1
    outer loop
      vertex -25.7581 -2.70729 8.75
      vertex -25.7581 2.70729 8.75
      vertex -25.5811 4.05165 8.75
    endloop
  endfacet
  facet normal 0 0 -1
    outer loop
      vertex -25.8645 -1.3555 8.75
      vertex -25.7581 2.70729 8.75
      vertex -25.7581 -2.70729 8.75
    endloop
  endfacet
  facet normal 0 0 -1
    outer loop
      vertex -25.8645 -1.3555 8.75
      vertex -25.8645 1.3555 8.75
      vertex -25.7581 2.70729 8.75
    endloop
  endfacet
  facet normal 0 -0 -1
    outer loop
      vertex -25.8645 1.3555 8.75
      vertex -25.8645 -1.3555 8.75
      vertex -25.9 0 8.75
    endloop
  endfacet
  facet normal -0.0123832 0.727387 -0.686116
    outer loop
      vertex 24.1766 -9.28931 4.61414
      vertex 24.3366 -8.83882 5.08884
      vertex 24.1797 -9.28173 4.62212
    endloop
  endfacet
  facet normal 0 0.725362 -0.688368
    outer loop
      vertex 24.3366 -8.83882 5.08884
      vertex 24.1766 -9.28931 4.61414
      vertex -24.3366 -8.83882 5.08884
    endloop
  endfacet
  facet normal 0 0.725362 -0.688368
    outer loop
      vertex -24.1766 -9.28931 4.61414
      vertex -24.3366 -8.83882 5.08884
      vertex 24.1766 -9.28931 4.61414
    endloop
  endfacet
  facet normal 0.0123832 0.727387 -0.686116
    outer loop
      vertex -24.3366 -8.83882 5.08884
      vertex -24.1766 -9.28931 4.61414
      vertex -24.1797 -9.28173 4.62212
    endloop
  endfacet
  facet normal -2.93829e-05 0.70751 -0.706704
    outer loop
      vertex 25.0175 -6.70341 7.22666
      vertex 25.3717 -5.18179 8.75
      vertex 25.334 -5.38491 8.54665
    endloop
  endfacet
  facet normal 0 0.707506 -0.706707
    outer loop
      vertex 25.3717 -5.18179 8.75
      vertex 25.0175 -6.70341 7.22666
      vertex -25.3717 -5.18179 8.75
    endloop
  endfacet
  facet normal 0 0.707506 -0.706707
    outer loop
      vertex -25.0175 -6.70341 7.22666
      vertex -25.3717 -5.18179 8.75
      vertex 25.0175 -6.70341 7.22666
    endloop
  endfacet
  facet normal 2.93829e-05 0.70751 -0.706704
    outer loop
      vertex -25.3717 -5.18179 8.75
      vertex -25.0175 -6.70341 7.22666
      vertex -25.334 -5.38491 8.54665
    endloop
  endfacet
  facet normal 0 0.707506 -0.706707
    outer loop
      vertex 24.6324 -8.00354 5.92506
      vertex -25.0175 -6.70341 7.22666
      vertex 25.0175 -6.70341 7.22666
    endloop
  endfacet
  facet normal 0 0.707506 -0.706707
    outer loop
      vertex 24.6324 -8.00354 5.92506
      vertex -24.6324 -8.00354 5.92506
      vertex -25.0175 -6.70341 7.22666
    endloop
  endfacet
  facet normal 0 0.707504 -0.706709
    outer loop
      vertex 24.3366 -8.83882 5.08884
      vertex -24.6324 -8.00354 5.92506
      vertex 24.6324 -8.00354 5.92506
    endloop
  endfacet
  facet normal 0 0.707504 -0.706709
    outer loop
      vertex -24.6324 -8.00354 5.92506
      vertex 24.3366 -8.83882 5.08884
      vertex -24.3366 -8.83882 5.08884
    endloop
  endfacet
  facet normal 0 -0.824101 -0.566443
    outer loop
      vertex -23.682 10.4834 3.058
      vertex 23.8355 10.1127 3.59732
      vertex -23.8355 10.1127 3.59732
    endloop
  endfacet
  facet normal 0 -0.824101 -0.566443
    outer loop
      vertex 23.8355 10.1127 3.59732
      vertex -23.682 10.4834 3.058
      vertex 23.682 10.4834 3.058
    endloop
  endfacet
  facet normal 0 0.942645 -0.333796
    outer loop
      vertex 23.0771 -11.7584 0.479406
      vertex -23.1193 -11.6698 0.729614
      vertex 23.1193 -11.6698 0.729614
    endloop
  endfacet
  facet normal 0 0.942645 -0.333796
    outer loop
      vertex 23.0771 -11.7584 0.479406
      vertex -23.0771 -11.7584 0.479406
      vertex -23.1193 -11.6698 0.729614
    endloop
  endfacet
  facet normal 0 0.942683 -0.333689
    outer loop
      vertex 23.0066 -11.8882 0.112717
      vertex -23.0771 -11.7584 0.479406
      vertex 23.0771 -11.7584 0.479406
    endloop
  endfacet
  facet normal 0 0.942683 -0.333689
    outer loop
      vertex -23.0771 -11.7584 0.479406
      vertex 23.0066 -11.8882 0.112717
      vertex -23.0066 -11.8882 0.112717
    endloop
  endfacet
  facet normal -0.000373686 0.852717 -0.522373
    outer loop
      vertex 23.5221 -10.8253 2.5
      vertex 23.682 -10.4834 3.058
      vertex 23.6608 -10.5345 2.9746
    endloop
  endfacet
  facet normal 0 0.852669 -0.522451
    outer loop
      vertex 23.682 -10.4834 3.058
      vertex 23.5221 -10.8253 2.5
      vertex -23.682 -10.4834 3.058
    endloop
  endfacet
  facet normal 0 0.852669 -0.522451
    outer loop
      vertex -23.5221 -10.8253 2.5
      vertex -23.682 -10.4834 3.058
      vertex 23.5221 -10.8253 2.5
    endloop
  endfacet
  facet normal 0.000373686 0.852717 -0.522373
    outer loop
      vertex -23.682 -10.4834 3.058
      vertex -23.5221 -10.8253 2.5
      vertex -23.6608 -10.5345 2.9746
    endloop
  endfacet
  facet normal 0 0.824101 -0.566443
    outer loop
      vertex 23.682 -10.4834 3.058
      vertex -23.8355 -10.1127 3.59732
      vertex 23.8355 -10.1127 3.59732
    endloop
  endfacet
  facet normal 0 0.824101 -0.566443
    outer loop
      vertex -23.8355 -10.1127 3.59732
      vertex 23.682 -10.4834 3.058
      vertex -23.682 -10.4834 3.058
    endloop
  endfacet
  facet normal 0 0.958793 -0.284107
    outer loop
      vertex 22.9884 -11.9216 0
      vertex -23.0066 -11.8882 0.112717
      vertex 23.0066 -11.8882 0.112717
    endloop
  endfacet
  facet normal 0 0.958793 -0.284107
    outer loop
      vertex -23.0066 -11.8882 0.112717
      vertex 22.9884 -11.9216 0
      vertex -22.9884 -11.9216 0
    endloop
  endfacet
  facet normal 0 0.923843 -0.382772
    outer loop
      vertex 23.1193 -11.6698 0.729614
      vertex -23.2388 -11.4193 1.33421
      vertex 23.2388 -11.4193 1.33421
    endloop
  endfacet
  facet normal 0 0.923843 -0.382772
    outer loop
      vertex -23.2388 -11.4193 1.33421
      vertex 23.1193 -11.6698 0.729614
      vertex -23.1193 -11.6698 0.729614
    endloop
  endfacet
  facet normal 0 0.902612 -0.430455
    outer loop
      vertex 23.2388 -11.4193 1.33421
      vertex -23.3732 -11.1376 1.9249
      vertex 23.3732 -11.1376 1.9249
    endloop
  endfacet
  facet normal 0 0.902612 -0.430455
    outer loop
      vertex -23.3732 -11.1376 1.9249
      vertex 23.2388 -11.4193 1.33421
      vertex -23.2388 -11.4193 1.33421
    endloop
  endfacet
  facet normal 0 0.793358 -0.608755
    outer loop
      vertex 23.8355 -10.1127 3.59732
      vertex -24.0006 -9.71431 4.11652
      vertex 24.0006 -9.71431 4.11652
    endloop
  endfacet
  facet normal 0 0.793358 -0.608755
    outer loop
      vertex -24.0006 -9.71431 4.11652
      vertex 23.8355 -10.1127 3.59732
      vertex -23.8355 -10.1127 3.59732
    endloop
  endfacet
  facet normal 0 0.760412 -0.649441
    outer loop
      vertex 24.0006 -9.71431 4.11652
      vertex -24.1766 -9.28931 4.61414
      vertex 24.1766 -9.28931 4.61414
    endloop
  endfacet
  facet normal 0 0.760412 -0.649441
    outer loop
      vertex -24.1766 -9.28931 4.61414
      vertex 24.0006 -9.71431 4.11652
      vertex -24.0006 -9.71431 4.11652
    endloop
  endfacet
  facet normal 0.000373686 -0.852717 -0.522373
    outer loop
      vertex -23.5221 10.8253 2.5
      vertex -23.682 10.4834 3.058
      vertex -23.6608 10.5345 2.9746
    endloop
  endfacet
  facet normal 0 -0.852669 -0.522451
    outer loop
      vertex -23.682 10.4834 3.058
      vertex -23.5221 10.8253 2.5
      vertex 23.682 10.4834 3.058
    endloop
  endfacet
  facet normal -0 -0.852669 -0.522451
    outer loop
      vertex 23.5221 10.8253 2.5
      vertex 23.682 10.4834 3.058
      vertex -23.5221 10.8253 2.5
    endloop
  endfacet
  facet normal -0.000373686 -0.852717 -0.522373
    outer loop
      vertex 23.682 10.4834 3.058
      vertex 23.5221 10.8253 2.5
      vertex 23.6608 10.5345 2.9746
    endloop
  endfacet
  facet normal 0 -0.942645 -0.333796
    outer loop
      vertex -23.0771 11.7584 0.479406
      vertex 23.1193 11.6698 0.729614
      vertex -23.1193 11.6698 0.729614
    endloop
  endfacet
  facet normal 0 -0.942645 -0.333796
    outer loop
      vertex -23.0771 11.7584 0.479406
      vertex 23.0771 11.7584 0.479406
      vertex 23.1193 11.6698 0.729614
    endloop
  endfacet
  facet normal 0 -0.942683 -0.333689
    outer loop
      vertex -23.0066 11.8882 0.112717
      vertex 23.0771 11.7584 0.479406
      vertex -23.0771 11.7584 0.479406
    endloop
  endfacet
  facet normal 0 -0.942683 -0.333689
    outer loop
      vertex 23.0771 11.7584 0.479406
      vertex -23.0066 11.8882 0.112717
      vertex 23.0066 11.8882 0.112717
    endloop
  endfacet
  facet normal 0 -0.878788 -0.477213
    outer loop
      vertex -23.3732 11.1376 1.9249
      vertex 23.5221 10.8253 2.5
      vertex -23.5221 10.8253 2.5
    endloop
  endfacet
  facet normal 0 -0.878788 -0.477213
    outer loop
      vertex 23.5221 10.8253 2.5
      vertex -23.3732 11.1376 1.9249
      vertex 23.3732 11.1376 1.9249
    endloop
  endfacet
  facet normal 0 -0.760412 -0.649441
    outer loop
      vertex -24.0006 9.71431 4.11652
      vertex 24.1766 9.28931 4.61414
      vertex -24.1766 9.28931 4.61414
    endloop
  endfacet
  facet normal 0 -0.760412 -0.649441
    outer loop
      vertex 24.1766 9.28931 4.61414
      vertex -24.0006 9.71431 4.11652
      vertex 24.0006 9.71431 4.11652
    endloop
  endfacet
  facet normal 2.93829e-05 -0.70751 -0.706704
    outer loop
      vertex -25.0175 6.70341 7.22666
      vertex -25.3717 5.18179 8.75
      vertex -25.334 5.38491 8.54665
    endloop
  endfacet
  facet normal 0 -0.707506 -0.706707
    outer loop
      vertex -25.3717 5.18179 8.75
      vertex -25.0175 6.70341 7.22666
      vertex 25.3717 5.18179 8.75
    endloop
  endfacet
  facet normal -0 -0.707506 -0.706707
    outer loop
      vertex 25.0175 6.70341 7.22666
      vertex 25.3717 5.18179 8.75
      vertex -25.0175 6.70341 7.22666
    endloop
  endfacet
  facet normal -2.93829e-05 -0.70751 -0.706704
    outer loop
      vertex 25.3717 5.18179 8.75
      vertex 25.0175 6.70341 7.22666
      vertex 25.334 5.38491 8.54665
    endloop
  endfacet
  facet normal 0 -0.707506 -0.706707
    outer loop
      vertex -24.6324 8.00354 5.92506
      vertex 25.0175 6.70341 7.22666
      vertex -25.0175 6.70341 7.22666
    endloop
  endfacet
  facet normal 0 -0.707506 -0.706707
    outer loop
      vertex -24.6324 8.00354 5.92506
      vertex 24.6324 8.00354 5.92506
      vertex 25.0175 6.70341 7.22666
    endloop
  endfacet
  facet normal 0 -0.707504 -0.706709
    outer loop
      vertex -24.3366 8.83882 5.08884
      vertex 24.6324 8.00354 5.92506
      vertex -24.6324 8.00354 5.92506
    endloop
  endfacet
  facet normal 0 -0.707504 -0.706709
    outer loop
      vertex 24.6324 8.00354 5.92506
      vertex -24.3366 8.83882 5.08884
      vertex 24.3366 8.83882 5.08884
    endloop
  endfacet
  facet normal 0.0123832 -0.727387 -0.686116
    outer loop
      vertex -24.1766 9.28931 4.61414
      vertex -24.3366 8.83882 5.08884
      vertex -24.1797 9.28173 4.62212
    endloop
  endfacet
  facet normal 0 -0.725362 -0.688368
    outer loop
      vertex -24.3366 8.83882 5.08884
      vertex -24.1766 9.28931 4.61414
      vertex 24.3366 8.83882 5.08884
    endloop
  endfacet
  facet normal -0 -0.725362 -0.688368
    outer loop
      vertex 24.1766 9.28931 4.61414
      vertex 24.3366 8.83882 5.08884
      vertex -24.1766 9.28931 4.61414
    endloop
  endfacet
  facet normal -0.0123832 -0.727387 -0.686116
    outer loop
      vertex 24.3366 8.83882 5.08884
      vertex 24.1766 9.28931 4.61414
      vertex 24.1797 9.28173 4.62212
    endloop
  endfacet
  facet normal 0 -0.902612 -0.430455
    outer loop
      vertex -23.2388 11.4193 1.33421
      vertex 23.3732 11.1376 1.9249
      vertex -23.3732 11.1376 1.9249
    endloop
  endfacet
  facet normal 0 -0.902612 -0.430455
    outer loop
      vertex 23.3732 11.1376 1.9249
      vertex -23.2388 11.4193 1.33421
      vertex 23.2388 11.4193 1.33421
    endloop
  endfacet
  facet normal 0 -0.923843 -0.382772
    outer loop
      vertex -23.1193 11.6698 0.729614
      vertex 23.2388 11.4193 1.33421
      vertex -23.2388 11.4193 1.33421
    endloop
  endfacet
  facet normal 0 -0.923843 -0.382772
    outer loop
      vertex 23.2388 11.4193 1.33421
      vertex -23.1193 11.6698 0.729614
      vertex 23.1193 11.6698 0.729614
    endloop
  endfacet
  facet normal 0 -0.958793 -0.284107
    outer loop
      vertex -22.9884 11.9216 0
      vertex 23.0066 11.8882 0.112717
      vertex -23.0066 11.8882 0.112717
    endloop
  endfacet
  facet normal 0 -0.958793 -0.284107
    outer loop
      vertex 23.0066 11.8882 0.112717
      vertex -22.9884 11.9216 0
      vertex 22.9884 11.9216 0
    endloop
  endfacet
  facet normal 0 -0.793358 -0.608755
    outer loop
      vertex -23.8355 10.1127 3.59732
      vertex 24.0006 9.71431 4.11652
      vertex -24.0006 9.71431 4.11652
    endloop
  endfacet
  facet normal 0 -0.793358 -0.608755
    outer loop
      vertex 24.0006 9.71431 4.11652
      vertex -23.8355 10.1127 3.59732
      vertex 23.8355 10.1127 3.59732
    endloop
  endfacet
  facet normal -0.649471 -0.760386 0
    outer loop
      vertex 14.0338 17.3304 11.75
      vertex 14.9216 16.5721 14.75
      vertex 14.0338 17.3304 14.75
    endloop
  endfacet
  facet normal -0.649471 -0.760386 -0
    outer loop
      vertex 14.9216 16.5721 14.75
      vertex 14.0338 17.3304 11.75
      vertex 14.9216 16.5721 11.75
    endloop
  endfacet
  facet normal 0.382623 -0.923905 0
    outer loop
      vertex -9.07023 20.3721 11.75
      vertex -7.9916 20.8188 14.75
      vertex -9.07023 20.3721 14.75
    endloop
  endfacet
  facet normal 0.382623 -0.923905 0
    outer loop
      vertex -7.9916 20.8188 14.75
      vertex -9.07023 20.3721 11.75
      vertex -7.9916 20.8188 11.75
    endloop
  endfacet
  facet normal 0.902559 -0.430565 0
    outer loop
      vertex -20.3721 9.07023 14.75
      vertex -19.8694 10.124 11.75
      vertex -19.8694 10.124 14.75
    endloop
  endfacet
  facet normal 0.902559 -0.430565 0
    outer loop
      vertex -19.8694 10.124 11.75
      vertex -20.3721 9.07023 14.75
      vertex -20.3721 9.07023 11.75
    endloop
  endfacet
  facet normal -0.999656 0.0262101 0
    outer loop
      vertex 22.2694 -1.16709 14.74
      vertex 22.3 0 14.85
      vertex 22.3 0 14.74
    endloop
  endfacet
  facet normal -0.999656 0.0262101 0
    outer loop
      vertex 22.3 0 14.85
      vertex 22.2694 -1.16709 14.74
      vertex 22.2694 -1.16709 14.85
    endloop
  endfacet
  facet normal -0.999656 0.0262101 0
    outer loop
      vertex 22.2694 -1.16709 11.75
      vertex 22.3 0 14.74
      vertex 22.3 0 11.75
    endloop
  endfacet
  facet normal -0.999656 0.0262101 0
    outer loop
      vertex 22.3 0 14.74
      vertex 22.2694 -1.16709 11.75
      vertex 22.2694 -1.16709 14.74
    endloop
  endfacet
  facet normal 0.430565 0.902559 -0
    outer loop
      vertex -9.07023 -20.3721 11.75
      vertex -10.124 -19.8694 14.75
      vertex -9.07023 -20.3721 14.75
    endloop
  endfacet
  facet normal 0.430565 0.902559 0
    outer loop
      vertex -10.124 -19.8694 14.75
      vertex -9.07023 -20.3721 11.75
      vertex -10.124 -19.8694 11.75
    endloop
  endfacet
  facet normal -0.902559 -0.430565 0
    outer loop
      vertex 20.3721 9.07023 11.75
      vertex 19.8694 10.124 14.75
      vertex 19.8694 10.124 11.75
    endloop
  endfacet
  facet normal -0.902559 -0.430565 0
    outer loop
      vertex 19.8694 10.124 14.75
      vertex 20.3721 9.07023 11.75
      vertex 20.3721 9.07023 14.75
    endloop
  endfacet
  facet normal -0.382623 -0.923905 0
    outer loop
      vertex 7.9916 20.8188 11.75
      vertex 9.07023 20.3721 14.75
      vertex 7.9916 20.8188 14.75
    endloop
  endfacet
  facet normal -0.382623 -0.923905 -0
    outer loop
      vertex 9.07023 20.3721 14.75
      vertex 7.9916 20.8188 11.75
      vertex 9.07023 20.3721 11.75
    endloop
  endfacet
  facet normal 0.725408 -0.688319 0
    outer loop
      vertex -16.5721 14.9216 14.75
      vertex -15.7685 15.7685 11.75
      vertex -15.7685 15.7685 14.75
    endloop
  endfacet
  facet normal 0.725408 -0.688319 0
    outer loop
      vertex -15.7685 15.7685 11.75
      vertex -16.5721 14.9216 14.75
      vertex -16.5721 14.9216 11.75
    endloop
  endfacet
  facet normal 0.182187 -0.983264 0
    outer loop
      vertex -4.63643 21.8127 14.74
      vertex -3.48849 22.0254 14.85
      vertex -4.63643 21.8127 14.85
    endloop
  endfacet
  facet normal 0.182187 -0.983264 0
    outer loop
      vertex -3.48849 22.0254 14.85
      vertex -4.63643 21.8127 14.74
      vertex -3.48849 22.0254 14.74
    endloop
  endfacet
  facet normal 0.182187 -0.983264 0
    outer loop
      vertex -4.63643 21.8127 11.75
      vertex -3.48849 22.0254 14.74
      vertex -4.63643 21.8127 14.74
    endloop
  endfacet
  facet normal 0.182187 -0.983264 0
    outer loop
      vertex -3.48849 22.0254 14.74
      vertex -4.63643 21.8127 11.75
      vertex -3.48849 22.0254 11.75
    endloop
  endfacet
  facet normal -0.942618 0.333872 0
    outer loop
      vertex 20.8188 -7.9916 11.75
      vertex 21.2086 -6.89108 14.75
      vertex 21.2086 -6.89108 11.75
    endloop
  endfacet
  facet normal -0.942618 0.333872 0
    outer loop
      vertex 21.2086 -6.89108 14.75
      vertex 20.8188 -7.9916 11.75
      vertex 20.8188 -7.9916 14.75
    endloop
  endfacet
  facet normal 0.688319 0.725408 -0
    outer loop
      vertex -14.9216 -16.5721 11.75
      vertex -15.7685 -15.7685 14.75
      vertex -14.9216 -16.5721 14.75
    endloop
  endfacet
  facet normal 0.688319 0.725408 0
    outer loop
      vertex -15.7685 -15.7685 14.75
      vertex -14.9216 -16.5721 11.75
      vertex -15.7685 -15.7685 11.75
    endloop
  endfacet
  facet normal -0.991444 -0.130535 0
    outer loop
      vertex 22.1778 2.33098 14.74
      vertex 22.0254 3.48849 14.85
      vertex 22.0254 3.48849 14.74
    endloop
  endfacet
  facet normal -0.991444 -0.130535 0
    outer loop
      vertex 22.0254 3.48849 14.85
      vertex 22.1778 2.33098 14.74
      vertex 22.1778 2.33098 14.85
    endloop
  endfacet
  facet normal -0.991444 -0.130535 0
    outer loop
      vertex 22.1778 2.33098 11.75
      vertex 22.0254 3.48849 14.74
      vertex 22.0254 3.48849 11.75
    endloop
  endfacet
  facet normal -0.991444 -0.130535 0
    outer loop
      vertex 22.0254 3.48849 14.74
      vertex 22.1778 2.33098 11.75
      vertex 22.1778 2.33098 14.74
    endloop
  endfacet
  facet normal -0.972345 -0.233551 0
    outer loop
      vertex 21.6355 5.37448 11.75
      vertex 21.5401 5.77166 14.75
      vertex 21.5401 5.77166 11.75
    endloop
  endfacet
  facet normal -0.972345 -0.233551 0
    outer loop
      vertex 21.5401 5.77166 14.75
      vertex 21.6355 5.37448 11.75
      vertex 21.6355 5.37448 14.75
    endloop
  endfacet
  facet normal -0.95884 -0.283947 0
    outer loop
      vertex 21.5401 5.77166 11.75
      vertex 21.2086 6.89108 14.75
      vertex 21.2086 6.89108 11.75
    endloop
  endfacet
  facet normal -0.95884 -0.283947 0
    outer loop
      vertex 21.2086 6.89108 14.75
      vertex 21.5401 5.77166 11.75
      vertex 21.5401 5.77166 14.75
    endloop
  endfacet
  facet normal -0.824127 -0.566405 0
    outer loop
      vertex 18.7024 12.1454 11.75
      vertex 18.0411 13.1076 14.75
      vertex 18.0411 13.1076 11.75
    endloop
  endfacet
  facet normal -0.824127 -0.566405 0
    outer loop
      vertex 18.0411 13.1076 14.75
      vertex 18.7024 12.1454 11.75
      vertex 18.7024 12.1454 14.75
    endloop
  endfacet
  facet normal -0.52251 -0.852633 0
    outer loop
      vertex 11.15 19.3124 11.75
      vertex 12.1454 18.7024 14.75
      vertex 11.15 19.3124 14.75
    endloop
  endfacet
  facet normal -0.52251 -0.852633 -0
    outer loop
      vertex 12.1454 18.7024 14.75
      vertex 11.15 19.3124 11.75
      vertex 12.1454 18.7024 11.75
    endloop
  endfacet
  facet normal -0.0262101 -0.999656 0
    outer loop
      vertex 0 22.3 14.74
      vertex 1.16709 22.2694 14.85
      vertex 0 22.3 14.85
    endloop
  endfacet
  facet normal -0.0262101 -0.999656 -0
    outer loop
      vertex 1.16709 22.2694 14.85
      vertex 0 22.3 14.74
      vertex 1.16709 22.2694 14.74
    endloop
  endfacet
  facet normal -0.0262101 -0.999656 0
    outer loop
      vertex 0 22.3 11.75
      vertex 1.16709 22.2694 14.74
      vertex 0 22.3 14.74
    endloop
  endfacet
  facet normal -0.0262101 -0.999656 -0
    outer loop
      vertex 1.16709 22.2694 14.74
      vertex 0 22.3 11.75
      vertex 1.16709 22.2694 11.75
    endloop
  endfacet
  facet normal -0.078459 -0.996917 0
    outer loop
      vertex 1.16709 22.2694 14.74
      vertex 2.33098 22.1778 14.85
      vertex 1.16709 22.2694 14.85
    endloop
  endfacet
  facet normal -0.078459 -0.996917 -0
    outer loop
      vertex 2.33098 22.1778 14.85
      vertex 1.16709 22.2694 14.74
      vertex 2.33098 22.1778 14.74
    endloop
  endfacet
  facet normal -0.078459 -0.996917 0
    outer loop
      vertex 1.16709 22.2694 11.75
      vertex 2.33098 22.1778 14.74
      vertex 1.16709 22.2694 14.74
    endloop
  endfacet
  facet normal -0.078459 -0.996917 -0
    outer loop
      vertex 2.33098 22.1778 14.74
      vertex 1.16709 22.2694 11.75
      vertex 2.33098 22.1778 11.75
    endloop
  endfacet
  facet normal -0.182187 -0.983264 0
    outer loop
      vertex 3.48849 22.0254 14.74
      vertex 4.63643 21.8127 14.85
      vertex 3.48849 22.0254 14.85
    endloop
  endfacet
  facet normal -0.182187 -0.983264 -0
    outer loop
      vertex 4.63643 21.8127 14.85
      vertex 3.48849 22.0254 14.74
      vertex 4.63643 21.8127 14.74
    endloop
  endfacet
  facet normal -0.182187 -0.983264 0
    outer loop
      vertex 3.48849 22.0254 11.75
      vertex 4.63643 21.8127 14.74
      vertex 3.48849 22.0254 14.74
    endloop
  endfacet
  facet normal -0.182187 -0.983264 -0
    outer loop
      vertex 4.63643 21.8127 14.74
      vertex 3.48849 22.0254 11.75
      vertex 4.63643 21.8127 11.75
    endloop
  endfacet
  facet normal 0.999656 -0.0262101 0
    outer loop
      vertex -22.3 0 14.85
      vertex -22.2694 1.16709 14.74
      vertex -22.2694 1.16709 14.85
    endloop
  endfacet
  facet normal 0.999656 -0.0262101 0
    outer loop
      vertex -22.2694 1.16709 14.74
      vertex -22.3 0 14.85
      vertex -22.3 0 14.74
    endloop
  endfacet
  facet normal 0.999656 -0.0262101 0
    outer loop
      vertex -22.3 0 14.74
      vertex -22.2694 1.16709 11.75
      vertex -22.2694 1.16709 14.74
    endloop
  endfacet
  facet normal 0.999656 -0.0262101 0
    outer loop
      vertex -22.2694 1.16709 11.75
      vertex -22.3 0 14.74
      vertex -22.3 0 11.75
    endloop
  endfacet
  facet normal 0.972345 -0.233551 0
    outer loop
      vertex -21.6355 5.37448 14.75
      vertex -21.5401 5.77166 11.75
      vertex -21.5401 5.77166 14.75
    endloop
  endfacet
  facet normal 0.972345 -0.233551 0
    outer loop
      vertex -21.5401 5.77166 11.75
      vertex -21.6355 5.37448 14.75
      vertex -21.6355 5.37448 11.75
    endloop
  endfacet
  facet normal 0.793353 -0.608762 0
    outer loop
      vertex -18.0411 13.1076 14.75
      vertex -17.3304 14.0338 11.75
      vertex -17.3304 14.0338 14.75
    endloop
  endfacet
  facet normal 0.793353 -0.608762 0
    outer loop
      vertex -17.3304 14.0338 11.75
      vertex -18.0411 13.1076 14.75
      vertex -18.0411 13.1076 11.75
    endloop
  endfacet
  facet normal 0.566405 -0.824127 0
    outer loop
      vertex -13.1076 18.0411 11.75
      vertex -12.1454 18.7024 14.75
      vertex -13.1076 18.0411 14.75
    endloop
  endfacet
  facet normal 0.566405 -0.824127 0
    outer loop
      vertex -12.1454 18.7024 14.75
      vertex -13.1076 18.0411 11.75
      vertex -12.1454 18.7024 11.75
    endloop
  endfacet
  facet normal 0.477111 -0.878843 0
    outer loop
      vertex -11.15 19.3124 11.75
      vertex -10.124 19.8694 14.75
      vertex -11.15 19.3124 14.75
    endloop
  endfacet
  facet normal 0.477111 -0.878843 0
    outer loop
      vertex -10.124 19.8694 14.75
      vertex -11.15 19.3124 11.75
      vertex -10.124 19.8694 11.75
    endloop
  endfacet
  facet normal 0.688319 -0.725408 0
    outer loop
      vertex -15.7685 15.7685 11.75
      vertex -14.9216 16.5721 14.75
      vertex -15.7685 15.7685 14.75
    endloop
  endfacet
  facet normal 0.688319 -0.725408 0
    outer loop
      vertex -14.9216 16.5721 14.75
      vertex -15.7685 15.7685 11.75
      vertex -14.9216 16.5721 11.75
    endloop
  endfacet
  facet normal -0.999656 -0.0262101 0
    outer loop
      vertex 22.3 0 14.74
      vertex 22.2694 1.16709 14.85
      vertex 22.2694 1.16709 14.74
    endloop
  endfacet
  facet normal -0.999656 -0.0262101 0
    outer loop
      vertex 22.2694 1.16709 14.85
      vertex 22.3 0 14.74
      vertex 22.3 0 14.85
    endloop
  endfacet
  facet normal -0.999656 -0.0262101 0
    outer loop
      vertex 22.3 0 11.75
      vertex 22.2694 1.16709 14.74
      vertex 22.2694 1.16709 11.75
    endloop
  endfacet
  facet normal -0.999656 -0.0262101 0
    outer loop
      vertex 22.2694 1.16709 14.74
      vertex 22.3 0 11.75
      vertex 22.3 0 14.74
    endloop
  endfacet
  facet normal -0.95884 0.283947 0
    outer loop
      vertex 21.2086 -6.89108 11.75
      vertex 21.5401 -5.77166 14.75
      vertex 21.5401 -5.77166 11.75
    endloop
  endfacet
  facet normal -0.95884 0.283947 0
    outer loop
      vertex 21.5401 -5.77166 14.75
      vertex 21.2086 -6.89108 11.75
      vertex 21.2086 -6.89108 14.75
    endloop
  endfacet
  facet normal -0.760386 0.649471 0
    outer loop
      vertex 16.5721 -14.9216 11.75
      vertex 17.3304 -14.0338 14.75
      vertex 17.3304 -14.0338 11.75
    endloop
  endfacet
  facet normal -0.760386 0.649471 0
    outer loop
      vertex 17.3304 -14.0338 14.75
      vertex 16.5721 -14.9216 11.75
      vertex 16.5721 -14.9216 14.75
    endloop
  endfacet
  facet normal 0.0262101 0.999656 -0
    outer loop
      vertex 0 -22.3 14.74
      vertex -1.16709 -22.2694 14.85
      vertex 0 -22.3 14.85
    endloop
  endfacet
  facet normal 0.0262101 0.999656 0
    outer loop
      vertex -1.16709 -22.2694 14.85
      vertex 0 -22.3 14.74
      vertex -1.16709 -22.2694 14.74
    endloop
  endfacet
  facet normal 0.0262101 0.999656 -0
    outer loop
      vertex 0 -22.3 11.75
      vertex -1.16709 -22.2694 14.74
      vertex 0 -22.3 14.74
    endloop
  endfacet
  facet normal 0.0262101 0.999656 0
    outer loop
      vertex -1.16709 -22.2694 14.74
      vertex 0 -22.3 11.75
      vertex -1.16709 -22.2694 11.75
    endloop
  endfacet
  facet normal 0.923905 0.382623 0
    outer loop
      vertex -20.3721 -9.07023 14.75
      vertex -20.8188 -7.9916 11.75
      vertex -20.8188 -7.9916 14.75
    endloop
  endfacet
  facet normal 0.923905 0.382623 0
    outer loop
      vertex -20.8188 -7.9916 11.75
      vertex -20.3721 -9.07023 14.75
      vertex -20.3721 -9.07023 11.75
    endloop
  endfacet
  facet normal 0.983264 0.182187 0
    outer loop
      vertex -21.8127 -4.63643 14.85
      vertex -22.0254 -3.48849 14.74
      vertex -22.0254 -3.48849 14.85
    endloop
  endfacet
  facet normal 0.983264 0.182187 0
    outer loop
      vertex -22.0254 -3.48849 14.74
      vertex -21.8127 -4.63643 14.85
      vertex -21.8127 -4.63643 14.74
    endloop
  endfacet
  facet normal 0.983264 0.182187 0
    outer loop
      vertex -21.8127 -4.63643 14.74
      vertex -22.0254 -3.48849 11.75
      vertex -22.0254 -3.48849 14.74
    endloop
  endfacet
  facet normal 0.983264 0.182187 0
    outer loop
      vertex -22.0254 -3.48849 11.75
      vertex -21.8127 -4.63643 14.74
      vertex -21.8127 -4.63643 11.75
    endloop
  endfacet
  facet normal 0.793353 0.608762 0
    outer loop
      vertex -17.3304 -14.0338 14.75
      vertex -18.0411 -13.1076 11.75
      vertex -18.0411 -13.1076 14.75
    endloop
  endfacet
  facet normal 0.793353 0.608762 0
    outer loop
      vertex -18.0411 -13.1076 11.75
      vertex -17.3304 -14.0338 14.75
      vertex -17.3304 -14.0338 11.75
    endloop
  endfacet
  facet normal -0.996917 -0.078459 0
    outer loop
      vertex 22.2694 1.16709 14.74
      vertex 22.1778 2.33098 14.85
      vertex 22.1778 2.33098 14.74
    endloop
  endfacet
  facet normal -0.996917 -0.078459 0
    outer loop
      vertex 22.1778 2.33098 14.85
      vertex 22.2694 1.16709 14.74
      vertex 22.2694 1.16709 14.85
    endloop
  endfacet
  facet normal -0.996917 -0.078459 0
    outer loop
      vertex 22.2694 1.16709 11.75
      vertex 22.1778 2.33098 14.74
      vertex 22.1778 2.33098 11.75
    endloop
  endfacet
  facet normal -0.996917 -0.078459 0
    outer loop
      vertex 22.1778 2.33098 14.74
      vertex 22.2694 1.16709 11.75
      vertex 22.2694 1.16709 14.74
    endloop
  endfacet
  facet normal -0.983264 -0.182187 0
    outer loop
      vertex 22.0254 3.48849 14.74
      vertex 21.8127 4.63643 14.85
      vertex 21.8127 4.63643 14.74
    endloop
  endfacet
  facet normal -0.983264 -0.182187 0
    outer loop
      vertex 21.8127 4.63643 14.85
      vertex 22.0254 3.48849 14.74
      vertex 22.0254 3.48849 14.85
    endloop
  endfacet
  facet normal -0.983264 -0.182187 0
    outer loop
      vertex 22.0254 3.48849 11.75
      vertex 21.8127 4.63643 14.74
      vertex 21.8127 4.63643 11.75
    endloop
  endfacet
  facet normal -0.983264 -0.182187 0
    outer loop
      vertex 21.8127 4.63643 14.74
      vertex 22.0254 3.48849 11.75
      vertex 22.0254 3.48849 14.74
    endloop
  endfacet
  facet normal -0.923905 -0.382623 0
    outer loop
      vertex 20.8188 7.9916 11.75
      vertex 20.3721 9.07023 14.75
      vertex 20.3721 9.07023 11.75
    endloop
  endfacet
  facet normal -0.923905 -0.382623 0
    outer loop
      vertex 20.3721 9.07023 14.75
      vertex 20.8188 7.9916 11.75
      vertex 20.8188 7.9916 14.75
    endloop
  endfacet
  facet normal -0.942618 -0.333872 0
    outer loop
      vertex 21.2086 6.89108 11.75
      vertex 20.8188 7.9916 14.75
      vertex 20.8188 7.9916 11.75
    endloop
  endfacet
  facet normal -0.942618 -0.333872 0
    outer loop
      vertex 20.8188 7.9916 14.75
      vertex 21.2086 6.89108 11.75
      vertex 21.2086 6.89108 14.75
    endloop
  endfacet
  facet normal -0.878843 -0.477111 0
    outer loop
      vertex 19.8694 10.124 11.75
      vertex 19.3124 11.15 14.75
      vertex 19.3124 11.15 11.75
    endloop
  endfacet
  facet normal -0.878843 -0.477111 0
    outer loop
      vertex 19.3124 11.15 14.75
      vertex 19.8694 10.124 11.75
      vertex 19.8694 10.124 14.75
    endloop
  endfacet
  facet normal -0.852633 -0.52251 0
    outer loop
      vertex 19.3124 11.15 11.75
      vertex 18.7024 12.1454 14.75
      vertex 18.7024 12.1454 11.75
    endloop
  endfacet
  facet normal -0.852633 -0.52251 0
    outer loop
      vertex 18.7024 12.1454 14.75
      vertex 19.3124 11.15 11.75
      vertex 19.3124 11.15 14.75
    endloop
  endfacet
  facet normal -0.760386 -0.649471 0
    outer loop
      vertex 17.3304 14.0338 11.75
      vertex 16.5721 14.9216 14.75
      vertex 16.5721 14.9216 11.75
    endloop
  endfacet
  facet normal -0.760386 -0.649471 0
    outer loop
      vertex 16.5721 14.9216 14.75
      vertex 17.3304 14.0338 11.75
      vertex 17.3304 14.0338 14.75
    endloop
  endfacet
  facet normal -0.725408 -0.688319 0
    outer loop
      vertex 16.5721 14.9216 11.75
      vertex 15.7685 15.7685 14.75
      vertex 15.7685 15.7685 11.75
    endloop
  endfacet
  facet normal -0.725408 -0.688319 0
    outer loop
      vertex 15.7685 15.7685 14.75
      vertex 16.5721 14.9216 11.75
      vertex 16.5721 14.9216 14.75
    endloop
  endfacet
  facet normal -0.793353 -0.608762 0
    outer loop
      vertex 18.0411 13.1076 11.75
      vertex 17.3304 14.0338 14.75
      vertex 17.3304 14.0338 11.75
    endloop
  endfacet
  facet normal -0.793353 -0.608762 0
    outer loop
      vertex 17.3304 14.0338 14.75
      vertex 18.0411 13.1076 11.75
      vertex 18.0411 13.1076 14.75
    endloop
  endfacet
  facet normal -0.688319 -0.725408 0
    outer loop
      vertex 14.9216 16.5721 11.75
      vertex 15.7685 15.7685 14.75
      vertex 14.9216 16.5721 14.75
    endloop
  endfacet
  facet normal -0.688319 -0.725408 -0
    outer loop
      vertex 15.7685 15.7685 14.75
      vertex 14.9216 16.5721 11.75
      vertex 15.7685 15.7685 11.75
    endloop
  endfacet
  facet normal -0.608762 -0.793353 0
    outer loop
      vertex 13.1076 18.0411 11.75
      vertex 14.0338 17.3304 14.75
      vertex 13.1076 18.0411 14.75
    endloop
  endfacet
  facet normal -0.608762 -0.793353 -0
    outer loop
      vertex 14.0338 17.3304 14.75
      vertex 13.1076 18.0411 11.75
      vertex 14.0338 17.3304 11.75
    endloop
  endfacet
  facet normal -0.566405 -0.824127 0
    outer loop
      vertex 12.1454 18.7024 11.75
      vertex 13.1076 18.0411 14.75
      vertex 12.1454 18.7024 14.75
    endloop
  endfacet
  facet normal -0.566405 -0.824127 -0
    outer loop
      vertex 13.1076 18.0411 14.75
      vertex 12.1454 18.7024 11.75
      vertex 13.1076 18.0411 11.75
    endloop
  endfacet
  facet normal -0.430565 -0.902559 0
    outer loop
      vertex 9.07023 20.3721 11.75
      vertex 10.124 19.8694 14.75
      vertex 9.07023 20.3721 14.75
    endloop
  endfacet
  facet normal -0.430565 -0.902559 -0
    outer loop
      vertex 10.124 19.8694 14.75
      vertex 9.07023 20.3721 11.75
      vertex 10.124 19.8694 11.75
    endloop
  endfacet
  facet normal -0.477111 -0.878843 0
    outer loop
      vertex 10.124 19.8694 11.75
      vertex 11.15 19.3124 14.75
      vertex 10.124 19.8694 14.75
    endloop
  endfacet
  facet normal -0.477111 -0.878843 -0
    outer loop
      vertex 11.15 19.3124 14.75
      vertex 10.124 19.8694 11.75
      vertex 11.15 19.3124 11.75
    endloop
  endfacet
  facet normal -0.283947 -0.95884 0
    outer loop
      vertex 5.77166 21.5401 11.75
      vertex 6.89108 21.2086 14.75
      vertex 5.77166 21.5401 14.75
    endloop
  endfacet
  facet normal -0.283947 -0.95884 -0
    outer loop
      vertex 6.89108 21.2086 14.75
      vertex 5.77166 21.5401 11.75
      vertex 6.89108 21.2086 11.75
    endloop
  endfacet
  facet normal -0.333872 -0.942618 0
    outer loop
      vertex 6.89108 21.2086 11.75
      vertex 7.9916 20.8188 14.75
      vertex 6.89108 21.2086 14.75
    endloop
  endfacet
  facet normal -0.333872 -0.942618 -0
    outer loop
      vertex 7.9916 20.8188 14.75
      vertex 6.89108 21.2086 11.75
      vertex 7.9916 20.8188 11.75
    endloop
  endfacet
  facet normal -0.233551 -0.972345 0
    outer loop
      vertex 5.37448 21.6355 11.75
      vertex 5.77166 21.5401 14.75
      vertex 5.37448 21.6355 14.75
    endloop
  endfacet
  facet normal -0.233551 -0.972345 -0
    outer loop
      vertex 5.77166 21.5401 14.75
      vertex 5.37448 21.6355 11.75
      vertex 5.77166 21.5401 11.75
    endloop
  endfacet
  facet normal 0.942618 -0.333872 0
    outer loop
      vertex -21.2086 6.89108 14.75
      vertex -20.8188 7.9916 11.75
      vertex -20.8188 7.9916 14.75
    endloop
  endfacet
  facet normal 0.942618 -0.333872 0
    outer loop
      vertex -20.8188 7.9916 11.75
      vertex -21.2086 6.89108 14.75
      vertex -21.2086 6.89108 11.75
    endloop
  endfacet
  facet normal 0.923905 -0.382623 0
    outer loop
      vertex -20.8188 7.9916 14.75
      vertex -20.3721 9.07023 11.75
      vertex -20.3721 9.07023 14.75
    endloop
  endfacet
  facet normal 0.923905 -0.382623 0
    outer loop
      vertex -20.3721 9.07023 11.75
      vertex -20.8188 7.9916 14.75
      vertex -20.8188 7.9916 11.75
    endloop
  endfacet
  facet normal 0.991444 -0.130535 0
    outer loop
      vertex -22.1778 2.33098 14.85
      vertex -22.0254 3.48849 14.74
      vertex -22.0254 3.48849 14.85
    endloop
  endfacet
  facet normal 0.991444 -0.130535 0
    outer loop
      vertex -22.0254 3.48849 14.74
      vertex -22.1778 2.33098 14.85
      vertex -22.1778 2.33098 14.74
    endloop
  endfacet
  facet normal 0.991444 -0.130535 0
    outer loop
      vertex -22.1778 2.33098 14.74
      vertex -22.0254 3.48849 11.75
      vertex -22.0254 3.48849 14.74
    endloop
  endfacet
  facet normal 0.991444 -0.130535 0
    outer loop
      vertex -22.0254 3.48849 11.75
      vertex -22.1778 2.33098 14.74
      vertex -22.1778 2.33098 11.75
    endloop
  endfacet
  facet normal 0.996917 -0.078459 0
    outer loop
      vertex -22.2694 1.16709 14.85
      vertex -22.1778 2.33098 14.74
      vertex -22.1778 2.33098 14.85
    endloop
  endfacet
  facet normal 0.996917 -0.078459 0
    outer loop
      vertex -22.1778 2.33098 14.74
      vertex -22.2694 1.16709 14.85
      vertex -22.2694 1.16709 14.74
    endloop
  endfacet
  facet normal 0.996917 -0.078459 0
    outer loop
      vertex -22.2694 1.16709 14.74
      vertex -22.1778 2.33098 11.75
      vertex -22.1778 2.33098 14.74
    endloop
  endfacet
  facet normal 0.996917 -0.078459 0
    outer loop
      vertex -22.1778 2.33098 11.75
      vertex -22.2694 1.16709 14.74
      vertex -22.2694 1.16709 11.75
    endloop
  endfacet
  facet normal 0.95884 -0.283947 0
    outer loop
      vertex -21.5401 5.77166 14.75
      vertex -21.2086 6.89108 11.75
      vertex -21.2086 6.89108 14.75
    endloop
  endfacet
  facet normal 0.95884 -0.283947 0
    outer loop
      vertex -21.2086 6.89108 11.75
      vertex -21.5401 5.77166 14.75
      vertex -21.5401 5.77166 11.75
    endloop
  endfacet
  facet normal 0.852633 -0.52251 0
    outer loop
      vertex -19.3124 11.15 14.75
      vertex -18.7024 12.1454 11.75
      vertex -18.7024 12.1454 14.75
    endloop
  endfacet
  facet normal 0.852633 -0.52251 0
    outer loop
      vertex -18.7024 12.1454 11.75
      vertex -19.3124 11.15 14.75
      vertex -19.3124 11.15 11.75
    endloop
  endfacet
  facet normal 0.878843 -0.477111 0
    outer loop
      vertex -19.8694 10.124 14.75
      vertex -19.3124 11.15 11.75
      vertex -19.3124 11.15 14.75
    endloop
  endfacet
  facet normal 0.878843 -0.477111 0
    outer loop
      vertex -19.3124 11.15 11.75
      vertex -19.8694 10.124 14.75
      vertex -19.8694 10.124 11.75
    endloop
  endfacet
  facet normal 0.760386 -0.649471 0
    outer loop
      vertex -17.3304 14.0338 14.75
      vertex -16.5721 14.9216 11.75
      vertex -16.5721 14.9216 14.75
    endloop
  endfacet
  facet normal 0.760386 -0.649471 0
    outer loop
      vertex -16.5721 14.9216 11.75
      vertex -17.3304 14.0338 14.75
      vertex -17.3304 14.0338 11.75
    endloop
  endfacet
  facet normal 0.283947 -0.95884 0
    outer loop
      vertex -6.89108 21.2086 11.75
      vertex -5.77166 21.5401 14.75
      vertex -6.89108 21.2086 14.75
    endloop
  endfacet
  facet normal 0.283947 -0.95884 0
    outer loop
      vertex -5.77166 21.5401 14.75
      vertex -6.89108 21.2086 11.75
      vertex -5.77166 21.5401 11.75
    endloop
  endfacet
  facet normal 0.333872 -0.942618 0
    outer loop
      vertex -7.9916 20.8188 11.75
      vertex -6.89108 21.2086 14.75
      vertex -7.9916 20.8188 14.75
    endloop
  endfacet
  facet normal 0.333872 -0.942618 0
    outer loop
      vertex -6.89108 21.2086 14.75
      vertex -7.9916 20.8188 11.75
      vertex -6.89108 21.2086 11.75
    endloop
  endfacet
  facet normal 0.0262101 -0.999656 0
    outer loop
      vertex -1.16709 22.2694 14.74
      vertex 0 22.3 14.85
      vertex -1.16709 22.2694 14.85
    endloop
  endfacet
  facet normal 0.0262101 -0.999656 0
    outer loop
      vertex 0 22.3 14.85
      vertex -1.16709 22.2694 14.74
      vertex 0 22.3 14.74
    endloop
  endfacet
  facet normal 0.0262101 -0.999656 0
    outer loop
      vertex -1.16709 22.2694 11.75
      vertex 0 22.3 14.74
      vertex -1.16709 22.2694 14.74
    endloop
  endfacet
  facet normal 0.0262101 -0.999656 0
    outer loop
      vertex 0 22.3 14.74
      vertex -1.16709 22.2694 11.75
      vertex 0 22.3 11.75
    endloop
  endfacet
  facet normal 0.078459 -0.996917 0
    outer loop
      vertex -2.33098 22.1778 14.74
      vertex -1.16709 22.2694 14.85
      vertex -2.33098 22.1778 14.85
    endloop
  endfacet
  facet normal 0.078459 -0.996917 0
    outer loop
      vertex -1.16709 22.2694 14.85
      vertex -2.33098 22.1778 14.74
      vertex -1.16709 22.2694 14.74
    endloop
  endfacet
  facet normal 0.078459 -0.996917 0
    outer loop
      vertex -2.33098 22.1778 11.75
      vertex -1.16709 22.2694 14.74
      vertex -2.33098 22.1778 14.74
    endloop
  endfacet
  facet normal 0.078459 -0.996917 0
    outer loop
      vertex -1.16709 22.2694 14.74
      vertex -2.33098 22.1778 11.75
      vertex -1.16709 22.2694 11.75
    endloop
  endfacet
  facet normal 0.52251 -0.852633 0
    outer loop
      vertex -12.1454 18.7024 11.75
      vertex -11.15 19.3124 14.75
      vertex -12.1454 18.7024 14.75
    endloop
  endfacet
  facet normal 0.52251 -0.852633 0
    outer loop
      vertex -11.15 19.3124 14.75
      vertex -12.1454 18.7024 11.75
      vertex -11.15 19.3124 11.75
    endloop
  endfacet
  facet normal 0.430565 -0.902559 0
    outer loop
      vertex -10.124 19.8694 11.75
      vertex -9.07023 20.3721 14.75
      vertex -10.124 19.8694 14.75
    endloop
  endfacet
  facet normal 0.430565 -0.902559 0
    outer loop
      vertex -9.07023 20.3721 14.75
      vertex -10.124 19.8694 11.75
      vertex -9.07023 20.3721 11.75
    endloop
  endfacet
  facet normal 0.649471 -0.760386 0
    outer loop
      vertex -14.9216 16.5721 11.75
      vertex -14.0338 17.3304 14.75
      vertex -14.9216 16.5721 14.75
    endloop
  endfacet
  facet normal 0.649471 -0.760386 0
    outer loop
      vertex -14.0338 17.3304 14.75
      vertex -14.9216 16.5721 11.75
      vertex -14.0338 17.3304 11.75
    endloop
  endfacet
  facet normal 0.608762 -0.793353 0
    outer loop
      vertex -14.0338 17.3304 11.75
      vertex -13.1076 18.0411 14.75
      vertex -14.0338 17.3304 14.75
    endloop
  endfacet
  facet normal 0.608762 -0.793353 0
    outer loop
      vertex -13.1076 18.0411 14.75
      vertex -14.0338 17.3304 11.75
      vertex -13.1076 18.0411 11.75
    endloop
  endfacet
  facet normal -0.991444 0.130535 0
    outer loop
      vertex 22.0254 -3.48849 14.74
      vertex 22.1778 -2.33098 14.85
      vertex 22.1778 -2.33098 14.74
    endloop
  endfacet
  facet normal -0.991444 0.130535 0
    outer loop
      vertex 22.1778 -2.33098 14.85
      vertex 22.0254 -3.48849 14.74
      vertex 22.0254 -3.48849 14.85
    endloop
  endfacet
  facet normal -0.991444 0.130535 0
    outer loop
      vertex 22.0254 -3.48849 11.75
      vertex 22.1778 -2.33098 14.74
      vertex 22.1778 -2.33098 11.75
    endloop
  endfacet
  facet normal -0.991444 0.130535 0
    outer loop
      vertex 22.1778 -2.33098 14.74
      vertex 22.0254 -3.48849 11.75
      vertex 22.0254 -3.48849 14.74
    endloop
  endfacet
  facet normal -0.0262101 0.999656 0
    outer loop
      vertex 1.16709 -22.2694 14.74
      vertex 0 -22.3 14.85
      vertex 1.16709 -22.2694 14.85
    endloop
  endfacet
  facet normal -0.0262101 0.999656 0
    outer loop
      vertex 0 -22.3 14.85
      vertex 1.16709 -22.2694 14.74
      vertex 0 -22.3 14.74
    endloop
  endfacet
  facet normal -0.0262101 0.999656 0
    outer loop
      vertex 1.16709 -22.2694 11.75
      vertex 0 -22.3 14.74
      vertex 1.16709 -22.2694 14.74
    endloop
  endfacet
  facet normal -0.0262101 0.999656 0
    outer loop
      vertex 0 -22.3 14.74
      vertex 1.16709 -22.2694 11.75
      vertex 0 -22.3 11.75
    endloop
  endfacet
  facet normal -0.983264 0.182187 0
    outer loop
      vertex 21.8127 -4.63643 14.74
      vertex 22.0254 -3.48849 14.85
      vertex 22.0254 -3.48849 14.74
    endloop
  endfacet
  facet normal -0.983264 0.182187 0
    outer loop
      vertex 22.0254 -3.48849 14.85
      vertex 21.8127 -4.63643 14.74
      vertex 21.8127 -4.63643 14.85
    endloop
  endfacet
  facet normal -0.983264 0.182187 0
    outer loop
      vertex 21.8127 -4.63643 11.75
      vertex 22.0254 -3.48849 14.74
      vertex 22.0254 -3.48849 11.75
    endloop
  endfacet
  facet normal -0.983264 0.182187 0
    outer loop
      vertex 22.0254 -3.48849 14.74
      vertex 21.8127 -4.63643 11.75
      vertex 21.8127 -4.63643 14.74
    endloop
  endfacet
  facet normal -0.078459 0.996917 0
    outer loop
      vertex 2.33098 -22.1778 14.74
      vertex 1.16709 -22.2694 14.85
      vertex 2.33098 -22.1778 14.85
    endloop
  endfacet
  facet normal -0.078459 0.996917 0
    outer loop
      vertex 1.16709 -22.2694 14.85
      vertex 2.33098 -22.1778 14.74
      vertex 1.16709 -22.2694 14.74
    endloop
  endfacet
  facet normal -0.078459 0.996917 0
    outer loop
      vertex 2.33098 -22.1778 11.75
      vertex 1.16709 -22.2694 14.74
      vertex 2.33098 -22.1778 14.74
    endloop
  endfacet
  facet normal -0.078459 0.996917 0
    outer loop
      vertex 1.16709 -22.2694 14.74
      vertex 2.33098 -22.1778 11.75
      vertex 1.16709 -22.2694 11.75
    endloop
  endfacet
  facet normal -0.130535 0.991444 0
    outer loop
      vertex 3.48849 -22.0254 14.74
      vertex 2.33098 -22.1778 14.85
      vertex 3.48849 -22.0254 14.85
    endloop
  endfacet
  facet normal -0.130535 0.991444 0
    outer loop
      vertex 2.33098 -22.1778 14.85
      vertex 3.48849 -22.0254 14.74
      vertex 2.33098 -22.1778 14.74
    endloop
  endfacet
  facet normal -0.130535 0.991444 0
    outer loop
      vertex 3.48849 -22.0254 11.75
      vertex 2.33098 -22.1778 14.74
      vertex 3.48849 -22.0254 14.74
    endloop
  endfacet
  facet normal -0.130535 0.991444 0
    outer loop
      vertex 2.33098 -22.1778 14.74
      vertex 3.48849 -22.0254 11.75
      vertex 2.33098 -22.1778 11.75
    endloop
  endfacet
  facet normal -0.333872 0.942618 0
    outer loop
      vertex 7.9916 -20.8188 11.75
      vertex 6.89108 -21.2086 14.75
      vertex 7.9916 -20.8188 14.75
    endloop
  endfacet
  facet normal -0.333872 0.942618 0
    outer loop
      vertex 6.89108 -21.2086 14.75
      vertex 7.9916 -20.8188 11.75
      vertex 6.89108 -21.2086 11.75
    endloop
  endfacet
  facet normal -0.233551 0.972345 0
    outer loop
      vertex 5.77166 -21.5401 11.75
      vertex 5.37448 -21.6355 14.75
      vertex 5.77166 -21.5401 14.75
    endloop
  endfacet
  facet normal -0.233551 0.972345 0
    outer loop
      vertex 5.37448 -21.6355 14.75
      vertex 5.77166 -21.5401 11.75
      vertex 5.37448 -21.6355 11.75
    endloop
  endfacet
  facet normal -0.649471 0.760386 0
    outer loop
      vertex 14.9216 -16.5721 11.75
      vertex 14.0338 -17.3304 14.75
      vertex 14.9216 -16.5721 14.75
    endloop
  endfacet
  facet normal -0.649471 0.760386 0
    outer loop
      vertex 14.0338 -17.3304 14.75
      vertex 14.9216 -16.5721 11.75
      vertex 14.0338 -17.3304 11.75
    endloop
  endfacet
  facet normal -0.608762 0.793353 0
    outer loop
      vertex 14.0338 -17.3304 11.75
      vertex 13.1076 -18.0411 14.75
      vertex 14.0338 -17.3304 14.75
    endloop
  endfacet
  facet normal -0.608762 0.793353 0
    outer loop
      vertex 13.1076 -18.0411 14.75
      vertex 14.0338 -17.3304 11.75
      vertex 13.1076 -18.0411 11.75
    endloop
  endfacet
  facet normal -0.688319 0.725408 0
    outer loop
      vertex 15.7685 -15.7685 11.75
      vertex 14.9216 -16.5721 14.75
      vertex 15.7685 -15.7685 14.75
    endloop
  endfacet
  facet normal -0.688319 0.725408 0
    outer loop
      vertex 14.9216 -16.5721 14.75
      vertex 15.7685 -15.7685 11.75
      vertex 14.9216 -16.5721 11.75
    endloop
  endfacet
  facet normal -0.52251 0.852633 0
    outer loop
      vertex 12.1454 -18.7024 11.75
      vertex 11.15 -19.3124 14.75
      vertex 12.1454 -18.7024 14.75
    endloop
  endfacet
  facet normal -0.52251 0.852633 0
    outer loop
      vertex 11.15 -19.3124 14.75
      vertex 12.1454 -18.7024 11.75
      vertex 11.15 -19.3124 11.75
    endloop
  endfacet
  facet normal -0.566405 0.824127 0
    outer loop
      vertex 13.1076 -18.0411 11.75
      vertex 12.1454 -18.7024 14.75
      vertex 13.1076 -18.0411 14.75
    endloop
  endfacet
  facet normal -0.566405 0.824127 0
    outer loop
      vertex 12.1454 -18.7024 14.75
      vertex 13.1076 -18.0411 11.75
      vertex 12.1454 -18.7024 11.75
    endloop
  endfacet
  facet normal -0.430565 0.902559 0
    outer loop
      vertex 10.124 -19.8694 11.75
      vertex 9.07023 -20.3721 14.75
      vertex 10.124 -19.8694 14.75
    endloop
  endfacet
  facet normal -0.430565 0.902559 0
    outer loop
      vertex 9.07023 -20.3721 14.75
      vertex 10.124 -19.8694 11.75
      vertex 9.07023 -20.3721 11.75
    endloop
  endfacet
  facet normal 0.130535 0.991444 -0
    outer loop
      vertex -2.33098 -22.1778 14.74
      vertex -3.48849 -22.0254 14.85
      vertex -2.33098 -22.1778 14.85
    endloop
  endfacet
  facet normal 0.130535 0.991444 0
    outer loop
      vertex -3.48849 -22.0254 14.85
      vertex -2.33098 -22.1778 14.74
      vertex -3.48849 -22.0254 14.74
    endloop
  endfacet
  facet normal 0.130535 0.991444 -0
    outer loop
      vertex -2.33098 -22.1778 11.75
      vertex -3.48849 -22.0254 14.74
      vertex -2.33098 -22.1778 14.74
    endloop
  endfacet
  facet normal 0.130535 0.991444 0
    outer loop
      vertex -3.48849 -22.0254 14.74
      vertex -2.33098 -22.1778 11.75
      vertex -3.48849 -22.0254 11.75
    endloop
  endfacet
  facet normal 0.382623 0.923905 -0
    outer loop
      vertex -7.9916 -20.8188 11.75
      vertex -9.07023 -20.3721 14.75
      vertex -7.9916 -20.8188 14.75
    endloop
  endfacet
  facet normal 0.382623 0.923905 0
    outer loop
      vertex -9.07023 -20.3721 14.75
      vertex -7.9916 -20.8188 11.75
      vertex -9.07023 -20.3721 11.75
    endloop
  endfacet
  facet normal 0.182187 0.983264 -0
    outer loop
      vertex -3.48849 -22.0254 14.74
      vertex -4.63643 -21.8127 14.85
      vertex -3.48849 -22.0254 14.85
    endloop
  endfacet
  facet normal 0.182187 0.983264 0
    outer loop
      vertex -4.63643 -21.8127 14.85
      vertex -3.48849 -22.0254 14.74
      vertex -4.63643 -21.8127 14.74
    endloop
  endfacet
  facet normal 0.182187 0.983264 -0
    outer loop
      vertex -3.48849 -22.0254 11.75
      vertex -4.63643 -21.8127 14.74
      vertex -3.48849 -22.0254 14.74
    endloop
  endfacet
  facet normal 0.182187 0.983264 0
    outer loop
      vertex -4.63643 -21.8127 14.74
      vertex -3.48849 -22.0254 11.75
      vertex -4.63643 -21.8127 11.75
    endloop
  endfacet
  facet normal 0.078459 0.996917 -0
    outer loop
      vertex -1.16709 -22.2694 14.74
      vertex -2.33098 -22.1778 14.85
      vertex -1.16709 -22.2694 14.85
    endloop
  endfacet
  facet normal 0.078459 0.996917 0
    outer loop
      vertex -2.33098 -22.1778 14.85
      vertex -1.16709 -22.2694 14.74
      vertex -2.33098 -22.1778 14.74
    endloop
  endfacet
  facet normal 0.078459 0.996917 -0
    outer loop
      vertex -1.16709 -22.2694 11.75
      vertex -2.33098 -22.1778 14.74
      vertex -1.16709 -22.2694 14.74
    endloop
  endfacet
  facet normal 0.078459 0.996917 0
    outer loop
      vertex -2.33098 -22.1778 14.74
      vertex -1.16709 -22.2694 11.75
      vertex -2.33098 -22.1778 11.75
    endloop
  endfacet
  facet normal 0.283947 0.95884 -0
    outer loop
      vertex -5.77166 -21.5401 11.75
      vertex -6.89108 -21.2086 14.75
      vertex -5.77166 -21.5401 14.75
    endloop
  endfacet
  facet normal 0.283947 0.95884 0
    outer loop
      vertex -6.89108 -21.2086 14.75
      vertex -5.77166 -21.5401 11.75
      vertex -6.89108 -21.2086 11.75
    endloop
  endfacet
  facet normal 0.52251 0.852633 -0
    outer loop
      vertex -11.15 -19.3124 11.75
      vertex -12.1454 -18.7024 14.75
      vertex -11.15 -19.3124 14.75
    endloop
  endfacet
  facet normal 0.52251 0.852633 0
    outer loop
      vertex -12.1454 -18.7024 14.75
      vertex -11.15 -19.3124 11.75
      vertex -12.1454 -18.7024 11.75
    endloop
  endfacet
  facet normal 0.566405 0.824127 -0
    outer loop
      vertex -12.1454 -18.7024 11.75
      vertex -13.1076 -18.0411 14.75
      vertex -12.1454 -18.7024 14.75
    endloop
  endfacet
  facet normal 0.566405 0.824127 0
    outer loop
      vertex -13.1076 -18.0411 14.75
      vertex -12.1454 -18.7024 11.75
      vertex -13.1076 -18.0411 11.75
    endloop
  endfacet
  facet normal 0.477111 0.878843 -0
    outer loop
      vertex -10.124 -19.8694 11.75
      vertex -11.15 -19.3124 14.75
      vertex -10.124 -19.8694 14.75
    endloop
  endfacet
  facet normal 0.477111 0.878843 0
    outer loop
      vertex -11.15 -19.3124 14.75
      vertex -10.124 -19.8694 11.75
      vertex -11.15 -19.3124 11.75
    endloop
  endfacet
  facet normal 0.649471 0.760386 -0
    outer loop
      vertex -14.0338 -17.3304 11.75
      vertex -14.9216 -16.5721 14.75
      vertex -14.0338 -17.3304 14.75
    endloop
  endfacet
  facet normal 0.649471 0.760386 0
    outer loop
      vertex -14.9216 -16.5721 14.75
      vertex -14.0338 -17.3304 11.75
      vertex -14.9216 -16.5721 11.75
    endloop
  endfacet
  facet normal 0.608762 0.793353 -0
    outer loop
      vertex -13.1076 -18.0411 11.75
      vertex -14.0338 -17.3304 14.75
      vertex -13.1076 -18.0411 14.75
    endloop
  endfacet
  facet normal 0.608762 0.793353 0
    outer loop
      vertex -14.0338 -17.3304 14.75
      vertex -13.1076 -18.0411 11.75
      vertex -14.0338 -17.3304 11.75
    endloop
  endfacet
  facet normal 0.95884 0.283947 0
    outer loop
      vertex -21.2086 -6.89108 14.75
      vertex -21.5401 -5.77166 11.75
      vertex -21.5401 -5.77166 14.75
    endloop
  endfacet
  facet normal 0.95884 0.283947 0
    outer loop
      vertex -21.5401 -5.77166 11.75
      vertex -21.2086 -6.89108 14.75
      vertex -21.2086 -6.89108 11.75
    endloop
  endfacet
  facet normal 0.972345 0.233551 0
    outer loop
      vertex -21.5401 -5.77166 14.75
      vertex -21.6355 -5.37448 11.75
      vertex -21.6355 -5.37448 14.75
    endloop
  endfacet
  facet normal 0.972345 0.233551 0
    outer loop
      vertex -21.6355 -5.37448 11.75
      vertex -21.5401 -5.77166 14.75
      vertex -21.5401 -5.77166 11.75
    endloop
  endfacet
  facet normal 0.942618 0.333872 0
    outer loop
      vertex -20.8188 -7.9916 14.75
      vertex -21.2086 -6.89108 11.75
      vertex -21.2086 -6.89108 14.75
    endloop
  endfacet
  facet normal 0.942618 0.333872 0
    outer loop
      vertex -21.2086 -6.89108 11.75
      vertex -20.8188 -7.9916 14.75
      vertex -20.8188 -7.9916 11.75
    endloop
  endfacet
  facet normal 0.999656 0.0262101 0
    outer loop
      vertex -22.2694 -1.16709 14.85
      vertex -22.3 0 14.74
      vertex -22.3 0 14.85
    endloop
  endfacet
  facet normal 0.999656 0.0262101 0
    outer loop
      vertex -22.3 0 14.74
      vertex -22.2694 -1.16709 14.85
      vertex -22.2694 -1.16709 14.74
    endloop
  endfacet
  facet normal 0.999656 0.0262101 0
    outer loop
      vertex -22.2694 -1.16709 14.74
      vertex -22.3 0 11.75
      vertex -22.3 0 14.74
    endloop
  endfacet
  facet normal 0.999656 0.0262101 0
    outer loop
      vertex -22.3 0 11.75
      vertex -22.2694 -1.16709 14.74
      vertex -22.2694 -1.16709 11.75
    endloop
  endfacet
  facet normal 0.991444 0.130535 0
    outer loop
      vertex -22.0254 -3.48849 14.85
      vertex -22.1778 -2.33098 14.74
      vertex -22.1778 -2.33098 14.85
    endloop
  endfacet
  facet normal 0.991444 0.130535 0
    outer loop
      vertex -22.1778 -2.33098 14.74
      vertex -22.0254 -3.48849 14.85
      vertex -22.0254 -3.48849 14.74
    endloop
  endfacet
  facet normal 0.991444 0.130535 0
    outer loop
      vertex -22.0254 -3.48849 14.74
      vertex -22.1778 -2.33098 11.75
      vertex -22.1778 -2.33098 14.74
    endloop
  endfacet
  facet normal 0.991444 0.130535 0
    outer loop
      vertex -22.1778 -2.33098 11.75
      vertex -22.0254 -3.48849 14.74
      vertex -22.0254 -3.48849 11.75
    endloop
  endfacet
  facet normal 0 0 1
    outer loop
      vertex 14.0338 17.3304 11.75
      vertex 4.49737 5.55591 11.75
      vertex 4.49843 5.5551 11.75
    endloop
  endfacet
  facet normal 0 0 1
    outer loop
      vertex 5.37375 21.6325 11.75
      vertex 4.20153 5.78291 11.75
      vertex 4.49737 5.55591 11.75
    endloop
  endfacet
  facet normal 0 0 1
    outer loop
      vertex 5.37375 21.6325 11.75
      vertex 3.89423 5.99412 11.75
      vertex 4.20153 5.78291 11.75
    endloop
  endfacet
  facet normal 0 0 1
    outer loop
      vertex 5.37375 21.6325 11.75
      vertex 3.89312 5.99488 11.75
      vertex 3.89423 5.99412 11.75
    endloop
  endfacet
  facet normal 0 0 1
    outer loop
      vertex 5.37375 21.6325 11.75
      vertex 3.57518 6.18972 11.75
      vertex 3.89312 5.99488 11.75
    endloop
  endfacet
  facet normal 0 0 1
    outer loop
      vertex 5.37375 21.6325 11.75
      vertex 3.57404 6.19042 11.75
      vertex 3.57518 6.18972 11.75
    endloop
  endfacet
  facet normal 0 0 1
    outer loop
      vertex 5.37375 21.6325 11.75
      vertex 3.57286 6.19105 11.75
      vertex 3.57404 6.19042 11.75
    endloop
  endfacet
  facet normal 0 0 1
    outer loop
      vertex 3.48849 22.0254 11.75
      vertex 4.63435 21.8029 11.75
      vertex 4.63643 21.8127 11.75
    endloop
  endfacet
  facet normal 0 0 1
    outer loop
      vertex 1.48485 6.99212 11.75
      vertex 4.63435 21.8029 11.75
      vertex 3.48849 22.0254 11.75
    endloop
  endfacet
  facet normal 0 0 1
    outer loop
      vertex 5.37375 21.6325 11.75
      vertex 3.24516 6.36898 11.75
      vertex 3.57286 6.19105 11.75
    endloop
  endfacet
  facet normal 0 0 1
    outer loop
      vertex 5.37375 21.6325 11.75
      vertex 2.90859 6.52952 11.75
      vertex 3.24516 6.36898 11.75
    endloop
  endfacet
  facet normal 0 0 1
    outer loop
      vertex 5.37375 21.6325 11.75
      vertex 2.90738 6.53009 11.75
      vertex 2.90859 6.52952 11.75
    endloop
  endfacet
  facet normal 0 0 1
    outer loop
      vertex 5.37375 21.6325 11.75
      vertex 2.90615 6.53061 11.75
      vertex 2.90738 6.53009 11.75
    endloop
  endfacet
  facet normal 0 0 1
    outer loop
      vertex 5.37375 21.6325 11.75
      vertex 2.56164 6.6733 11.75
      vertex 2.90615 6.53061 11.75
    endloop
  endfacet
  facet normal 0 0 1
    outer loop
      vertex 5.37375 21.6325 11.75
      vertex 2.56038 6.67375 11.75
      vertex 2.56164 6.6733 11.75
    endloop
  endfacet
  facet normal 0 0 1
    outer loop
      vertex 1.1182 7.06007 11.75
      vertex 3.48849 22.0254 11.75
      vertex 2.33098 22.1778 11.75
    endloop
  endfacet
  facet normal 0 0 1
    outer loop
      vertex 5.37375 21.6325 11.75
      vertex 2.20888 6.79822 11.75
      vertex 2.56038 6.67375 11.75
    endloop
  endfacet
  facet normal 0 0 1
    outer loop
      vertex 5.37375 21.6325 11.75
      vertex 2.20759 6.7986 11.75
      vertex 2.20888 6.79822 11.75
    endloop
  endfacet
  facet normal 0 0 1
    outer loop
      vertex 5.37375 21.6325 11.75
      vertex 1.85006 6.90451 11.75
      vertex 2.20759 6.7986 11.75
    endloop
  endfacet
  facet normal 0 0 1
    outer loop
      vertex 5.37375 21.6325 11.75
      vertex 1.48747 6.99156 11.75
      vertex 1.85006 6.90451 11.75
    endloop
  endfacet
  facet normal 0 0 1
    outer loop
      vertex 4.63435 21.8029 11.75
      vertex 1.48617 6.99187 11.75
      vertex 1.48747 6.99156 11.75
    endloop
  endfacet
  facet normal 0 0 1
    outer loop
      vertex 4.63435 21.8029 11.75
      vertex 1.48485 6.99212 11.75
      vertex 1.48617 6.99187 11.75
    endloop
  endfacet
  facet normal 0 0 1
    outer loop
      vertex 0.745842 7.10902 11.75
      vertex 2.33098 22.1778 11.75
      vertex 1.16709 22.2694 11.75
    endloop
  endfacet
  facet normal 0 0 1
    outer loop
      vertex 3.48849 22.0254 11.75
      vertex 1.1182 7.06007 11.75
      vertex 1.48485 6.99212 11.75
    endloop
  endfacet
  facet normal 0 0 1
    outer loop
      vertex 2.33098 22.1778 11.75
      vertex 0.748505 7.10874 11.75
      vertex 1.1182 7.06007 11.75
    endloop
  endfacet
  facet normal 0 0 1
    outer loop
      vertex 2.33098 22.1778 11.75
      vertex 0.747177 7.10892 11.75
      vertex 0.748505 7.10874 11.75
    endloop
  endfacet
  facet normal 0 0 1
    outer loop
      vertex 2.33098 22.1778 11.75
      vertex 0.745842 7.10902 11.75
      vertex 0.747177 7.10892 11.75
    endloop
  endfacet
  facet normal 0 0 1
    outer loop
      vertex 1.16709 22.2694 11.75
      vertex 0.374101 7.13828 11.75
      vertex 0.745842 7.10902 11.75
    endloop
  endfacet
  facet normal 0 0 1
    outer loop
      vertex 1.16709 22.2694 11.75
      vertex 0.00133862 7.14804 11.75
      vertex 0.374101 7.13828 11.75
    endloop
  endfacet
  facet normal 0 0 1
    outer loop
      vertex 0 22.3 11.75
      vertex 0.00133862 7.14804 11.75
      vertex 1.16709 22.2694 11.75
    endloop
  endfacet
  facet normal 0 0 1
    outer loop
      vertex 0 22.3 11.75
      vertex 0 7.14808 11.75
      vertex 0.00133862 7.14804 11.75
    endloop
  endfacet
  facet normal 0 0 1
    outer loop
      vertex 0 22.3 11.75
      vertex -0.00133862 7.14804 11.75
      vertex 0 7.14808 11.75
    endloop
  endfacet
  facet normal 0 0 1
    outer loop
      vertex 0 22.3 11.75
      vertex -0.374101 7.13828 11.75
      vertex -0.00133862 7.14804 11.75
    endloop
  endfacet
  facet normal -0 0 1
    outer loop
      vertex -1.16709 22.2694 11.75
      vertex -0.374101 7.13828 11.75
      vertex 0 22.3 11.75
    endloop
  endfacet
  facet normal 0 0 1
    outer loop
      vertex -0.374101 7.13828 11.75
      vertex -1.16709 22.2694 11.75
      vertex -0.745842 7.10902 11.75
    endloop
  endfacet
  facet normal -0 0 1
    outer loop
      vertex -2.33098 22.1778 11.75
      vertex -0.745842 7.10902 11.75
      vertex -1.16709 22.2694 11.75
    endloop
  endfacet
  facet normal 0 0 1
    outer loop
      vertex -0.745842 7.10902 11.75
      vertex -2.33098 22.1778 11.75
      vertex -0.747177 7.10892 11.75
    endloop
  endfacet
  facet normal 0 0 1
    outer loop
      vertex -0.747177 7.10892 11.75
      vertex -2.33098 22.1778 11.75
      vertex -0.748505 7.10874 11.75
    endloop
  endfacet
  facet normal 0 0 1
    outer loop
      vertex -0.748505 7.10874 11.75
      vertex -2.33098 22.1778 11.75
      vertex -1.1182 7.06007 11.75
    endloop
  endfacet
  facet normal -0 0 1
    outer loop
      vertex -3.48849 22.0254 11.75
      vertex -1.1182 7.06007 11.75
      vertex -2.33098 22.1778 11.75
    endloop
  endfacet
  facet normal 0 0 1
    outer loop
      vertex -1.1182 7.06007 11.75
      vertex -3.48849 22.0254 11.75
      vertex -1.48485 6.99212 11.75
    endloop
  endfacet
  facet normal -0 0 1
    outer loop
      vertex -4.63435 21.8029 11.75
      vertex -1.48485 6.99212 11.75
      vertex -3.48849 22.0254 11.75
    endloop
  endfacet
  facet normal 0 0 1
    outer loop
      vertex -1.48485 6.99212 11.75
      vertex -4.63435 21.8029 11.75
      vertex -1.48617 6.99187 11.75
    endloop
  endfacet
  facet normal 0 0 1
    outer loop
      vertex -1.48617 6.99187 11.75
      vertex -4.63435 21.8029 11.75
      vertex -1.48747 6.99156 11.75
    endloop
  endfacet
  facet normal -0 0 1
    outer loop
      vertex -5.37375 21.6325 11.75
      vertex -1.48747 6.99156 11.75
      vertex -4.63435 21.8029 11.75
    endloop
  endfacet
  facet normal 0 0 1
    outer loop
      vertex -1.48747 6.99156 11.75
      vertex -5.37375 21.6325 11.75
      vertex -1.85006 6.90451 11.75
    endloop
  endfacet
  facet normal -0 0 1
    outer loop
      vertex -5.77166 21.5401 11.75
      vertex -1.85006 6.90451 11.75
      vertex -5.37375 21.6325 11.75
    endloop
  endfacet
  facet normal 0 0 1
    outer loop
      vertex -1.85006 6.90451 11.75
      vertex -5.77166 21.5401 11.75
      vertex -2.20759 6.7986 11.75
    endloop
  endfacet
  facet normal -0 0 1
    outer loop
      vertex -6.89108 21.2086 11.75
      vertex -2.20759 6.7986 11.75
      vertex -5.77166 21.5401 11.75
    endloop
  endfacet
  facet normal 0 0 1
    outer loop
      vertex -2.20759 6.7986 11.75
      vertex -6.89108 21.2086 11.75
      vertex -2.20888 6.79822 11.75
    endloop
  endfacet
  facet normal 0 0 1
    outer loop
      vertex -2.20888 6.79822 11.75
      vertex -6.89108 21.2086 11.75
      vertex -2.56038 6.67375 11.75
    endloop
  endfacet
  facet normal -0 0 1
    outer loop
      vertex -7.9916 20.8188 11.75
      vertex -2.56038 6.67375 11.75
      vertex -6.89108 21.2086 11.75
    endloop
  endfacet
  facet normal 0 0 1
    outer loop
      vertex -2.56038 6.67375 11.75
      vertex -7.9916 20.8188 11.75
      vertex -2.56164 6.6733 11.75
    endloop
  endfacet
  facet normal 0 0 1
    outer loop
      vertex -2.56164 6.6733 11.75
      vertex -7.9916 20.8188 11.75
      vertex -2.90615 6.53061 11.75
    endloop
  endfacet
  facet normal -0 0 1
    outer loop
      vertex -9.07023 20.3721 11.75
      vertex -2.90615 6.53061 11.75
      vertex -7.9916 20.8188 11.75
    endloop
  endfacet
  facet normal 0 0 1
    outer loop
      vertex -2.90615 6.53061 11.75
      vertex -9.07023 20.3721 11.75
      vertex -2.90738 6.53009 11.75
    endloop
  endfacet
  facet normal 0 0 1
    outer loop
      vertex -2.90738 6.53009 11.75
      vertex -9.07023 20.3721 11.75
      vertex -2.90859 6.52952 11.75
    endloop
  endfacet
  facet normal 0 0 1
    outer loop
      vertex -2.90859 6.52952 11.75
      vertex -9.07023 20.3721 11.75
      vertex -3.24516 6.36898 11.75
    endloop
  endfacet
  facet normal -0 0 1
    outer loop
      vertex -10.124 19.8694 11.75
      vertex -3.24516 6.36898 11.75
      vertex -9.07023 20.3721 11.75
    endloop
  endfacet
  facet normal 0 0 1
    outer loop
      vertex -3.24516 6.36898 11.75
      vertex -10.124 19.8694 11.75
      vertex -3.57286 6.19105 11.75
    endloop
  endfacet
  facet normal -0 0 1
    outer loop
      vertex -11.15 19.3124 11.75
      vertex -3.57286 6.19105 11.75
      vertex -10.124 19.8694 11.75
    endloop
  endfacet
  facet normal 0 -0 1
    outer loop
      vertex -4.63435 21.8029 11.75
      vertex -3.48849 22.0254 11.75
      vertex -4.63643 21.8127 11.75
    endloop
  endfacet
  facet normal -0 0 1
    outer loop
      vertex 6.53009 -2.90738 11.75
      vertex 20.3721 -9.07023 11.75
      vertex 6.53061 -2.90615 11.75
    endloop
  endfacet
  facet normal -0 0 1
    outer loop
      vertex 6.52952 -2.90859 11.75
      vertex 20.3721 -9.07023 11.75
      vertex 6.53009 -2.90738 11.75
    endloop
  endfacet
  facet normal 0 0 1
    outer loop
      vertex 20.3721 -9.07023 11.75
      vertex 6.52952 -2.90859 11.75
      vertex 19.8694 -10.124 11.75
    endloop
  endfacet
  facet normal -0 0 1
    outer loop
      vertex 6.36898 -3.24516 11.75
      vertex 19.8694 -10.124 11.75
      vertex 6.52952 -2.90859 11.75
    endloop
  endfacet
  facet normal 0 0 1
    outer loop
      vertex 19.8694 -10.124 11.75
      vertex 6.36898 -3.24516 11.75
      vertex 19.3124 -11.15 11.75
    endloop
  endfacet
  facet normal -0 0 1
    outer loop
      vertex 6.19105 -3.57286 11.75
      vertex 19.3124 -11.15 11.75
      vertex 6.36898 -3.24516 11.75
    endloop
  endfacet
  facet normal -0 0 1
    outer loop
      vertex 6.19042 -3.57404 11.75
      vertex 19.3124 -11.15 11.75
      vertex 6.19105 -3.57286 11.75
    endloop
  endfacet
  facet normal -0 0 1
    outer loop
      vertex 6.18972 -3.57518 11.75
      vertex 19.3124 -11.15 11.75
      vertex 6.19042 -3.57404 11.75
    endloop
  endfacet
  facet normal 0 0 1
    outer loop
      vertex 19.3124 -11.15 11.75
      vertex 6.18972 -3.57518 11.75
      vertex 18.7024 -12.1454 11.75
    endloop
  endfacet
  facet normal -0 0 1
    outer loop
      vertex 5.99488 -3.89312 11.75
      vertex 18.7024 -12.1454 11.75
      vertex 6.18972 -3.57518 11.75
    endloop
  endfacet
  facet normal -0 0 1
    outer loop
      vertex 5.99412 -3.89423 11.75
      vertex 18.7024 -12.1454 11.75
      vertex 5.99488 -3.89312 11.75
    endloop
  endfacet
  facet normal 0 0 1
    outer loop
      vertex 18.7024 -12.1454 11.75
      vertex 5.99412 -3.89423 11.75
      vertex 18.0411 -13.1076 11.75
    endloop
  endfacet
  facet normal -0 0 1
    outer loop
      vertex 5.78291 -4.20153 11.75
      vertex 18.0411 -13.1076 11.75
      vertex 5.99412 -3.89423 11.75
    endloop
  endfacet
  facet normal 0 0 1
    outer loop
      vertex 18.0411 -13.1076 11.75
      vertex 5.78291 -4.20153 11.75
      vertex 17.3304 -14.0338 11.75
    endloop
  endfacet
  facet normal -0 0 1
    outer loop
      vertex 5.55591 -4.49737 11.75
      vertex 17.3304 -14.0338 11.75
      vertex 5.78291 -4.20153 11.75
    endloop
  endfacet
  facet normal -0 0 1
    outer loop
      vertex 5.5551 -4.49843 11.75
      vertex 17.3304 -14.0338 11.75
      vertex 5.55591 -4.49737 11.75
    endloop
  endfacet
  facet normal 0 0 1
    outer loop
      vertex 17.3304 -14.0338 11.75
      vertex 5.5551 -4.49843 11.75
      vertex 16.5721 -14.9216 11.75
    endloop
  endfacet
  facet normal -0 0 1
    outer loop
      vertex 5.31293 -4.78198 11.75
      vertex 16.5721 -14.9216 11.75
      vertex 5.5551 -4.49843 11.75
    endloop
  endfacet
  facet normal -0 0 1
    outer loop
      vertex 5.31206 -4.783 11.75
      vertex 16.5721 -14.9216 11.75
      vertex 5.31293 -4.78198 11.75
    endloop
  endfacet
  facet normal -0 0 1
    outer loop
      vertex 5.31113 -4.78397 11.75
      vertex 16.5721 -14.9216 11.75
      vertex 5.31206 -4.783 11.75
    endloop
  endfacet
  facet normal 0 0 1
    outer loop
      vertex 16.5721 -14.9216 11.75
      vertex 5.31113 -4.78397 11.75
      vertex 15.7685 -15.7685 11.75
    endloop
  endfacet
  facet normal -0 0 1
    outer loop
      vertex 5.05445 -5.05445 11.75
      vertex 15.7685 -15.7685 11.75
      vertex 5.31113 -4.78397 11.75
    endloop
  endfacet
  facet normal 0 0 1
    outer loop
      vertex 15.7685 -15.7685 11.75
      vertex 5.05445 -5.05445 11.75
      vertex 14.9216 -16.5721 11.75
    endloop
  endfacet
  facet normal -0 0 1
    outer loop
      vertex 4.78397 -5.31113 11.75
      vertex 14.9216 -16.5721 11.75
      vertex 5.05445 -5.05445 11.75
    endloop
  endfacet
  facet normal -0 0 1
    outer loop
      vertex 4.783 -5.31206 11.75
      vertex 14.9216 -16.5721 11.75
      vertex 4.78397 -5.31113 11.75
    endloop
  endfacet
  facet normal -0 0 1
    outer loop
      vertex 4.78198 -5.31293 11.75
      vertex 14.9216 -16.5721 11.75
      vertex 4.783 -5.31206 11.75
    endloop
  endfacet
  facet normal 0 0 1
    outer loop
      vertex 14.9216 -16.5721 11.75
      vertex 4.78198 -5.31293 11.75
      vertex 14.0338 -17.3304 11.75
    endloop
  endfacet
  facet normal -0 0 1
    outer loop
      vertex 4.49843 -5.5551 11.75
      vertex 14.0338 -17.3304 11.75
      vertex 4.78198 -5.31293 11.75
    endloop
  endfacet
  facet normal -0 0 1
    outer loop
      vertex 4.49737 -5.55591 11.75
      vertex 14.0338 -17.3304 11.75
      vertex 4.49843 -5.5551 11.75
    endloop
  endfacet
  facet normal 0 0 1
    outer loop
      vertex 5.77166 -21.5401 11.75
      vertex 5.37375 -21.6325 11.75
      vertex 5.37448 -21.6355 11.75
    endloop
  endfacet
  facet normal 0 0 1
    outer loop
      vertex 14.0338 -17.3304 11.75
      vertex 4.49737 -5.55591 11.75
      vertex 13.1076 -18.0411 11.75
    endloop
  endfacet
  facet normal -0 0 1
    outer loop
      vertex 4.20153 -5.78291 11.75
      vertex 13.1076 -18.0411 11.75
      vertex 4.49737 -5.55591 11.75
    endloop
  endfacet
  facet normal 0 0 1
    outer loop
      vertex 13.1076 -18.0411 11.75
      vertex 4.20153 -5.78291 11.75
      vertex 12.1454 -18.7024 11.75
    endloop
  endfacet
  facet normal -0 0 1
    outer loop
      vertex 3.89423 -5.99412 11.75
      vertex 12.1454 -18.7024 11.75
      vertex 4.20153 -5.78291 11.75
    endloop
  endfacet
  facet normal -0 0 1
    outer loop
      vertex 3.89312 -5.99488 11.75
      vertex 12.1454 -18.7024 11.75
      vertex 3.89423 -5.99412 11.75
    endloop
  endfacet
  facet normal 0 0 1
    outer loop
      vertex 12.1454 -18.7024 11.75
      vertex 3.89312 -5.99488 11.75
      vertex 11.15 -19.3124 11.75
    endloop
  endfacet
  facet normal -0 0 1
    outer loop
      vertex 3.57518 -6.18972 11.75
      vertex 11.15 -19.3124 11.75
      vertex 3.89312 -5.99488 11.75
    endloop
  endfacet
  facet normal -0 0 1
    outer loop
      vertex 3.57404 -6.19042 11.75
      vertex 11.15 -19.3124 11.75
      vertex 3.57518 -6.18972 11.75
    endloop
  endfacet
  facet normal -0 0 1
    outer loop
      vertex 3.57286 -6.19105 11.75
      vertex 11.15 -19.3124 11.75
      vertex 3.57404 -6.19042 11.75
    endloop
  endfacet
  facet normal 0 0 1
    outer loop
      vertex 6.90451 1.85006 11.75
      vertex 21.6325 5.37375 11.75
      vertex 21.5401 5.77166 11.75
    endloop
  endfacet
  facet normal 0 0 1
    outer loop
      vertex 21.5401 5.77166 11.75
      vertex 21.6325 5.37375 11.75
      vertex 21.6355 5.37448 11.75
    endloop
  endfacet
  facet normal 0 0 1
    outer loop
      vertex 22.2694 1.16709 11.75
      vertex 22.2694 -1.16709 11.75
      vertex 22.3 0 11.75
    endloop
  endfacet
  facet normal 0 0 1
    outer loop
      vertex 22.1778 2.33098 11.75
      vertex 22.2694 -1.16709 11.75
      vertex 22.2694 1.16709 11.75
    endloop
  endfacet
  facet normal 0 0 1
    outer loop
      vertex 22.1778 2.33098 11.75
      vertex 22.1778 -2.33098 11.75
      vertex 22.2694 -1.16709 11.75
    endloop
  endfacet
  facet normal 0 0 1
    outer loop
      vertex 22.0254 3.48849 11.75
      vertex 22.1778 -2.33098 11.75
      vertex 22.1778 2.33098 11.75
    endloop
  endfacet
  facet normal 0 0 1
    outer loop
      vertex 22.0254 3.48849 11.75
      vertex 22.0254 -3.48849 11.75
      vertex 22.1778 -2.33098 11.75
    endloop
  endfacet
  facet normal -0 0 1
    outer loop
      vertex 21.8029 4.63435 11.75
      vertex 22.0254 3.48849 11.75
      vertex 21.8127 4.63643 11.75
    endloop
  endfacet
  facet normal 0 0 1
    outer loop
      vertex 22.0254 3.48849 11.75
      vertex 21.8029 4.63435 11.75
      vertex 22.0254 -3.48849 11.75
    endloop
  endfacet
  facet normal 0 0 1
    outer loop
      vertex 21.8029 -4.63435 11.75
      vertex 22.0254 -3.48849 11.75
      vertex 21.8029 4.63435 11.75
    endloop
  endfacet
  facet normal 0 0 1
    outer loop
      vertex 22.0254 -3.48849 11.75
      vertex 21.8029 -4.63435 11.75
      vertex 21.8127 -4.63643 11.75
    endloop
  endfacet
  facet normal 0 0 1
    outer loop
      vertex 21.6325 5.37375 11.75
      vertex 21.8029 -4.63435 11.75
      vertex 21.8029 4.63435 11.75
    endloop
  endfacet
  facet normal 0 0 1
    outer loop
      vertex 21.8029 -4.63435 11.75
      vertex 21.6325 5.37375 11.75
      vertex 21.6325 -5.37375 11.75
    endloop
  endfacet
  facet normal 0 0 1
    outer loop
      vertex 21.6325 -5.37375 11.75
      vertex 21.5401 -5.77166 11.75
      vertex 21.6355 -5.37448 11.75
    endloop
  endfacet
  facet normal 0 0 1
    outer loop
      vertex 21.6325 5.37375 11.75
      vertex 7.14808 0 11.75
      vertex 21.6325 -5.37375 11.75
    endloop
  endfacet
  facet normal 0 0 1
    outer loop
      vertex 6.90451 1.85006 11.75
      vertex 21.5401 5.77166 11.75
      vertex 21.2086 6.89108 11.75
    endloop
  endfacet
  facet normal 0 0 1
    outer loop
      vertex 21.6325 5.37375 11.75
      vertex 7.14804 0.00133862 11.75
      vertex 7.14808 0 11.75
    endloop
  endfacet
  facet normal 0 0 1
    outer loop
      vertex 6.79822 2.20888 11.75
      vertex 21.2086 6.89108 11.75
      vertex 20.8188 7.9916 11.75
    endloop
  endfacet
  facet normal -0 0 1
    outer loop
      vertex 7.14804 -0.00133862 11.75
      vertex 21.6325 -5.37375 11.75
      vertex 7.14808 0 11.75
    endloop
  endfacet
  facet normal 0 0 1
    outer loop
      vertex 6.6733 2.56164 11.75
      vertex 20.8188 7.9916 11.75
      vertex 20.3721 9.07023 11.75
    endloop
  endfacet
  facet normal -0 0 1
    outer loop
      vertex 7.13828 -0.374101 11.75
      vertex 21.6325 -5.37375 11.75
      vertex 7.14804 -0.00133862 11.75
    endloop
  endfacet
  facet normal 0 0 1
    outer loop
      vertex 6.52952 2.90859 11.75
      vertex 20.3721 9.07023 11.75
      vertex 19.8694 10.124 11.75
    endloop
  endfacet
  facet normal -0 0 1
    outer loop
      vertex 7.10902 -0.745842 11.75
      vertex 21.6325 -5.37375 11.75
      vertex 7.13828 -0.374101 11.75
    endloop
  endfacet
  facet normal 0 0 1
    outer loop
      vertex 6.36898 3.24516 11.75
      vertex 19.8694 10.124 11.75
      vertex 19.3124 11.15 11.75
    endloop
  endfacet
  facet normal -0 0 1
    outer loop
      vertex 7.10892 -0.747177 11.75
      vertex 21.6325 -5.37375 11.75
      vertex 7.10902 -0.745842 11.75
    endloop
  endfacet
  facet normal 0 0 1
    outer loop
      vertex 6.18972 3.57518 11.75
      vertex 19.3124 11.15 11.75
      vertex 18.7024 12.1454 11.75
    endloop
  endfacet
  facet normal -0 0 1
    outer loop
      vertex 7.10874 -0.748505 11.75
      vertex 21.6325 -5.37375 11.75
      vertex 7.10892 -0.747177 11.75
    endloop
  endfacet
  facet normal 0 0 1
    outer loop
      vertex 5.99412 3.89423 11.75
      vertex 18.7024 12.1454 11.75
      vertex 18.0411 13.1076 11.75
    endloop
  endfacet
  facet normal -0 0 1
    outer loop
      vertex 7.06007 -1.1182 11.75
      vertex 21.6325 -5.37375 11.75
      vertex 7.10874 -0.748505 11.75
    endloop
  endfacet
  facet normal 0 0 1
    outer loop
      vertex 5.78291 4.20153 11.75
      vertex 18.0411 13.1076 11.75
      vertex 17.3304 14.0338 11.75
    endloop
  endfacet
  facet normal -0 0 1
    outer loop
      vertex 6.99212 -1.48485 11.75
      vertex 21.6325 -5.37375 11.75
      vertex 7.06007 -1.1182 11.75
    endloop
  endfacet
  facet normal 0 0 1
    outer loop
      vertex 5.5551 4.49843 11.75
      vertex 17.3304 14.0338 11.75
      vertex 16.5721 14.9216 11.75
    endloop
  endfacet
  facet normal -0 0 1
    outer loop
      vertex 6.99187 -1.48617 11.75
      vertex 21.6325 -5.37375 11.75
      vertex 6.99212 -1.48485 11.75
    endloop
  endfacet
  facet normal 0 0 1
    outer loop
      vertex 5.31113 4.78397 11.75
      vertex 16.5721 14.9216 11.75
      vertex 15.7685 15.7685 11.75
    endloop
  endfacet
  facet normal -0 0 1
    outer loop
      vertex 6.99156 -1.48747 11.75
      vertex 21.6325 -5.37375 11.75
      vertex 6.99187 -1.48617 11.75
    endloop
  endfacet
  facet normal 0 0 1
    outer loop
      vertex 5.05445 5.05445 11.75
      vertex 15.7685 15.7685 11.75
      vertex 14.9216 16.5721 11.75
    endloop
  endfacet
  facet normal 0 0 1
    outer loop
      vertex 21.6325 -5.37375 11.75
      vertex 6.90451 -1.85006 11.75
      vertex 21.5401 -5.77166 11.75
    endloop
  endfacet
  facet normal 0 0 1
    outer loop
      vertex 4.78198 5.31293 11.75
      vertex 14.9216 16.5721 11.75
      vertex 14.0338 17.3304 11.75
    endloop
  endfacet
  facet normal 0 0 1
    outer loop
      vertex 21.5401 -5.77166 11.75
      vertex 6.90451 -1.85006 11.75
      vertex 21.2086 -6.89108 11.75
    endloop
  endfacet
  facet normal 0 0 1
    outer loop
      vertex 4.49737 5.55591 11.75
      vertex 14.0338 17.3304 11.75
      vertex 13.1076 18.0411 11.75
    endloop
  endfacet
  facet normal -0 0 1
    outer loop
      vertex 6.7986 -2.20759 11.75
      vertex 21.2086 -6.89108 11.75
      vertex 6.90451 -1.85006 11.75
    endloop
  endfacet
  facet normal 0 0 1
    outer loop
      vertex 4.49737 5.55591 11.75
      vertex 13.1076 18.0411 11.75
      vertex 12.1454 18.7024 11.75
    endloop
  endfacet
  facet normal -0 0 1
    outer loop
      vertex 6.79822 -2.20888 11.75
      vertex 21.2086 -6.89108 11.75
      vertex 6.7986 -2.20759 11.75
    endloop
  endfacet
  facet normal 0 0 1
    outer loop
      vertex 4.49737 5.55591 11.75
      vertex 12.1454 18.7024 11.75
      vertex 11.15 19.3124 11.75
    endloop
  endfacet
  facet normal 0 0 1
    outer loop
      vertex 21.2086 -6.89108 11.75
      vertex 6.79822 -2.20888 11.75
      vertex 20.8188 -7.9916 11.75
    endloop
  endfacet
  facet normal 0 0 1
    outer loop
      vertex 4.49737 5.55591 11.75
      vertex 11.15 19.3124 11.75
      vertex 10.124 19.8694 11.75
    endloop
  endfacet
  facet normal -0 0 1
    outer loop
      vertex 6.67375 -2.56038 11.75
      vertex 20.8188 -7.9916 11.75
      vertex 6.79822 -2.20888 11.75
    endloop
  endfacet
  facet normal 0 0 1
    outer loop
      vertex 4.49737 5.55591 11.75
      vertex 10.124 19.8694 11.75
      vertex 9.07023 20.3721 11.75
    endloop
  endfacet
  facet normal -0 0 1
    outer loop
      vertex 6.6733 -2.56164 11.75
      vertex 20.8188 -7.9916 11.75
      vertex 6.67375 -2.56038 11.75
    endloop
  endfacet
  facet normal 0 0 1
    outer loop
      vertex 4.49737 5.55591 11.75
      vertex 9.07023 20.3721 11.75
      vertex 7.9916 20.8188 11.75
    endloop
  endfacet
  facet normal 0 0 1
    outer loop
      vertex 20.8188 -7.9916 11.75
      vertex 6.6733 -2.56164 11.75
      vertex 20.3721 -9.07023 11.75
    endloop
  endfacet
  facet normal -0 0 1
    outer loop
      vertex 6.53061 -2.90615 11.75
      vertex 20.3721 -9.07023 11.75
      vertex 6.6733 -2.56164 11.75
    endloop
  endfacet
  facet normal -0 0 1
    outer loop
      vertex 6.90451 -1.85006 11.75
      vertex 21.6325 -5.37375 11.75
      vertex 6.99156 -1.48747 11.75
    endloop
  endfacet
  facet normal 0 0 1
    outer loop
      vertex 21.6325 5.37375 11.75
      vertex 7.13828 0.374101 11.75
      vertex 7.14804 0.00133862 11.75
    endloop
  endfacet
  facet normal 0 0 1
    outer loop
      vertex 21.6325 5.37375 11.75
      vertex 7.10902 0.745842 11.75
      vertex 7.13828 0.374101 11.75
    endloop
  endfacet
  facet normal 0 0 1
    outer loop
      vertex 21.6325 5.37375 11.75
      vertex 7.10892 0.747177 11.75
      vertex 7.10902 0.745842 11.75
    endloop
  endfacet
  facet normal 0 0 1
    outer loop
      vertex 21.6325 5.37375 11.75
      vertex 7.10874 0.748505 11.75
      vertex 7.10892 0.747177 11.75
    endloop
  endfacet
  facet normal 0 0 1
    outer loop
      vertex 21.6325 5.37375 11.75
      vertex 7.06007 1.1182 11.75
      vertex 7.10874 0.748505 11.75
    endloop
  endfacet
  facet normal 0 0 1
    outer loop
      vertex 21.6325 5.37375 11.75
      vertex 6.99212 1.48485 11.75
      vertex 7.06007 1.1182 11.75
    endloop
  endfacet
  facet normal 0 0 1
    outer loop
      vertex 21.6325 5.37375 11.75
      vertex 6.99187 1.48617 11.75
      vertex 6.99212 1.48485 11.75
    endloop
  endfacet
  facet normal 0 0 1
    outer loop
      vertex 21.6325 5.37375 11.75
      vertex 6.99156 1.48747 11.75
      vertex 6.99187 1.48617 11.75
    endloop
  endfacet
  facet normal 0 0 1
    outer loop
      vertex 21.6325 5.37375 11.75
      vertex 6.90451 1.85006 11.75
      vertex 6.99156 1.48747 11.75
    endloop
  endfacet
  facet normal 0 0 1
    outer loop
      vertex 4.49737 5.55591 11.75
      vertex 7.9916 20.8188 11.75
      vertex 6.89108 21.2086 11.75
    endloop
  endfacet
  facet normal 0 0 1
    outer loop
      vertex 21.2086 6.89108 11.75
      vertex 6.7986 2.20759 11.75
      vertex 6.90451 1.85006 11.75
    endloop
  endfacet
  facet normal 0 0 1
    outer loop
      vertex 21.2086 6.89108 11.75
      vertex 6.79822 2.20888 11.75
      vertex 6.7986 2.20759 11.75
    endloop
  endfacet
  facet normal 0 0 1
    outer loop
      vertex 20.8188 7.9916 11.75
      vertex 6.67375 2.56038 11.75
      vertex 6.79822 2.20888 11.75
    endloop
  endfacet
  facet normal 0 0 1
    outer loop
      vertex 20.8188 7.9916 11.75
      vertex 6.6733 2.56164 11.75
      vertex 6.67375 2.56038 11.75
    endloop
  endfacet
  facet normal 0 0 1
    outer loop
      vertex 20.3721 9.07023 11.75
      vertex 6.53061 2.90615 11.75
      vertex 6.6733 2.56164 11.75
    endloop
  endfacet
  facet normal 0 0 1
    outer loop
      vertex 20.3721 9.07023 11.75
      vertex 6.53009 2.90738 11.75
      vertex 6.53061 2.90615 11.75
    endloop
  endfacet
  facet normal 0 0 1
    outer loop
      vertex 20.3721 9.07023 11.75
      vertex 6.52952 2.90859 11.75
      vertex 6.53009 2.90738 11.75
    endloop
  endfacet
  facet normal 0 0 1
    outer loop
      vertex 19.8694 10.124 11.75
      vertex 6.36898 3.24516 11.75
      vertex 6.52952 2.90859 11.75
    endloop
  endfacet
  facet normal 0 0 1
    outer loop
      vertex 19.3124 11.15 11.75
      vertex 6.19105 3.57286 11.75
      vertex 6.36898 3.24516 11.75
    endloop
  endfacet
  facet normal 0 0 1
    outer loop
      vertex 19.3124 11.15 11.75
      vertex 6.19042 3.57404 11.75
      vertex 6.19105 3.57286 11.75
    endloop
  endfacet
  facet normal 0 0 1
    outer loop
      vertex 19.3124 11.15 11.75
      vertex 6.18972 3.57518 11.75
      vertex 6.19042 3.57404 11.75
    endloop
  endfacet
  facet normal 0 0 1
    outer loop
      vertex 18.7024 12.1454 11.75
      vertex 5.99488 3.89312 11.75
      vertex 6.18972 3.57518 11.75
    endloop
  endfacet
  facet normal 0 0 1
    outer loop
      vertex 18.7024 12.1454 11.75
      vertex 5.99412 3.89423 11.75
      vertex 5.99488 3.89312 11.75
    endloop
  endfacet
  facet normal 0 0 1
    outer loop
      vertex 18.0411 13.1076 11.75
      vertex 5.78291 4.20153 11.75
      vertex 5.99412 3.89423 11.75
    endloop
  endfacet
  facet normal 0 0 1
    outer loop
      vertex 4.49737 5.55591 11.75
      vertex 6.89108 21.2086 11.75
      vertex 5.77166 21.5401 11.75
    endloop
  endfacet
  facet normal 0 0 1
    outer loop
      vertex 17.3304 14.0338 11.75
      vertex 5.55591 4.49737 11.75
      vertex 5.78291 4.20153 11.75
    endloop
  endfacet
  facet normal 0 0 1
    outer loop
      vertex 17.3304 14.0338 11.75
      vertex 5.5551 4.49843 11.75
      vertex 5.55591 4.49737 11.75
    endloop
  endfacet
  facet normal -0 0 1
    outer loop
      vertex 5.37375 21.6325 11.75
      vertex 5.77166 21.5401 11.75
      vertex 5.37448 21.6355 11.75
    endloop
  endfacet
  facet normal 0 0 1
    outer loop
      vertex 4.49737 5.55591 11.75
      vertex 5.77166 21.5401 11.75
      vertex 5.37375 21.6325 11.75
    endloop
  endfacet
  facet normal 0 0 1
    outer loop
      vertex 16.5721 14.9216 11.75
      vertex 5.31293 4.78198 11.75
      vertex 5.5551 4.49843 11.75
    endloop
  endfacet
  facet normal 0 0 1
    outer loop
      vertex 16.5721 14.9216 11.75
      vertex 5.31206 4.783 11.75
      vertex 5.31293 4.78198 11.75
    endloop
  endfacet
  facet normal 0 0 1
    outer loop
      vertex 16.5721 14.9216 11.75
      vertex 5.31113 4.78397 11.75
      vertex 5.31206 4.783 11.75
    endloop
  endfacet
  facet normal 0 0 1
    outer loop
      vertex 15.7685 15.7685 11.75
      vertex 5.05445 5.05445 11.75
      vertex 5.31113 4.78397 11.75
    endloop
  endfacet
  facet normal 0 0 1
    outer loop
      vertex 14.9216 16.5721 11.75
      vertex 4.78397 5.31113 11.75
      vertex 5.05445 5.05445 11.75
    endloop
  endfacet
  facet normal 0 0 1
    outer loop
      vertex 14.9216 16.5721 11.75
      vertex 4.783 5.31206 11.75
      vertex 4.78397 5.31113 11.75
    endloop
  endfacet
  facet normal 0 0 1
    outer loop
      vertex 14.9216 16.5721 11.75
      vertex 4.78198 5.31293 11.75
      vertex 4.783 5.31206 11.75
    endloop
  endfacet
  facet normal 0 0 1
    outer loop
      vertex 1.48747 6.99156 11.75
      vertex 5.37375 21.6325 11.75
      vertex 4.63435 21.8029 11.75
    endloop
  endfacet
  facet normal 0 0 1
    outer loop
      vertex 14.0338 17.3304 11.75
      vertex 4.49843 5.5551 11.75
      vertex 4.78198 5.31293 11.75
    endloop
  endfacet
  facet normal 0 0 1
    outer loop
      vertex 11.15 -19.3124 11.75
      vertex 3.57286 -6.19105 11.75
      vertex 10.124 -19.8694 11.75
    endloop
  endfacet
  facet normal -0 0 1
    outer loop
      vertex 3.24516 -6.36898 11.75
      vertex 10.124 -19.8694 11.75
      vertex 3.57286 -6.19105 11.75
    endloop
  endfacet
  facet normal 0 0 1
    outer loop
      vertex 10.124 -19.8694 11.75
      vertex 3.24516 -6.36898 11.75
      vertex 9.07023 -20.3721 11.75
    endloop
  endfacet
  facet normal -0 0 1
    outer loop
      vertex 2.90859 -6.52952 11.75
      vertex 9.07023 -20.3721 11.75
      vertex 3.24516 -6.36898 11.75
    endloop
  endfacet
  facet normal -0 0 1
    outer loop
      vertex 2.90738 -6.53009 11.75
      vertex 9.07023 -20.3721 11.75
      vertex 2.90859 -6.52952 11.75
    endloop
  endfacet
  facet normal -0 0 1
    outer loop
      vertex 2.90615 -6.53061 11.75
      vertex 9.07023 -20.3721 11.75
      vertex 2.90738 -6.53009 11.75
    endloop
  endfacet
  facet normal 0 0 1
    outer loop
      vertex 9.07023 -20.3721 11.75
      vertex 2.90615 -6.53061 11.75
      vertex 7.9916 -20.8188 11.75
    endloop
  endfacet
  facet normal 0 0 1
    outer loop
      vertex 4.63435 -21.8029 11.75
      vertex 3.48849 -22.0254 11.75
      vertex 4.63643 -21.8127 11.75
    endloop
  endfacet
  facet normal -0 0 1
    outer loop
      vertex 2.56164 -6.6733 11.75
      vertex 7.9916 -20.8188 11.75
      vertex 2.90615 -6.53061 11.75
    endloop
  endfacet
  facet normal -0 0 1
    outer loop
      vertex 2.56038 -6.67375 11.75
      vertex 7.9916 -20.8188 11.75
      vertex 2.56164 -6.6733 11.75
    endloop
  endfacet
  facet normal 0 0 1
    outer loop
      vertex 7.9916 -20.8188 11.75
      vertex 2.56038 -6.67375 11.75
      vertex 6.89108 -21.2086 11.75
    endloop
  endfacet
  facet normal -0 0 1
    outer loop
      vertex 2.20888 -6.79822 11.75
      vertex 6.89108 -21.2086 11.75
      vertex 2.56038 -6.67375 11.75
    endloop
  endfacet
  facet normal -0 0 1
    outer loop
      vertex 2.20759 -6.7986 11.75
      vertex 6.89108 -21.2086 11.75
      vertex 2.20888 -6.79822 11.75
    endloop
  endfacet
  facet normal 0 0 1
    outer loop
      vertex 6.89108 -21.2086 11.75
      vertex 2.20759 -6.7986 11.75
      vertex 5.77166 -21.5401 11.75
    endloop
  endfacet
  facet normal -0 0 1
    outer loop
      vertex 1.85006 -6.90451 11.75
      vertex 5.77166 -21.5401 11.75
      vertex 2.20759 -6.7986 11.75
    endloop
  endfacet
  facet normal 0 0 1
    outer loop
      vertex 5.77166 -21.5401 11.75
      vertex 1.85006 -6.90451 11.75
      vertex 5.37375 -21.6325 11.75
    endloop
  endfacet
  facet normal -0 0 1
    outer loop
      vertex 1.48747 -6.99156 11.75
      vertex 5.37375 -21.6325 11.75
      vertex 1.85006 -6.90451 11.75
    endloop
  endfacet
  facet normal 0 0 1
    outer loop
      vertex 5.37375 -21.6325 11.75
      vertex 1.48747 -6.99156 11.75
      vertex 4.63435 -21.8029 11.75
    endloop
  endfacet
  facet normal -0 0 1
    outer loop
      vertex 1.48617 -6.99187 11.75
      vertex 4.63435 -21.8029 11.75
      vertex 1.48747 -6.99156 11.75
    endloop
  endfacet
  facet normal -0 0 1
    outer loop
      vertex 1.48485 -6.99212 11.75
      vertex 4.63435 -21.8029 11.75
      vertex 1.48617 -6.99187 11.75
    endloop
  endfacet
  facet normal 0 0 1
    outer loop
      vertex 4.63435 -21.8029 11.75
      vertex 1.48485 -6.99212 11.75
      vertex 3.48849 -22.0254 11.75
    endloop
  endfacet
  facet normal -0 0 1
    outer loop
      vertex 1.1182 -7.06007 11.75
      vertex 3.48849 -22.0254 11.75
      vertex 1.48485 -6.99212 11.75
    endloop
  endfacet
  facet normal 0 0 1
    outer loop
      vertex 3.48849 -22.0254 11.75
      vertex 1.1182 -7.06007 11.75
      vertex 2.33098 -22.1778 11.75
    endloop
  endfacet
  facet normal -0 0 1
    outer loop
      vertex 0.748505 -7.10874 11.75
      vertex 2.33098 -22.1778 11.75
      vertex 1.1182 -7.06007 11.75
    endloop
  endfacet
  facet normal -0 0 1
    outer loop
      vertex 0.747177 -7.10892 11.75
      vertex 2.33098 -22.1778 11.75
      vertex 0.748505 -7.10874 11.75
    endloop
  endfacet
  facet normal -0 0 1
    outer loop
      vertex 0.745842 -7.10902 11.75
      vertex 2.33098 -22.1778 11.75
      vertex 0.747177 -7.10892 11.75
    endloop
  endfacet
  facet normal 0 0 1
    outer loop
      vertex 2.33098 -22.1778 11.75
      vertex 0.745842 -7.10902 11.75
      vertex 1.16709 -22.2694 11.75
    endloop
  endfacet
  facet normal -0 0 1
    outer loop
      vertex 0.374101 -7.13828 11.75
      vertex 1.16709 -22.2694 11.75
      vertex 0.745842 -7.10902 11.75
    endloop
  endfacet
  facet normal -0 0 1
    outer loop
      vertex 0.00133862 -7.14804 11.75
      vertex 1.16709 -22.2694 11.75
      vertex 0.374101 -7.13828 11.75
    endloop
  endfacet
  facet normal 0 0 1
    outer loop
      vertex 0 -22.3 11.75
      vertex 0.00133862 -7.14804 11.75
      vertex 0 -7.14808 11.75
    endloop
  endfacet
  facet normal 0 0 1
    outer loop
      vertex 0.00133862 -7.14804 11.75
      vertex 0 -22.3 11.75
      vertex 1.16709 -22.2694 11.75
    endloop
  endfacet
  facet normal 0 0 1
    outer loop
      vertex -0.00133862 -7.14804 11.75
      vertex 0 -22.3 11.75
      vertex 0 -7.14808 11.75
    endloop
  endfacet
  facet normal 0 0 1
    outer loop
      vertex -0.374101 -7.13828 11.75
      vertex 0 -22.3 11.75
      vertex -0.00133862 -7.14804 11.75
    endloop
  endfacet
  facet normal 0 0 1
    outer loop
      vertex -1.16709 -22.2694 11.75
      vertex -0.374101 -7.13828 11.75
      vertex -0.745842 -7.10902 11.75
    endloop
  endfacet
  facet normal 0 0 1
    outer loop
      vertex -2.33098 -22.1778 11.75
      vertex -0.745842 -7.10902 11.75
      vertex -0.747177 -7.10892 11.75
    endloop
  endfacet
  facet normal 0 0 1
    outer loop
      vertex -2.33098 -22.1778 11.75
      vertex -0.747177 -7.10892 11.75
      vertex -0.748505 -7.10874 11.75
    endloop
  endfacet
  facet normal 0 0 1
    outer loop
      vertex -2.33098 -22.1778 11.75
      vertex -0.748505 -7.10874 11.75
      vertex -1.1182 -7.06007 11.75
    endloop
  endfacet
  facet normal 0 0 1
    outer loop
      vertex -0.374101 -7.13828 11.75
      vertex -1.16709 -22.2694 11.75
      vertex 0 -22.3 11.75
    endloop
  endfacet
  facet normal 0 0 1
    outer loop
      vertex -3.48849 -22.0254 11.75
      vertex -1.1182 -7.06007 11.75
      vertex -1.48485 -6.99212 11.75
    endloop
  endfacet
  facet normal 0 0 1
    outer loop
      vertex -4.63435 -21.8029 11.75
      vertex -1.48485 -6.99212 11.75
      vertex -1.48617 -6.99187 11.75
    endloop
  endfacet
  facet normal 0 0 1
    outer loop
      vertex -4.63435 -21.8029 11.75
      vertex -1.48617 -6.99187 11.75
      vertex -1.48747 -6.99156 11.75
    endloop
  endfacet
  facet normal 0 0 1
    outer loop
      vertex -5.37375 -21.6325 11.75
      vertex -1.48747 -6.99156 11.75
      vertex -1.85006 -6.90451 11.75
    endloop
  endfacet
  facet normal 0 0 1
    outer loop
      vertex -5.77166 -21.5401 11.75
      vertex -1.85006 -6.90451 11.75
      vertex -2.20759 -6.7986 11.75
    endloop
  endfacet
  facet normal 0 0 1
    outer loop
      vertex -6.89108 -21.2086 11.75
      vertex -2.20759 -6.7986 11.75
      vertex -2.20888 -6.79822 11.75
    endloop
  endfacet
  facet normal 0 0 1
    outer loop
      vertex -0.745842 -7.10902 11.75
      vertex -2.33098 -22.1778 11.75
      vertex -1.16709 -22.2694 11.75
    endloop
  endfacet
  facet normal 0 0 1
    outer loop
      vertex -6.89108 -21.2086 11.75
      vertex -2.20888 -6.79822 11.75
      vertex -2.56038 -6.67375 11.75
    endloop
  endfacet
  facet normal 0 0 1
    outer loop
      vertex -7.9916 -20.8188 11.75
      vertex -2.56038 -6.67375 11.75
      vertex -2.56164 -6.6733 11.75
    endloop
  endfacet
  facet normal 0 0 1
    outer loop
      vertex -7.9916 -20.8188 11.75
      vertex -2.56164 -6.6733 11.75
      vertex -2.90615 -6.53061 11.75
    endloop
  endfacet
  facet normal 0 0 1
    outer loop
      vertex -9.07023 -20.3721 11.75
      vertex -2.90615 -6.53061 11.75
      vertex -2.90738 -6.53009 11.75
    endloop
  endfacet
  facet normal 0 0 1
    outer loop
      vertex -9.07023 -20.3721 11.75
      vertex -2.90738 -6.53009 11.75
      vertex -2.90859 -6.52952 11.75
    endloop
  endfacet
  facet normal 0 0 1
    outer loop
      vertex -9.07023 -20.3721 11.75
      vertex -2.90859 -6.52952 11.75
      vertex -3.24516 -6.36898 11.75
    endloop
  endfacet
  facet normal 0 0 1
    outer loop
      vertex -1.1182 -7.06007 11.75
      vertex -3.48849 -22.0254 11.75
      vertex -2.33098 -22.1778 11.75
    endloop
  endfacet
  facet normal 0 0 1
    outer loop
      vertex -10.124 -19.8694 11.75
      vertex -3.24516 -6.36898 11.75
      vertex -3.57286 -6.19105 11.75
    endloop
  endfacet
  facet normal 0 0 1
    outer loop
      vertex -11.15 -19.3124 11.75
      vertex -3.57286 -6.19105 11.75
      vertex -3.57404 -6.19042 11.75
    endloop
  endfacet
  facet normal 0 0 1
    outer loop
      vertex -11.15 -19.3124 11.75
      vertex -3.57404 -6.19042 11.75
      vertex -3.57518 -6.18972 11.75
    endloop
  endfacet
  facet normal 0 0 1
    outer loop
      vertex -11.15 -19.3124 11.75
      vertex -3.57518 -6.18972 11.75
      vertex -3.89312 -5.99488 11.75
    endloop
  endfacet
  facet normal 0 0 1
    outer loop
      vertex -12.1454 -18.7024 11.75
      vertex -3.89312 -5.99488 11.75
      vertex -3.89423 -5.99412 11.75
    endloop
  endfacet
  facet normal 0 0 1
    outer loop
      vertex -12.1454 -18.7024 11.75
      vertex -3.89423 -5.99412 11.75
      vertex -4.20153 -5.78291 11.75
    endloop
  endfacet
  facet normal 0 0 1
    outer loop
      vertex -13.1076 -18.0411 11.75
      vertex -4.20153 -5.78291 11.75
      vertex -4.49737 -5.55591 11.75
    endloop
  endfacet
  facet normal 0 0 1
    outer loop
      vertex -14.0338 -17.3304 11.75
      vertex -4.49737 -5.55591 11.75
      vertex -4.49843 -5.5551 11.75
    endloop
  endfacet
  facet normal 0 0 1
    outer loop
      vertex -1.48485 -6.99212 11.75
      vertex -4.63435 -21.8029 11.75
      vertex -3.48849 -22.0254 11.75
    endloop
  endfacet
  facet normal 0 0 1
    outer loop
      vertex -3.48849 -22.0254 11.75
      vertex -4.63435 -21.8029 11.75
      vertex -4.63643 -21.8127 11.75
    endloop
  endfacet
  facet normal -0 0 1
    outer loop
      vertex -22.2694 1.16709 11.75
      vertex -7.13828 0.374101 11.75
      vertex -22.1778 2.33098 11.75
    endloop
  endfacet
  facet normal 0 0 1
    outer loop
      vertex -7.14808 0 11.75
      vertex -21.8029 -4.63435 11.75
      vertex -21.6325 -5.37375 11.75
    endloop
  endfacet
  facet normal 0 0 1
    outer loop
      vertex -22.0254 3.48849 11.75
      vertex -21.8029 4.63435 11.75
      vertex -21.8127 4.63643 11.75
    endloop
  endfacet
  facet normal 0 0 1
    outer loop
      vertex -7.13828 0.374101 11.75
      vertex -22.2694 1.16709 11.75
      vertex -7.14804 0.00133862 11.75
    endloop
  endfacet
  facet normal 0 0 1
    outer loop
      vertex -7.14808 0 11.75
      vertex -22.0254 -3.48849 11.75
      vertex -21.8029 -4.63435 11.75
    endloop
  endfacet
  facet normal 0 0 1
    outer loop
      vertex -21.8029 -4.63435 11.75
      vertex -22.0254 -3.48849 11.75
      vertex -21.8127 -4.63643 11.75
    endloop
  endfacet
  facet normal 0 0 1
    outer loop
      vertex -22.3 0 11.75
      vertex -7.14804 0.00133862 11.75
      vertex -22.2694 1.16709 11.75
    endloop
  endfacet
  facet normal 0 0 1
    outer loop
      vertex -7.14808 0 11.75
      vertex -22.1778 -2.33098 11.75
      vertex -22.0254 -3.48849 11.75
    endloop
  endfacet
  facet normal 0 0 1
    outer loop
      vertex -7.14804 0.00133862 11.75
      vertex -22.3 0 11.75
      vertex -7.14808 0 11.75
    endloop
  endfacet
  facet normal 0 0 1
    outer loop
      vertex -7.14808 0 11.75
      vertex -22.2694 -1.16709 11.75
      vertex -22.1778 -2.33098 11.75
    endloop
  endfacet
  facet normal 0 0 1
    outer loop
      vertex -7.14808 0 11.75
      vertex -22.3 0 11.75
      vertex -22.2694 -1.16709 11.75
    endloop
  endfacet
  facet normal 0 0 1
    outer loop
      vertex -6.90451 -1.85006 11.75
      vertex -21.6325 -5.37375 11.75
      vertex -21.5401 -5.77166 11.75
    endloop
  endfacet
  facet normal 0 0 1
    outer loop
      vertex -21.5401 -5.77166 11.75
      vertex -21.6325 -5.37375 11.75
      vertex -21.6355 -5.37448 11.75
    endloop
  endfacet
  facet normal 0 0 1
    outer loop
      vertex -14.0338 -17.3304 11.75
      vertex -4.49843 -5.5551 11.75
      vertex -4.78198 -5.31293 11.75
    endloop
  endfacet
  facet normal 0 0 1
    outer loop
      vertex -14.9216 -16.5721 11.75
      vertex -4.78198 -5.31293 11.75
      vertex -4.783 -5.31206 11.75
    endloop
  endfacet
  facet normal 0 0 1
    outer loop
      vertex -14.9216 -16.5721 11.75
      vertex -4.783 -5.31206 11.75
      vertex -4.78397 -5.31113 11.75
    endloop
  endfacet
  facet normal 0 0 1
    outer loop
      vertex -14.9216 -16.5721 11.75
      vertex -4.78397 -5.31113 11.75
      vertex -5.05445 -5.05445 11.75
    endloop
  endfacet
  facet normal 0 0 1
    outer loop
      vertex -15.7685 -15.7685 11.75
      vertex -5.05445 -5.05445 11.75
      vertex -5.31113 -4.78397 11.75
    endloop
  endfacet
  facet normal 0 0 1
    outer loop
      vertex -16.5721 -14.9216 11.75
      vertex -5.31113 -4.78397 11.75
      vertex -5.31206 -4.783 11.75
    endloop
  endfacet
  facet normal 0 0 1
    outer loop
      vertex -16.5721 -14.9216 11.75
      vertex -5.31206 -4.783 11.75
      vertex -5.31293 -4.78198 11.75
    endloop
  endfacet
  facet normal 0 0 1
    outer loop
      vertex -1.48747 -6.99156 11.75
      vertex -5.37375 -21.6325 11.75
      vertex -4.63435 -21.8029 11.75
    endloop
  endfacet
  facet normal 0 0 1
    outer loop
      vertex -1.85006 -6.90451 11.75
      vertex -5.77166 -21.5401 11.75
      vertex -5.37375 -21.6325 11.75
    endloop
  endfacet
  facet normal 0 0 1
    outer loop
      vertex -16.5721 -14.9216 11.75
      vertex -5.31293 -4.78198 11.75
      vertex -5.5551 -4.49843 11.75
    endloop
  endfacet
  facet normal 0 0 1
    outer loop
      vertex -17.3304 -14.0338 11.75
      vertex -5.5551 -4.49843 11.75
      vertex -5.55591 -4.49737 11.75
    endloop
  endfacet
  facet normal 0 0 1
    outer loop
      vertex -5.37375 -21.6325 11.75
      vertex -5.77166 -21.5401 11.75
      vertex -5.37448 -21.6355 11.75
    endloop
  endfacet
  facet normal 0 0 1
    outer loop
      vertex -17.3304 -14.0338 11.75
      vertex -5.55591 -4.49737 11.75
      vertex -5.78291 -4.20153 11.75
    endloop
  endfacet
  facet normal 0 0 1
    outer loop
      vertex -18.0411 -13.1076 11.75
      vertex -5.78291 -4.20153 11.75
      vertex -5.99412 -3.89423 11.75
    endloop
  endfacet
  facet normal 0 0 1
    outer loop
      vertex -18.7024 -12.1454 11.75
      vertex -5.99412 -3.89423 11.75
      vertex -5.99488 -3.89312 11.75
    endloop
  endfacet
  facet normal 0 0 1
    outer loop
      vertex -18.7024 -12.1454 11.75
      vertex -5.99488 -3.89312 11.75
      vertex -6.18972 -3.57518 11.75
    endloop
  endfacet
  facet normal 0 0 1
    outer loop
      vertex -19.3124 -11.15 11.75
      vertex -6.18972 -3.57518 11.75
      vertex -6.19042 -3.57404 11.75
    endloop
  endfacet
  facet normal 0 0 1
    outer loop
      vertex -19.3124 -11.15 11.75
      vertex -6.19042 -3.57404 11.75
      vertex -6.19105 -3.57286 11.75
    endloop
  endfacet
  facet normal 0 0 1
    outer loop
      vertex -19.3124 -11.15 11.75
      vertex -6.19105 -3.57286 11.75
      vertex -6.36898 -3.24516 11.75
    endloop
  endfacet
  facet normal 0 0 1
    outer loop
      vertex -19.8694 -10.124 11.75
      vertex -6.36898 -3.24516 11.75
      vertex -6.52952 -2.90859 11.75
    endloop
  endfacet
  facet normal 0 0 1
    outer loop
      vertex -20.3721 -9.07023 11.75
      vertex -6.52952 -2.90859 11.75
      vertex -6.53009 -2.90738 11.75
    endloop
  endfacet
  facet normal 0 0 1
    outer loop
      vertex -20.3721 -9.07023 11.75
      vertex -6.53009 -2.90738 11.75
      vertex -6.53061 -2.90615 11.75
    endloop
  endfacet
  facet normal 0 0 1
    outer loop
      vertex -20.3721 -9.07023 11.75
      vertex -6.53061 -2.90615 11.75
      vertex -6.6733 -2.56164 11.75
    endloop
  endfacet
  facet normal 0 0 1
    outer loop
      vertex -20.8188 -7.9916 11.75
      vertex -6.6733 -2.56164 11.75
      vertex -6.67375 -2.56038 11.75
    endloop
  endfacet
  facet normal 0 0 1
    outer loop
      vertex -20.8188 -7.9916 11.75
      vertex -6.67375 -2.56038 11.75
      vertex -6.79822 -2.20888 11.75
    endloop
  endfacet
  facet normal 0 0 1
    outer loop
      vertex -21.2086 -6.89108 11.75
      vertex -6.79822 -2.20888 11.75
      vertex -6.7986 -2.20759 11.75
    endloop
  endfacet
  facet normal 0 0 1
    outer loop
      vertex -2.20759 -6.7986 11.75
      vertex -6.89108 -21.2086 11.75
      vertex -5.77166 -21.5401 11.75
    endloop
  endfacet
  facet normal 0 0 1
    outer loop
      vertex -21.2086 -6.89108 11.75
      vertex -6.7986 -2.20759 11.75
      vertex -6.90451 -1.85006 11.75
    endloop
  endfacet
  facet normal 0 0 1
    outer loop
      vertex -21.6325 -5.37375 11.75
      vertex -6.90451 -1.85006 11.75
      vertex -6.99156 -1.48747 11.75
    endloop
  endfacet
  facet normal 0 0 1
    outer loop
      vertex -21.6325 -5.37375 11.75
      vertex -6.99156 -1.48747 11.75
      vertex -6.99187 -1.48617 11.75
    endloop
  endfacet
  facet normal 0 0 1
    outer loop
      vertex -21.6325 -5.37375 11.75
      vertex -6.99187 -1.48617 11.75
      vertex -6.99212 -1.48485 11.75
    endloop
  endfacet
  facet normal 0 0 1
    outer loop
      vertex -21.6325 -5.37375 11.75
      vertex -6.99212 -1.48485 11.75
      vertex -7.06007 -1.1182 11.75
    endloop
  endfacet
  facet normal 0 0 1
    outer loop
      vertex -21.6325 -5.37375 11.75
      vertex -7.06007 -1.1182 11.75
      vertex -7.10874 -0.748505 11.75
    endloop
  endfacet
  facet normal 0 0 1
    outer loop
      vertex -21.6325 -5.37375 11.75
      vertex -7.10874 -0.748505 11.75
      vertex -7.10892 -0.747177 11.75
    endloop
  endfacet
  facet normal 0 0 1
    outer loop
      vertex -21.6325 -5.37375 11.75
      vertex -7.10892 -0.747177 11.75
      vertex -7.10902 -0.745842 11.75
    endloop
  endfacet
  facet normal 0 0 1
    outer loop
      vertex -21.6325 -5.37375 11.75
      vertex -7.10902 -0.745842 11.75
      vertex -7.13828 -0.374101 11.75
    endloop
  endfacet
  facet normal 0 0 1
    outer loop
      vertex -21.6325 -5.37375 11.75
      vertex -7.13828 -0.374101 11.75
      vertex -7.14804 -0.00133862 11.75
    endloop
  endfacet
  facet normal 0 0 1
    outer loop
      vertex -21.6325 -5.37375 11.75
      vertex -7.14804 -0.00133862 11.75
      vertex -7.14808 0 11.75
    endloop
  endfacet
  facet normal 0 0 1
    outer loop
      vertex -6.53061 2.90615 11.75
      vertex -20.3721 9.07023 11.75
      vertex -6.6733 2.56164 11.75
    endloop
  endfacet
  facet normal 0 0 1
    outer loop
      vertex -2.56038 -6.67375 11.75
      vertex -7.9916 -20.8188 11.75
      vertex -6.89108 -21.2086 11.75
    endloop
  endfacet
  facet normal -0 0 1
    outer loop
      vertex -20.8188 7.9916 11.75
      vertex -6.6733 2.56164 11.75
      vertex -20.3721 9.07023 11.75
    endloop
  endfacet
  facet normal 0 0 1
    outer loop
      vertex -2.90615 -6.53061 11.75
      vertex -9.07023 -20.3721 11.75
      vertex -7.9916 -20.8188 11.75
    endloop
  endfacet
  facet normal 0 0 1
    outer loop
      vertex -6.6733 2.56164 11.75
      vertex -20.8188 7.9916 11.75
      vertex -6.67375 2.56038 11.75
    endloop
  endfacet
  facet normal 0 0 1
    outer loop
      vertex -3.24516 -6.36898 11.75
      vertex -10.124 -19.8694 11.75
      vertex -9.07023 -20.3721 11.75
    endloop
  endfacet
  facet normal 0 0 1
    outer loop
      vertex -6.67375 2.56038 11.75
      vertex -20.8188 7.9916 11.75
      vertex -6.79822 2.20888 11.75
    endloop
  endfacet
  facet normal 0 0 1
    outer loop
      vertex -3.57286 -6.19105 11.75
      vertex -11.15 -19.3124 11.75
      vertex -10.124 -19.8694 11.75
    endloop
  endfacet
  facet normal -0 0 1
    outer loop
      vertex -21.2086 6.89108 11.75
      vertex -6.79822 2.20888 11.75
      vertex -20.8188 7.9916 11.75
    endloop
  endfacet
  facet normal 0 0 1
    outer loop
      vertex -3.89312 -5.99488 11.75
      vertex -12.1454 -18.7024 11.75
      vertex -11.15 -19.3124 11.75
    endloop
  endfacet
  facet normal 0 0 1
    outer loop
      vertex -6.79822 2.20888 11.75
      vertex -21.2086 6.89108 11.75
      vertex -6.7986 2.20759 11.75
    endloop
  endfacet
  facet normal 0 0 1
    outer loop
      vertex -4.20153 -5.78291 11.75
      vertex -13.1076 -18.0411 11.75
      vertex -12.1454 -18.7024 11.75
    endloop
  endfacet
  facet normal 0 0 1
    outer loop
      vertex -6.7986 2.20759 11.75
      vertex -21.2086 6.89108 11.75
      vertex -6.90451 1.85006 11.75
    endloop
  endfacet
  facet normal 0 0 1
    outer loop
      vertex -4.49737 -5.55591 11.75
      vertex -14.0338 -17.3304 11.75
      vertex -13.1076 -18.0411 11.75
    endloop
  endfacet
  facet normal -0 0 1
    outer loop
      vertex -21.5401 5.77166 11.75
      vertex -6.90451 1.85006 11.75
      vertex -21.2086 6.89108 11.75
    endloop
  endfacet
  facet normal 0 0 1
    outer loop
      vertex -4.78198 -5.31293 11.75
      vertex -14.9216 -16.5721 11.75
      vertex -14.0338 -17.3304 11.75
    endloop
  endfacet
  facet normal -0 0 1
    outer loop
      vertex -21.6325 5.37375 11.75
      vertex -6.90451 1.85006 11.75
      vertex -21.5401 5.77166 11.75
    endloop
  endfacet
  facet normal 0 0 1
    outer loop
      vertex -5.05445 -5.05445 11.75
      vertex -15.7685 -15.7685 11.75
      vertex -14.9216 -16.5721 11.75
    endloop
  endfacet
  facet normal 0 0 1
    outer loop
      vertex -6.90451 1.85006 11.75
      vertex -21.6325 5.37375 11.75
      vertex -6.99156 1.48747 11.75
    endloop
  endfacet
  facet normal 0 0 1
    outer loop
      vertex -5.31113 -4.78397 11.75
      vertex -16.5721 -14.9216 11.75
      vertex -15.7685 -15.7685 11.75
    endloop
  endfacet
  facet normal 0 0 1
    outer loop
      vertex -6.99156 1.48747 11.75
      vertex -21.6325 5.37375 11.75
      vertex -6.99187 1.48617 11.75
    endloop
  endfacet
  facet normal 0 0 1
    outer loop
      vertex -5.5551 -4.49843 11.75
      vertex -17.3304 -14.0338 11.75
      vertex -16.5721 -14.9216 11.75
    endloop
  endfacet
  facet normal -0 0 1
    outer loop
      vertex -21.8029 4.63435 11.75
      vertex -6.99187 1.48617 11.75
      vertex -21.6325 5.37375 11.75
    endloop
  endfacet
  facet normal 0 0 1
    outer loop
      vertex -5.78291 -4.20153 11.75
      vertex -18.0411 -13.1076 11.75
      vertex -17.3304 -14.0338 11.75
    endloop
  endfacet
  facet normal 0 0 1
    outer loop
      vertex -6.99187 1.48617 11.75
      vertex -21.8029 4.63435 11.75
      vertex -6.99212 1.48485 11.75
    endloop
  endfacet
  facet normal 0 0 1
    outer loop
      vertex -5.99412 -3.89423 11.75
      vertex -18.7024 -12.1454 11.75
      vertex -18.0411 -13.1076 11.75
    endloop
  endfacet
  facet normal 0 0 1
    outer loop
      vertex -6.99212 1.48485 11.75
      vertex -21.8029 4.63435 11.75
      vertex -7.06007 1.1182 11.75
    endloop
  endfacet
  facet normal 0 0 1
    outer loop
      vertex -6.18972 -3.57518 11.75
      vertex -19.3124 -11.15 11.75
      vertex -18.7024 -12.1454 11.75
    endloop
  endfacet
  facet normal -0 0 1
    outer loop
      vertex -22.0254 3.48849 11.75
      vertex -7.06007 1.1182 11.75
      vertex -21.8029 4.63435 11.75
    endloop
  endfacet
  facet normal 0 0 1
    outer loop
      vertex -6.36898 -3.24516 11.75
      vertex -19.8694 -10.124 11.75
      vertex -19.3124 -11.15 11.75
    endloop
  endfacet
  facet normal 0 0 1
    outer loop
      vertex -7.06007 1.1182 11.75
      vertex -22.0254 3.48849 11.75
      vertex -7.10874 0.748505 11.75
    endloop
  endfacet
  facet normal 0 0 1
    outer loop
      vertex -6.52952 -2.90859 11.75
      vertex -20.3721 -9.07023 11.75
      vertex -19.8694 -10.124 11.75
    endloop
  endfacet
  facet normal -0 0 1
    outer loop
      vertex -22.1778 2.33098 11.75
      vertex -7.10874 0.748505 11.75
      vertex -22.0254 3.48849 11.75
    endloop
  endfacet
  facet normal 0 0 1
    outer loop
      vertex -6.6733 -2.56164 11.75
      vertex -20.8188 -7.9916 11.75
      vertex -20.3721 -9.07023 11.75
    endloop
  endfacet
  facet normal 0 0 1
    outer loop
      vertex -7.10874 0.748505 11.75
      vertex -22.1778 2.33098 11.75
      vertex -7.10892 0.747177 11.75
    endloop
  endfacet
  facet normal 0 0 1
    outer loop
      vertex -6.79822 -2.20888 11.75
      vertex -21.2086 -6.89108 11.75
      vertex -20.8188 -7.9916 11.75
    endloop
  endfacet
  facet normal 0 0 1
    outer loop
      vertex -7.10892 0.747177 11.75
      vertex -22.1778 2.33098 11.75
      vertex -7.10902 0.745842 11.75
    endloop
  endfacet
  facet normal 0 0 1
    outer loop
      vertex -7.10902 0.745842 11.75
      vertex -22.1778 2.33098 11.75
      vertex -7.13828 0.374101 11.75
    endloop
  endfacet
  facet normal 0 0 1
    outer loop
      vertex -6.90451 -1.85006 11.75
      vertex -21.5401 -5.77166 11.75
      vertex -21.2086 -6.89108 11.75
    endloop
  endfacet
  facet normal 0 -0 1
    outer loop
      vertex -21.6325 5.37375 11.75
      vertex -21.5401 5.77166 11.75
      vertex -21.6355 5.37448 11.75
    endloop
  endfacet
  facet normal 0 0 1
    outer loop
      vertex -3.57286 6.19105 11.75
      vertex -11.15 19.3124 11.75
      vertex -3.57404 6.19042 11.75
    endloop
  endfacet
  facet normal 0 0 1
    outer loop
      vertex -3.57404 6.19042 11.75
      vertex -11.15 19.3124 11.75
      vertex -3.57518 6.18972 11.75
    endloop
  endfacet
  facet normal 0 0 1
    outer loop
      vertex -3.57518 6.18972 11.75
      vertex -11.15 19.3124 11.75
      vertex -3.89312 5.99488 11.75
    endloop
  endfacet
  facet normal -0 0 1
    outer loop
      vertex -12.1454 18.7024 11.75
      vertex -3.89312 5.99488 11.75
      vertex -11.15 19.3124 11.75
    endloop
  endfacet
  facet normal 0 0 1
    outer loop
      vertex -3.89312 5.99488 11.75
      vertex -12.1454 18.7024 11.75
      vertex -3.89423 5.99412 11.75
    endloop
  endfacet
  facet normal 0 0 1
    outer loop
      vertex -3.89423 5.99412 11.75
      vertex -12.1454 18.7024 11.75
      vertex -4.20153 5.78291 11.75
    endloop
  endfacet
  facet normal -0 0 1
    outer loop
      vertex -13.1076 18.0411 11.75
      vertex -4.20153 5.78291 11.75
      vertex -12.1454 18.7024 11.75
    endloop
  endfacet
  facet normal 0 0 1
    outer loop
      vertex -4.20153 5.78291 11.75
      vertex -13.1076 18.0411 11.75
      vertex -4.49737 5.55591 11.75
    endloop
  endfacet
  facet normal 0 0 1
    outer loop
      vertex -5.77166 21.5401 11.75
      vertex -5.37375 21.6325 11.75
      vertex -5.37448 21.6355 11.75
    endloop
  endfacet
  facet normal -0 0 1
    outer loop
      vertex -14.0338 17.3304 11.75
      vertex -4.49737 5.55591 11.75
      vertex -13.1076 18.0411 11.75
    endloop
  endfacet
  facet normal 0 0 1
    outer loop
      vertex -4.49737 5.55591 11.75
      vertex -14.0338 17.3304 11.75
      vertex -4.49843 5.5551 11.75
    endloop
  endfacet
  facet normal 0 0 1
    outer loop
      vertex -4.49843 5.5551 11.75
      vertex -14.0338 17.3304 11.75
      vertex -4.78198 5.31293 11.75
    endloop
  endfacet
  facet normal -0 0 1
    outer loop
      vertex -14.9216 16.5721 11.75
      vertex -4.78198 5.31293 11.75
      vertex -14.0338 17.3304 11.75
    endloop
  endfacet
  facet normal 0 0 1
    outer loop
      vertex -4.78198 5.31293 11.75
      vertex -14.9216 16.5721 11.75
      vertex -4.783 5.31206 11.75
    endloop
  endfacet
  facet normal 0 0 1
    outer loop
      vertex -4.783 5.31206 11.75
      vertex -14.9216 16.5721 11.75
      vertex -4.78397 5.31113 11.75
    endloop
  endfacet
  facet normal 0 0 1
    outer loop
      vertex -4.78397 5.31113 11.75
      vertex -14.9216 16.5721 11.75
      vertex -5.05445 5.05445 11.75
    endloop
  endfacet
  facet normal -0 0 1
    outer loop
      vertex -15.7685 15.7685 11.75
      vertex -5.05445 5.05445 11.75
      vertex -14.9216 16.5721 11.75
    endloop
  endfacet
  facet normal 0 0 1
    outer loop
      vertex -5.05445 5.05445 11.75
      vertex -15.7685 15.7685 11.75
      vertex -5.31113 4.78397 11.75
    endloop
  endfacet
  facet normal -0 0 1
    outer loop
      vertex -16.5721 14.9216 11.75
      vertex -5.31113 4.78397 11.75
      vertex -15.7685 15.7685 11.75
    endloop
  endfacet
  facet normal 0 0 1
    outer loop
      vertex -5.31113 4.78397 11.75
      vertex -16.5721 14.9216 11.75
      vertex -5.31206 4.783 11.75
    endloop
  endfacet
  facet normal 0 0 1
    outer loop
      vertex -5.31206 4.783 11.75
      vertex -16.5721 14.9216 11.75
      vertex -5.31293 4.78198 11.75
    endloop
  endfacet
  facet normal 0 0 1
    outer loop
      vertex -5.31293 4.78198 11.75
      vertex -16.5721 14.9216 11.75
      vertex -5.5551 4.49843 11.75
    endloop
  endfacet
  facet normal -0 0 1
    outer loop
      vertex -17.3304 14.0338 11.75
      vertex -5.5551 4.49843 11.75
      vertex -16.5721 14.9216 11.75
    endloop
  endfacet
  facet normal 0 0 1
    outer loop
      vertex -5.5551 4.49843 11.75
      vertex -17.3304 14.0338 11.75
      vertex -5.55591 4.49737 11.75
    endloop
  endfacet
  facet normal 0 0 1
    outer loop
      vertex -5.55591 4.49737 11.75
      vertex -17.3304 14.0338 11.75
      vertex -5.78291 4.20153 11.75
    endloop
  endfacet
  facet normal -0 0 1
    outer loop
      vertex -18.0411 13.1076 11.75
      vertex -5.78291 4.20153 11.75
      vertex -17.3304 14.0338 11.75
    endloop
  endfacet
  facet normal 0 0 1
    outer loop
      vertex -5.78291 4.20153 11.75
      vertex -18.0411 13.1076 11.75
      vertex -5.99412 3.89423 11.75
    endloop
  endfacet
  facet normal -0 0 1
    outer loop
      vertex -18.7024 12.1454 11.75
      vertex -5.99412 3.89423 11.75
      vertex -18.0411 13.1076 11.75
    endloop
  endfacet
  facet normal 0 0 1
    outer loop
      vertex -5.99412 3.89423 11.75
      vertex -18.7024 12.1454 11.75
      vertex -5.99488 3.89312 11.75
    endloop
  endfacet
  facet normal 0 0 1
    outer loop
      vertex -5.99488 3.89312 11.75
      vertex -18.7024 12.1454 11.75
      vertex -6.18972 3.57518 11.75
    endloop
  endfacet
  facet normal -0 0 1
    outer loop
      vertex -19.3124 11.15 11.75
      vertex -6.18972 3.57518 11.75
      vertex -18.7024 12.1454 11.75
    endloop
  endfacet
  facet normal 0 0 1
    outer loop
      vertex -6.18972 3.57518 11.75
      vertex -19.3124 11.15 11.75
      vertex -6.19042 3.57404 11.75
    endloop
  endfacet
  facet normal 0 0 1
    outer loop
      vertex -6.19042 3.57404 11.75
      vertex -19.3124 11.15 11.75
      vertex -6.19105 3.57286 11.75
    endloop
  endfacet
  facet normal 0 0 1
    outer loop
      vertex -6.19105 3.57286 11.75
      vertex -19.3124 11.15 11.75
      vertex -6.36898 3.24516 11.75
    endloop
  endfacet
  facet normal -0 0 1
    outer loop
      vertex -19.8694 10.124 11.75
      vertex -6.36898 3.24516 11.75
      vertex -19.3124 11.15 11.75
    endloop
  endfacet
  facet normal 0 0 1
    outer loop
      vertex -6.36898 3.24516 11.75
      vertex -19.8694 10.124 11.75
      vertex -6.52952 2.90859 11.75
    endloop
  endfacet
  facet normal -0 0 1
    outer loop
      vertex -20.3721 9.07023 11.75
      vertex -6.52952 2.90859 11.75
      vertex -19.8694 10.124 11.75
    endloop
  endfacet
  facet normal 0 0 1
    outer loop
      vertex -6.52952 2.90859 11.75
      vertex -20.3721 9.07023 11.75
      vertex -6.53009 2.90738 11.75
    endloop
  endfacet
  facet normal 0 0 1
    outer loop
      vertex -6.53009 2.90738 11.75
      vertex -20.3721 9.07023 11.75
      vertex -6.53061 2.90615 11.75
    endloop
  endfacet
  facet normal 0.852633 0.52251 0
    outer loop
      vertex -18.7024 -12.1454 14.75
      vertex -19.3124 -11.15 11.75
      vertex -19.3124 -11.15 14.75
    endloop
  endfacet
  facet normal 0.852633 0.52251 0
    outer loop
      vertex -19.3124 -11.15 11.75
      vertex -18.7024 -12.1454 14.75
      vertex -18.7024 -12.1454 11.75
    endloop
  endfacet
  facet normal 0.902559 0.430565 0
    outer loop
      vertex -19.8694 -10.124 14.75
      vertex -20.3721 -9.07023 11.75
      vertex -20.3721 -9.07023 14.75
    endloop
  endfacet
  facet normal 0.902559 0.430565 0
    outer loop
      vertex -20.3721 -9.07023 11.75
      vertex -19.8694 -10.124 14.75
      vertex -19.8694 -10.124 11.75
    endloop
  endfacet
  facet normal 0.725408 0.688319 0
    outer loop
      vertex -15.7685 -15.7685 14.75
      vertex -16.5721 -14.9216 11.75
      vertex -16.5721 -14.9216 14.75
    endloop
  endfacet
  facet normal 0.725408 0.688319 0
    outer loop
      vertex -16.5721 -14.9216 11.75
      vertex -15.7685 -15.7685 14.75
      vertex -15.7685 -15.7685 11.75
    endloop
  endfacet
  facet normal -0.130535 -0.991444 0
    outer loop
      vertex 2.33098 22.1778 14.74
      vertex 3.48849 22.0254 14.85
      vertex 2.33098 22.1778 14.85
    endloop
  endfacet
  facet normal -0.130535 -0.991444 -0
    outer loop
      vertex 3.48849 22.0254 14.85
      vertex 2.33098 22.1778 14.74
      vertex 3.48849 22.0254 14.74
    endloop
  endfacet
  facet normal -0.130535 -0.991444 0
    outer loop
      vertex 2.33098 22.1778 11.75
      vertex 3.48849 22.0254 14.74
      vertex 2.33098 22.1778 14.74
    endloop
  endfacet
  facet normal -0.130535 -0.991444 -0
    outer loop
      vertex 3.48849 22.0254 14.74
      vertex 2.33098 22.1778 11.75
      vertex 3.48849 22.0254 11.75
    endloop
  endfacet
  facet normal 0.983264 -0.182187 0
    outer loop
      vertex -22.0254 3.48849 14.85
      vertex -21.8127 4.63643 14.74
      vertex -21.8127 4.63643 14.85
    endloop
  endfacet
  facet normal 0.983264 -0.182187 0
    outer loop
      vertex -21.8127 4.63643 14.74
      vertex -22.0254 3.48849 14.85
      vertex -22.0254 3.48849 14.74
    endloop
  endfacet
  facet normal 0.983264 -0.182187 0
    outer loop
      vertex -22.0254 3.48849 14.74
      vertex -21.8127 4.63643 11.75
      vertex -21.8127 4.63643 14.74
    endloop
  endfacet
  facet normal 0.983264 -0.182187 0
    outer loop
      vertex -21.8127 4.63643 11.75
      vertex -22.0254 3.48849 14.74
      vertex -22.0254 3.48849 11.75
    endloop
  endfacet
  facet normal 0.824127 -0.566405 0
    outer loop
      vertex -18.7024 12.1454 14.75
      vertex -18.0411 13.1076 11.75
      vertex -18.0411 13.1076 14.75
    endloop
  endfacet
  facet normal 0.824127 -0.566405 0
    outer loop
      vertex -18.0411 13.1076 11.75
      vertex -18.7024 12.1454 14.75
      vertex -18.7024 12.1454 11.75
    endloop
  endfacet
  facet normal 0.233551 -0.972345 0
    outer loop
      vertex -5.77166 21.5401 11.75
      vertex -5.37448 21.6355 14.75
      vertex -5.77166 21.5401 14.75
    endloop
  endfacet
  facet normal 0.233551 -0.972345 0
    outer loop
      vertex -5.37448 21.6355 14.75
      vertex -5.77166 21.5401 11.75
      vertex -5.37448 21.6355 11.75
    endloop
  endfacet
  facet normal 0.130535 -0.991444 0
    outer loop
      vertex -3.48849 22.0254 14.74
      vertex -2.33098 22.1778 14.85
      vertex -3.48849 22.0254 14.85
    endloop
  endfacet
  facet normal 0.130535 -0.991444 0
    outer loop
      vertex -2.33098 22.1778 14.85
      vertex -3.48849 22.0254 14.74
      vertex -2.33098 22.1778 14.74
    endloop
  endfacet
  facet normal 0.130535 -0.991444 0
    outer loop
      vertex -3.48849 22.0254 11.75
      vertex -2.33098 22.1778 14.74
      vertex -3.48849 22.0254 14.74
    endloop
  endfacet
  facet normal 0.130535 -0.991444 0
    outer loop
      vertex -2.33098 22.1778 14.74
      vertex -3.48849 22.0254 11.75
      vertex -2.33098 22.1778 11.75
    endloop
  endfacet
  facet normal -0.972345 0.233551 0
    outer loop
      vertex 21.5401 -5.77166 11.75
      vertex 21.6355 -5.37448 14.75
      vertex 21.6355 -5.37448 11.75
    endloop
  endfacet
  facet normal -0.972345 0.233551 0
    outer loop
      vertex 21.6355 -5.37448 14.75
      vertex 21.5401 -5.77166 11.75
      vertex 21.5401 -5.77166 14.75
    endloop
  endfacet
  facet normal -0.923905 0.382623 0
    outer loop
      vertex 20.3721 -9.07023 11.75
      vertex 20.8188 -7.9916 14.75
      vertex 20.8188 -7.9916 11.75
    endloop
  endfacet
  facet normal -0.923905 0.382623 0
    outer loop
      vertex 20.8188 -7.9916 14.75
      vertex 20.3721 -9.07023 11.75
      vertex 20.3721 -9.07023 14.75
    endloop
  endfacet
  facet normal -0.824127 0.566405 0
    outer loop
      vertex 18.0411 -13.1076 11.75
      vertex 18.7024 -12.1454 14.75
      vertex 18.7024 -12.1454 11.75
    endloop
  endfacet
  facet normal -0.824127 0.566405 0
    outer loop
      vertex 18.7024 -12.1454 14.75
      vertex 18.0411 -13.1076 11.75
      vertex 18.0411 -13.1076 14.75
    endloop
  endfacet
  facet normal -0.793353 0.608762 0
    outer loop
      vertex 17.3304 -14.0338 11.75
      vertex 18.0411 -13.1076 14.75
      vertex 18.0411 -13.1076 11.75
    endloop
  endfacet
  facet normal -0.793353 0.608762 0
    outer loop
      vertex 18.0411 -13.1076 14.75
      vertex 17.3304 -14.0338 11.75
      vertex 17.3304 -14.0338 14.75
    endloop
  endfacet
  facet normal -0.182187 0.983264 0
    outer loop
      vertex 4.63643 -21.8127 14.74
      vertex 3.48849 -22.0254 14.85
      vertex 4.63643 -21.8127 14.85
    endloop
  endfacet
  facet normal -0.182187 0.983264 0
    outer loop
      vertex 3.48849 -22.0254 14.85
      vertex 4.63643 -21.8127 14.74
      vertex 3.48849 -22.0254 14.74
    endloop
  endfacet
  facet normal -0.182187 0.983264 0
    outer loop
      vertex 4.63643 -21.8127 11.75
      vertex 3.48849 -22.0254 14.74
      vertex 4.63643 -21.8127 14.74
    endloop
  endfacet
  facet normal -0.182187 0.983264 0
    outer loop
      vertex 3.48849 -22.0254 14.74
      vertex 4.63643 -21.8127 11.75
      vertex 3.48849 -22.0254 11.75
    endloop
  endfacet
  facet normal -0.382623 0.923905 0
    outer loop
      vertex 9.07023 -20.3721 11.75
      vertex 7.9916 -20.8188 14.75
      vertex 9.07023 -20.3721 14.75
    endloop
  endfacet
  facet normal -0.382623 0.923905 0
    outer loop
      vertex 7.9916 -20.8188 14.75
      vertex 9.07023 -20.3721 11.75
      vertex 7.9916 -20.8188 11.75
    endloop
  endfacet
  facet normal -0.283947 0.95884 0
    outer loop
      vertex 6.89108 -21.2086 11.75
      vertex 5.77166 -21.5401 14.75
      vertex 6.89108 -21.2086 14.75
    endloop
  endfacet
  facet normal -0.283947 0.95884 0
    outer loop
      vertex 5.77166 -21.5401 14.75
      vertex 6.89108 -21.2086 11.75
      vertex 5.77166 -21.5401 11.75
    endloop
  endfacet
  facet normal -0.725408 0.688319 0
    outer loop
      vertex 15.7685 -15.7685 11.75
      vertex 16.5721 -14.9216 14.75
      vertex 16.5721 -14.9216 11.75
    endloop
  endfacet
  facet normal -0.725408 0.688319 0
    outer loop
      vertex 16.5721 -14.9216 14.75
      vertex 15.7685 -15.7685 11.75
      vertex 15.7685 -15.7685 14.75
    endloop
  endfacet
  facet normal -0.477111 0.878843 0
    outer loop
      vertex 11.15 -19.3124 11.75
      vertex 10.124 -19.8694 14.75
      vertex 11.15 -19.3124 14.75
    endloop
  endfacet
  facet normal -0.477111 0.878843 0
    outer loop
      vertex 10.124 -19.8694 14.75
      vertex 11.15 -19.3124 11.75
      vertex 10.124 -19.8694 11.75
    endloop
  endfacet
  facet normal 0.333872 0.942618 -0
    outer loop
      vertex -6.89108 -21.2086 11.75
      vertex -7.9916 -20.8188 14.75
      vertex -6.89108 -21.2086 14.75
    endloop
  endfacet
  facet normal 0.333872 0.942618 0
    outer loop
      vertex -7.9916 -20.8188 14.75
      vertex -6.89108 -21.2086 11.75
      vertex -7.9916 -20.8188 11.75
    endloop
  endfacet
  facet normal 0.233551 0.972345 -0
    outer loop
      vertex -5.37448 -21.6355 11.75
      vertex -5.77166 -21.5401 14.75
      vertex -5.37448 -21.6355 14.75
    endloop
  endfacet
  facet normal 0.233551 0.972345 0
    outer loop
      vertex -5.77166 -21.5401 14.75
      vertex -5.37448 -21.6355 11.75
      vertex -5.77166 -21.5401 11.75
    endloop
  endfacet
  facet normal 0.996917 0.078459 0
    outer loop
      vertex -22.1778 -2.33098 14.85
      vertex -22.2694 -1.16709 14.74
      vertex -22.2694 -1.16709 14.85
    endloop
  endfacet
  facet normal 0.996917 0.078459 0
    outer loop
      vertex -22.2694 -1.16709 14.74
      vertex -22.1778 -2.33098 14.85
      vertex -22.1778 -2.33098 14.74
    endloop
  endfacet
  facet normal 0.996917 0.078459 0
    outer loop
      vertex -22.1778 -2.33098 14.74
      vertex -22.2694 -1.16709 11.75
      vertex -22.2694 -1.16709 14.74
    endloop
  endfacet
  facet normal 0.996917 0.078459 0
    outer loop
      vertex -22.2694 -1.16709 11.75
      vertex -22.1778 -2.33098 14.74
      vertex -22.1778 -2.33098 11.75
    endloop
  endfacet
  facet normal 0.824127 0.566405 0
    outer loop
      vertex -18.0411 -13.1076 14.75
      vertex -18.7024 -12.1454 11.75
      vertex -18.7024 -12.1454 14.75
    endloop
  endfacet
  facet normal 0.824127 0.566405 0
    outer loop
      vertex -18.7024 -12.1454 11.75
      vertex -18.0411 -13.1076 14.75
      vertex -18.0411 -13.1076 11.75
    endloop
  endfacet
  facet normal 0.878843 0.477111 0
    outer loop
      vertex -19.3124 -11.15 14.75
      vertex -19.8694 -10.124 11.75
      vertex -19.8694 -10.124 14.75
    endloop
  endfacet
  facet normal 0.878843 0.477111 0
    outer loop
      vertex -19.8694 -10.124 11.75
      vertex -19.3124 -11.15 14.75
      vertex -19.3124 -11.15 11.75
    endloop
  endfacet
  facet normal 0.760386 0.649471 0
    outer loop
      vertex -16.5721 -14.9216 14.75
      vertex -17.3304 -14.0338 11.75
      vertex -17.3304 -14.0338 14.75
    endloop
  endfacet
  facet normal 0.760386 0.649471 0
    outer loop
      vertex -17.3304 -14.0338 11.75
      vertex -16.5721 -14.9216 14.75
      vertex -16.5721 -14.9216 11.75
    endloop
  endfacet
  facet normal -0.996917 0.078459 0
    outer loop
      vertex 22.1778 -2.33098 14.74
      vertex 22.2694 -1.16709 14.85
      vertex 22.2694 -1.16709 14.74
    endloop
  endfacet
  facet normal -0.996917 0.078459 0
    outer loop
      vertex 22.2694 -1.16709 14.85
      vertex 22.1778 -2.33098 14.74
      vertex 22.1778 -2.33098 14.85
    endloop
  endfacet
  facet normal -0.996917 0.078459 0
    outer loop
      vertex 22.1778 -2.33098 11.75
      vertex 22.2694 -1.16709 14.74
      vertex 22.2694 -1.16709 11.75
    endloop
  endfacet
  facet normal -0.996917 0.078459 0
    outer loop
      vertex 22.2694 -1.16709 14.74
      vertex 22.1778 -2.33098 11.75
      vertex 22.1778 -2.33098 14.74
    endloop
  endfacet
  facet normal -0.878843 0.477111 0
    outer loop
      vertex 19.3124 -11.15 11.75
      vertex 19.8694 -10.124 14.75
      vertex 19.8694 -10.124 11.75
    endloop
  endfacet
  facet normal -0.878843 0.477111 0
    outer loop
      vertex 19.8694 -10.124 14.75
      vertex 19.3124 -11.15 11.75
      vertex 19.3124 -11.15 14.75
    endloop
  endfacet
  facet normal -0.902559 0.430565 0
    outer loop
      vertex 19.8694 -10.124 11.75
      vertex 20.3721 -9.07023 14.75
      vertex 20.3721 -9.07023 11.75
    endloop
  endfacet
  facet normal -0.902559 0.430565 0
    outer loop
      vertex 20.3721 -9.07023 14.75
      vertex 19.8694 -10.124 11.75
      vertex 19.8694 -10.124 14.75
    endloop
  endfacet
  facet normal -0.852633 0.52251 0
    outer loop
      vertex 18.7024 -12.1454 11.75
      vertex 19.3124 -11.15 14.75
      vertex 19.3124 -11.15 11.75
    endloop
  endfacet
  facet normal -0.852633 0.52251 0
    outer loop
      vertex 19.3124 -11.15 14.75
      vertex 18.7024 -12.1454 11.75
      vertex 18.7024 -12.1454 14.75
    endloop
  endfacet
  facet normal -0.207907 -0.978149 0
    outer loop
      vertex 22.9865 -4.88592 14.85
      vertex 22.9865 -4.88592 15.75
      vertex 21.754 -4.62395 15.75
    endloop
  endfacet
  facet normal -0.207907 -0.978149 -1.36417e-07
    outer loop
      vertex 22.9865 -4.88592 14.85
      vertex 21.754 -4.62395 15.75
      vertex 21.2258 -4.51168 14.85
    endloop
  endfacet
  facet normal -0.207907 0.978149 0
    outer loop
      vertex 22.9865 4.88592 15.75
      vertex 22.9865 4.88592 14.85
      vertex 21.754 4.62395 15.75
    endloop
  endfacet
  facet normal -0.207907 0.978149 -1.36417e-07
    outer loop
      vertex 21.754 4.62395 15.75
      vertex 22.9865 4.88592 14.85
      vertex 21.2258 4.51168 14.85
    endloop
  endfacet
  facet normal 0 0 -1
    outer loop
      vertex 21.5811 2.26827 14.85
      vertex 22.1778 2.33098 14.85
      vertex 21.6703 1.13569 14.85
    endloop
  endfacet
  facet normal 0 0 -1
    outer loop
      vertex 22.0254 -3.48849 14.85
      vertex 21.6703 -1.13569 14.85
      vertex 21.7 0 14.85
    endloop
  endfacet
  facet normal 0 0 -1
    outer loop
      vertex 22.0254 -3.48849 14.85
      vertex 21.5811 -2.26827 14.85
      vertex 21.6703 -1.13569 14.85
    endloop
  endfacet
  facet normal 0 0 -1
    outer loop
      vertex 22.0254 -3.48849 14.85
      vertex 21.4328 -3.39463 14.85
      vertex 21.5811 -2.26827 14.85
    endloop
  endfacet
  facet normal 0 0 -1
    outer loop
      vertex 21.8127 -4.63643 14.85
      vertex 21.2258 -4.51168 14.85
      vertex 21.4328 -3.39463 14.85
    endloop
  endfacet
  facet normal 0 0 1
    outer loop
      vertex 21.2258 -4.51168 14.85
      vertex 21.8127 -4.63643 14.85
      vertex 22.9865 -4.88592 14.85
    endloop
  endfacet
  facet normal 0 0 -1
    outer loop
      vertex 21.7 0 14.85
      vertex 22.3 0 14.85
      vertex 22.2694 -1.16709 14.85
    endloop
  endfacet
  facet normal 0 0 -1
    outer loop
      vertex 21.7 0 14.85
      vertex 22.2694 -1.16709 14.85
      vertex 22.1778 -2.33098 14.85
    endloop
  endfacet
  facet normal 0 0 -1
    outer loop
      vertex 22.3 0 14.85
      vertex 21.7 0 14.85
      vertex 22.2694 1.16709 14.85
    endloop
  endfacet
  facet normal 0 0 -1
    outer loop
      vertex 21.7 0 14.85
      vertex 22.1778 -2.33098 14.85
      vertex 22.0254 -3.48849 14.85
    endloop
  endfacet
  facet normal 0 0 -1
    outer loop
      vertex 21.6703 1.13569 14.85
      vertex 22.2694 1.16709 14.85
      vertex 21.7 0 14.85
    endloop
  endfacet
  facet normal 0 0 -1
    outer loop
      vertex 21.4328 -3.39463 14.85
      vertex 22.0254 -3.48849 14.85
      vertex 21.8127 -4.63643 14.85
    endloop
  endfacet
  facet normal -0 0 -1
    outer loop
      vertex 22.2694 1.16709 14.85
      vertex 21.6703 1.13569 14.85
      vertex 22.1778 2.33098 14.85
    endloop
  endfacet
  facet normal -0 0 -1
    outer loop
      vertex 22.1778 2.33098 14.85
      vertex 21.5811 2.26827 14.85
      vertex 22.0254 3.48849 14.85
    endloop
  endfacet
  facet normal 0 0 -1
    outer loop
      vertex 21.4328 3.39463 14.85
      vertex 22.0254 3.48849 14.85
      vertex 21.5811 2.26827 14.85
    endloop
  endfacet
  facet normal -0 0 -1
    outer loop
      vertex 22.0254 3.48849 14.85
      vertex 21.4328 3.39463 14.85
      vertex 21.8127 4.63643 14.85
    endloop
  endfacet
  facet normal -0 0 1
    outer loop
      vertex 21.8127 4.63643 14.85
      vertex 21.2258 4.51168 14.85
      vertex 22.9865 4.88592 14.85
    endloop
  endfacet
  facet normal 0 0 -1
    outer loop
      vertex 21.2258 4.51168 14.85
      vertex 21.8127 4.63643 14.85
      vertex 21.4328 3.39463 14.85
    endloop
  endfacet
  facet normal -0.843209 0.15629 0.514366
    outer loop
      vertex 21.754 -4.62395 15.75
      vertex 21.9662 -3.4791 15.75
      vertex 21.2258 -4.51168 14.85
    endloop
  endfacet
  facet normal -0.843196 0.156252 0.514399
    outer loop
      vertex 21.9662 -3.4791 15.75
      vertex 21.4328 -3.39463 14.85
      vertex 21.2258 -4.51168 14.85
    endloop
  endfacet
  facet normal 0 0 1
    outer loop
      vertex 22.24 0 15.75
      vertex 23.5 0 15.75
      vertex 23.4678 1.22989 15.75
    endloop
  endfacet
  facet normal 0 0 1
    outer loop
      vertex 22.2095 1.16395 15.75
      vertex 23.4678 1.22989 15.75
      vertex 23.3713 2.45642 15.75
    endloop
  endfacet
  facet normal 0 0 1
    outer loop
      vertex 23.5 0 15.75
      vertex 22.24 0 15.75
      vertex 23.4678 -1.22989 15.75
    endloop
  endfacet
  facet normal 0 0 1
    outer loop
      vertex 22.1182 2.32471 15.75
      vertex 23.3713 2.45642 15.75
      vertex 23.2107 3.67621 15.75
    endloop
  endfacet
  facet normal -0 0 1
    outer loop
      vertex 22.2095 -1.16395 15.75
      vertex 23.4678 -1.22989 15.75
      vertex 22.24 0 15.75
    endloop
  endfacet
  facet normal 0 0 1
    outer loop
      vertex 21.9662 3.4791 15.75
      vertex 23.2107 3.67621 15.75
      vertex 22.9865 4.88592 15.75
    endloop
  endfacet
  facet normal 0 0 1
    outer loop
      vertex 23.4678 -1.22989 15.75
      vertex 22.2095 -1.16395 15.75
      vertex 23.3713 -2.45642 15.75
    endloop
  endfacet
  facet normal -0 0 1
    outer loop
      vertex 22.1182 -2.32471 15.75
      vertex 23.3713 -2.45642 15.75
      vertex 22.2095 -1.16395 15.75
    endloop
  endfacet
  facet normal 0 0 1
    outer loop
      vertex 23.4678 1.22989 15.75
      vertex 22.2095 1.16395 15.75
      vertex 22.24 0 15.75
    endloop
  endfacet
  facet normal 0 0 1
    outer loop
      vertex 23.3713 2.45642 15.75
      vertex 22.1182 2.32471 15.75
      vertex 22.2095 1.16395 15.75
    endloop
  endfacet
  facet normal 0 0 1
    outer loop
      vertex 23.2107 3.67621 15.75
      vertex 21.9662 3.4791 15.75
      vertex 22.1182 2.32471 15.75
    endloop
  endfacet
  facet normal 0 -0 1
    outer loop
      vertex 21.9662 3.4791 15.75
      vertex 22.9865 4.88592 15.75
      vertex 21.754 4.62395 15.75
    endloop
  endfacet
  facet normal 0 0 1
    outer loop
      vertex 23.3713 -2.45642 15.75
      vertex 22.1182 -2.32471 15.75
      vertex 23.2107 -3.67621 15.75
    endloop
  endfacet
  facet normal -0 0 1
    outer loop
      vertex 21.9662 -3.4791 15.75
      vertex 23.2107 -3.67621 15.75
      vertex 22.1182 -2.32471 15.75
    endloop
  endfacet
  facet normal 0 0 1
    outer loop
      vertex 23.2107 -3.67621 15.75
      vertex 21.9662 -3.4791 15.75
      vertex 22.9865 -4.88592 15.75
    endloop
  endfacet
  facet normal 0 0 1
    outer loop
      vertex 22.9865 -4.88592 15.75
      vertex 21.9662 -3.4791 15.75
      vertex 21.754 -4.62395 15.75
    endloop
  endfacet
  facet normal 0.983227 -0.182384 0
    outer loop
      vertex 23.2107 -3.67621 15.75
      vertex 23.1386 -4.0649 14.75
      vertex 23.2107 -3.67621 14.74
    endloop
  endfacet
  facet normal 0.983256 -0.18223 -6.16048e-05
    outer loop
      vertex 22.9865 -4.88592 15.75
      vertex 23.1386 -4.0649 14.75
      vertex 23.2107 -3.67621 15.75
    endloop
  endfacet
  facet normal 0.983275 -0.182129 2.49364e-05
    outer loop
      vertex 23.1386 -4.0649 14.75
      vertex 22.9865 -4.88592 15.75
      vertex 23.0306 -4.64797 14.75
    endloop
  endfacet
  facet normal 0.983256 -0.18223 0
    outer loop
      vertex 22.9865 -4.88592 14.85
      vertex 23.0306 -4.64797 14.75
      vertex 22.9865 -4.88592 15.75
    endloop
  endfacet
  facet normal 0.983256 -0.18223 0
    outer loop
      vertex 22.9865 -4.88592 14.74
      vertex 23.0306 -4.64797 14.75
      vertex 22.9865 -4.88592 14.85
    endloop
  endfacet
  facet normal 0.983256 -0.18223 0
    outer loop
      vertex 23.0306 -4.64797 14.75
      vertex 22.9865 -4.88592 14.74
      vertex 23.0306 -4.64797 14.74
    endloop
  endfacet
  facet normal 0.983227 -0.182384 0
    outer loop
      vertex 23.2107 -3.67621 14.74
      vertex 23.1386 -4.0649 14.75
      vertex 23.1386 -4.0649 14.74
    endloop
  endfacet
  facet normal -0.850212 0.111949 0.514399
    outer loop
      vertex 21.9662 -3.4791 15.75
      vertex 22.1182 -2.32471 15.75
      vertex 21.4328 -3.39463 14.85
    endloop
  endfacet
  facet normal -0.850209 0.111941 0.514406
    outer loop
      vertex 22.1182 -2.32471 15.75
      vertex 21.5811 -2.26827 14.85
      vertex 21.4328 -3.39463 14.85
    endloop
  endfacet
  facet normal 0.991431 -0.130635 0
    outer loop
      vertex 23.3713 -2.45642 15.75
      vertex 23.3226 -2.82602 14.75
      vertex 23.3713 -2.45642 14.74
    endloop
  endfacet
  facet normal 0.991444 -0.130535 -3.73993e-05
    outer loop
      vertex 23.2107 -3.67621 15.75
      vertex 23.3226 -2.82602 14.75
      vertex 23.3713 -2.45642 15.75
    endloop
  endfacet
  facet normal 0.991454 -0.130455 3.26136e-05
    outer loop
      vertex 23.3226 -2.82602 14.75
      vertex 23.2107 -3.67621 15.75
      vertex 23.2451 -3.41502 14.75
    endloop
  endfacet
  facet normal 0.991438 -0.130577 0
    outer loop
      vertex 23.2107 -3.67621 14.74
      vertex 23.2451 -3.41502 14.75
      vertex 23.2107 -3.67621 15.75
    endloop
  endfacet
  facet normal 0.991438 -0.130577 0
    outer loop
      vertex 23.2451 -3.41502 14.75
      vertex 23.2107 -3.67621 14.74
      vertex 23.2451 -3.41502 14.74
    endloop
  endfacet
  facet normal 0.991431 -0.130635 0
    outer loop
      vertex 23.3713 -2.45642 14.74
      vertex 23.3226 -2.82602 14.75
      vertex 23.3226 -2.82602 14.74
    endloop
  endfacet
  facet normal -0.854906 0.067243 0.514406
    outer loop
      vertex 22.1182 -2.32471 15.75
      vertex 22.2095 -1.16395 15.75
      vertex 21.5811 -2.26827 14.85
    endloop
  endfacet
  facet normal -0.854949 0.0673343 0.514324
    outer loop
      vertex 22.2095 -1.16395 15.75
      vertex 21.6703 -1.13569 14.85
      vertex 21.5811 -2.26827 14.85
    endloop
  endfacet
  facet normal 0.996918 -0.0784503 0
    outer loop
      vertex 23.4678 -1.22989 15.75
      vertex 23.4403 -1.57935 14.75
      vertex 23.4678 -1.22989 14.74
    endloop
  endfacet
  facet normal 0.996919 -0.0784349 -5.43354e-06
    outer loop
      vertex 23.3713 -2.45642 15.75
      vertex 23.4403 -1.57935 14.75
      vertex 23.4678 -1.22989 15.75
    endloop
  endfacet
  facet normal 0.996913 -0.0785182 -7.9021e-05
    outer loop
      vertex 23.4403 -1.57935 14.75
      vertex 23.3713 -2.45642 15.75
      vertex 23.3936 -2.17228 14.75
    endloop
  endfacet
  facet normal 0.996934 -0.0782418 0
    outer loop
      vertex 23.3713 -2.45642 14.74
      vertex 23.3936 -2.17228 14.75
      vertex 23.3713 -2.45642 15.75
    endloop
  endfacet
  facet normal 0.996934 -0.0782418 0
    outer loop
      vertex 23.3936 -2.17228 14.75
      vertex 23.3713 -2.45642 14.74
      vertex 23.3936 -2.17228 14.74
    endloop
  endfacet
  facet normal 0.996918 -0.0784503 0
    outer loop
      vertex 23.4678 -1.22989 14.74
      vertex 23.4403 -1.57935 14.75
      vertex 23.4403 -1.57935 14.74
    endloop
  endfacet
  facet normal -0.857302 0.0224646 0.514324
    outer loop
      vertex 22.2095 -1.16395 15.75
      vertex 22.24 0 15.75
      vertex 21.6703 -1.13569 14.85
    endloop
  endfacet
  facet normal -0.857277 0.0224191 0.514366
    outer loop
      vertex 22.24 0 15.75
      vertex 21.7 0 14.85
      vertex 21.6703 -1.13569 14.85
    endloop
  endfacet
  facet normal 0.999657 -0.0261796 0
    outer loop
      vertex 23.5 0 15.75
      vertex 23.4914 -0.328387 14.75
      vertex 23.5 0 14.74
    endloop
  endfacet
  facet normal 0.999657 -0.0261722 -2.43239e-06
    outer loop
      vertex 23.4678 -1.22989 15.75
      vertex 23.4914 -0.328387 14.75
      vertex 23.5 0 15.75
    endloop
  endfacet
  facet normal 0.999656 -0.0262117 -3.80581e-05
    outer loop
      vertex 23.4914 -0.328387 14.75
      vertex 23.4678 -1.22989 15.75
      vertex 23.4758 -0.923336 14.75
    endloop
  endfacet
  facet normal 0.99966 -0.0260877 0
    outer loop
      vertex 23.4678 -1.22989 14.74
      vertex 23.4758 -0.923336 14.75
      vertex 23.4678 -1.22989 15.75
    endloop
  endfacet
  facet normal 0.99966 -0.0260877 0
    outer loop
      vertex 23.4758 -0.923336 14.75
      vertex 23.4678 -1.22989 14.74
      vertex 23.4758 -0.923336 14.74
    endloop
  endfacet
  facet normal 0.999657 -0.0261796 0
    outer loop
      vertex 23.5 0 14.74
      vertex 23.4914 -0.328387 14.75
      vertex 23.4914 -0.328387 14.74
    endloop
  endfacet
  facet normal -0.857277 -0.022464 0.514366
    outer loop
      vertex 22.24 0 15.75
      vertex 22.2095 1.16395 15.75
      vertex 21.7 0 14.85
    endloop
  endfacet
  facet normal -0.857303 -0.0224198 0.514324
    outer loop
      vertex 21.7 0 14.85
      vertex 22.2095 1.16395 15.75
      vertex 21.6703 1.13569 14.85
    endloop
  endfacet
  facet normal 0.99966 0.0260877 0
    outer loop
      vertex 23.4678 1.22989 15.75
      vertex 23.4758 0.923336 14.75
      vertex 23.4678 1.22989 14.74
    endloop
  endfacet
  facet normal 0.999656 0.0262117 -3.80581e-05
    outer loop
      vertex 23.4678 1.22989 15.75
      vertex 23.4914 0.328387 14.75
      vertex 23.4758 0.923336 14.75
    endloop
  endfacet
  facet normal 0.999657 0.0261722 -2.43239e-06
    outer loop
      vertex 23.5 0 15.75
      vertex 23.4914 0.328387 14.75
      vertex 23.4678 1.22989 15.75
    endloop
  endfacet
  facet normal 0.999657 0.0261796 -0
    outer loop
      vertex 23.5 0 14.74
      vertex 23.4914 0.328387 14.75
      vertex 23.5 0 15.75
    endloop
  endfacet
  facet normal 0.999657 0.0261796 0
    outer loop
      vertex 23.4914 0.328387 14.75
      vertex 23.5 0 14.74
      vertex 23.4914 0.328387 14.74
    endloop
  endfacet
  facet normal 0.99966 0.0260877 0
    outer loop
      vertex 23.4678 1.22989 14.74
      vertex 23.4758 0.923336 14.75
      vertex 23.4758 0.923336 14.74
    endloop
  endfacet
  facet normal -0.854955 -0.0672468 0.514325
    outer loop
      vertex 22.2095 1.16395 15.75
      vertex 22.1182 2.32471 15.75
      vertex 21.6703 1.13569 14.85
    endloop
  endfacet
  facet normal -0.854899 -0.0673303 0.514407
    outer loop
      vertex 21.6703 1.13569 14.85
      vertex 22.1182 2.32471 15.75
      vertex 21.5811 2.26827 14.85
    endloop
  endfacet
  facet normal 0.996934 0.0782418 0
    outer loop
      vertex 23.3713 2.45642 15.75
      vertex 23.3936 2.17228 14.75
      vertex 23.3713 2.45642 14.74
    endloop
  endfacet
  facet normal 0.996913 0.0785182 -7.9021e-05
    outer loop
      vertex 23.3713 2.45642 15.75
      vertex 23.4403 1.57935 14.75
      vertex 23.3936 2.17228 14.75
    endloop
  endfacet
  facet normal 0.996919 0.0784349 -5.43354e-06
    outer loop
      vertex 23.4678 1.22989 15.75
      vertex 23.4403 1.57935 14.75
      vertex 23.3713 2.45642 15.75
    endloop
  endfacet
  facet normal 0.996918 0.0784503 -0
    outer loop
      vertex 23.4678 1.22989 14.74
      vertex 23.4403 1.57935 14.75
      vertex 23.4678 1.22989 15.75
    endloop
  endfacet
  facet normal 0.996918 0.0784503 0
    outer loop
      vertex 23.4403 1.57935 14.75
      vertex 23.4678 1.22989 14.74
      vertex 23.4403 1.57935 14.74
    endloop
  endfacet
  facet normal 0.996934 0.0782418 0
    outer loop
      vertex 23.3713 2.45642 14.74
      vertex 23.3936 2.17228 14.75
      vertex 23.3936 2.17228 14.74
    endloop
  endfacet
  facet normal -0.850208 -0.111948 0.514406
    outer loop
      vertex 22.1182 2.32471 15.75
      vertex 21.9662 3.4791 15.75
      vertex 21.5811 2.26827 14.85
    endloop
  endfacet
  facet normal -0.850213 -0.111942 0.514399
    outer loop
      vertex 21.5811 2.26827 14.85
      vertex 21.9662 3.4791 15.75
      vertex 21.4328 3.39463 14.85
    endloop
  endfacet
  facet normal 0.991438 0.130577 0
    outer loop
      vertex 23.2107 3.67621 15.75
      vertex 23.2451 3.41502 14.75
      vertex 23.2107 3.67621 14.74
    endloop
  endfacet
  facet normal 0.991454 0.130455 3.26136e-05
    outer loop
      vertex 23.2107 3.67621 15.75
      vertex 23.3226 2.82602 14.75
      vertex 23.2451 3.41502 14.75
    endloop
  endfacet
  facet normal 0.991444 0.130535 -3.73993e-05
    outer loop
      vertex 23.3713 2.45642 15.75
      vertex 23.3226 2.82602 14.75
      vertex 23.2107 3.67621 15.75
    endloop
  endfacet
  facet normal 0.991431 0.130635 -0
    outer loop
      vertex 23.3713 2.45642 14.74
      vertex 23.3226 2.82602 14.75
      vertex 23.3713 2.45642 15.75
    endloop
  endfacet
  facet normal 0.991431 0.130635 0
    outer loop
      vertex 23.3226 2.82602 14.75
      vertex 23.3713 2.45642 14.74
      vertex 23.3226 2.82602 14.74
    endloop
  endfacet
  facet normal 0.991438 0.130577 0
    outer loop
      vertex 23.2107 3.67621 14.74
      vertex 23.2451 3.41502 14.75
      vertex 23.2451 3.41502 14.74
    endloop
  endfacet
  facet normal -0.843189 -0.156287 0.514399
    outer loop
      vertex 21.9662 3.4791 15.75
      vertex 21.754 4.62395 15.75
      vertex 21.4328 3.39463 14.85
    endloop
  endfacet
  facet normal -0.843215 -0.156256 0.514366
    outer loop
      vertex 21.4328 3.39463 14.85
      vertex 21.754 4.62395 15.75
      vertex 21.2258 4.51168 14.85
    endloop
  endfacet
  facet normal 0.983256 0.18223 0
    outer loop
      vertex 23.0306 4.64797 14.75
      vertex 22.9865 4.88592 14.85
      vertex 22.9865 4.88592 15.75
    endloop
  endfacet
  facet normal 0.983256 0.18223 0
    outer loop
      vertex 22.9865 4.88592 14.85
      vertex 23.0306 4.64797 14.75
      vertex 22.9865 4.88592 14.74
    endloop
  endfacet
  facet normal 0.983275 0.182129 2.49364e-05
    outer loop
      vertex 22.9865 4.88592 15.75
      vertex 23.1386 4.0649 14.75
      vertex 23.0306 4.64797 14.75
    endloop
  endfacet
  facet normal 0.983256 0.18223 -6.16048e-05
    outer loop
      vertex 23.2107 3.67621 15.75
      vertex 23.1386 4.0649 14.75
      vertex 22.9865 4.88592 15.75
    endloop
  endfacet
  facet normal 0.983227 0.182384 -0
    outer loop
      vertex 23.2107 3.67621 14.74
      vertex 23.1386 4.0649 14.75
      vertex 23.2107 3.67621 15.75
    endloop
  endfacet
  facet normal 0.983227 0.182384 0
    outer loop
      vertex 23.1386 4.0649 14.75
      vertex 23.2107 3.67621 14.74
      vertex 23.1386 4.0649 14.74
    endloop
  endfacet
  facet normal 0.983256 0.18223 0
    outer loop
      vertex 22.9865 4.88592 14.74
      vertex 23.0306 4.64797 14.75
      vertex 23.0306 4.64797 14.74
    endloop
  endfacet
  facet normal -0.207905 -0.978149 4.89075e-05
    outer loop
      vertex 21.8127 -4.63643 14.85
      vertex 22.3996 -4.76118 14.75
      vertex 22.9865 -4.88592 14.85
    endloop
  endfacet
  facet normal -0.207913 -0.978147 0
    outer loop
      vertex 21.8127 -4.63643 14.74
      vertex 22.3996 -4.76118 14.75
      vertex 21.8127 -4.63643 14.85
    endloop
  endfacet
  facet normal -0.207913 -0.978147 -0
    outer loop
      vertex 22.3996 -4.76118 14.75
      vertex 21.8127 -4.63643 14.74
      vertex 22.3996 -4.76118 14.74
    endloop
  endfacet
  facet normal -0.207927 -0.978144 0.000189074
    outer loop
      vertex 22.9786 -4.88426 14.75
      vertex 22.9865 -4.88592 14.85
      vertex 22.3996 -4.76118 14.75
    endloop
  endfacet
  facet normal -0.205636 -0.978629 0
    outer loop
      vertex 22.9865 -4.88592 14.74
      vertex 22.9786 -4.88426 14.75
      vertex 22.9786 -4.88426 14.74
    endloop
  endfacet
  facet normal -0.205636 -0.978629 0
    outer loop
      vertex 22.9786 -4.88426 14.75
      vertex 22.9865 -4.88592 14.74
      vertex 22.9865 -4.88592 14.85
    endloop
  endfacet
  facet normal -0.207927 0.978144 0.000189074
    outer loop
      vertex 22.3996 4.76118 14.75
      vertex 22.9865 4.88592 14.85
      vertex 22.9786 4.88426 14.75
    endloop
  endfacet
  facet normal -0.205636 0.978629 0
    outer loop
      vertex 22.9865 4.88592 14.74
      vertex 22.9786 4.88426 14.75
      vertex 22.9865 4.88592 14.85
    endloop
  endfacet
  facet normal -0.205636 0.978629 0
    outer loop
      vertex 22.9786 4.88426 14.75
      vertex 22.9865 4.88592 14.74
      vertex 22.9786 4.88426 14.74
    endloop
  endfacet
  facet normal -0.207905 0.978149 4.89075e-05
    outer loop
      vertex 22.9865 4.88592 14.85
      vertex 22.3996 4.76118 14.75
      vertex 21.8127 4.63643 14.85
    endloop
  endfacet
  facet normal -0.207913 0.978147 0
    outer loop
      vertex 21.8127 4.63643 14.74
      vertex 22.3996 4.76118 14.75
      vertex 22.3996 4.76118 14.74
    endloop
  endfacet
  facet normal -0.207913 0.978147 0
    outer loop
      vertex 22.3996 4.76118 14.75
      vertex 21.8127 4.63643 14.74
      vertex 21.8127 4.63643 14.85
    endloop
  endfacet
  facet normal 0 0 -1
    outer loop
      vertex 23.0306 -4.64797 14.74
      vertex 22.9865 -4.88592 14.74
      vertex 22.9786 -4.88426 14.74
    endloop
  endfacet
  facet normal 0 -0 -1
    outer loop
      vertex 22.9865 4.88592 14.74
      vertex 23.0306 4.64797 14.74
      vertex 22.9786 4.88426 14.74
    endloop
  endfacet
  facet normal 0 0 -1
    outer loop
      vertex 23.2451 -3.41502 14.74
      vertex 23.2107 -3.67621 14.74
      vertex 23.1386 -4.0649 14.74
    endloop
  endfacet
  facet normal 0 0 -1
    outer loop
      vertex 23.3936 -2.17228 14.74
      vertex 23.3713 -2.45642 14.74
      vertex 23.3226 -2.82602 14.74
    endloop
  endfacet
  facet normal 0 0 -1
    outer loop
      vertex 23.4758 -0.923336 14.74
      vertex 23.4678 -1.22989 14.74
      vertex 23.4403 -1.57935 14.74
    endloop
  endfacet
  facet normal 0 0 -1
    outer loop
      vertex 23.4914 0.328387 14.74
      vertex 23.5 0 14.74
      vertex 23.4914 -0.328387 14.74
    endloop
  endfacet
  facet normal -0 -0 -1
    outer loop
      vertex 23.4678 1.22989 14.74
      vertex 23.4758 0.923336 14.74
      vertex 23.4403 1.57935 14.74
    endloop
  endfacet
  facet normal -0 -0 -1
    outer loop
      vertex 23.3713 2.45642 14.74
      vertex 23.3936 2.17228 14.74
      vertex 23.3226 2.82602 14.74
    endloop
  endfacet
  facet normal -0 -0 -1
    outer loop
      vertex 23.2107 3.67621 14.74
      vertex 23.2451 3.41502 14.74
      vertex 23.1386 4.0649 14.74
    endloop
  endfacet
  facet normal 0.978149 -0.207907 0
    outer loop
      vertex 4.88592 22.9865 14.85
      vertex 4.88592 22.9865 15.75
      vertex 4.62395 21.754 15.75
    endloop
  endfacet
  facet normal 0.978149 -0.207907 -1.36417e-07
    outer loop
      vertex 4.88592 22.9865 14.85
      vertex 4.62395 21.754 15.75
      vertex 4.51168 21.2258 14.85
    endloop
  endfacet
  facet normal -0.978149 -0.207907 0
    outer loop
      vertex -4.62395 21.754 15.75
      vertex -4.88592 22.9865 15.75
      vertex -4.88592 22.9865 14.85
    endloop
  endfacet
  facet normal -0.978149 -0.207907 -1.36417e-07
    outer loop
      vertex -4.51168 21.2258 14.85
      vertex -4.62395 21.754 15.75
      vertex -4.88592 22.9865 14.85
    endloop
  endfacet
  facet normal -0.15629 -0.843209 0.514366
    outer loop
      vertex 4.51168 21.2258 14.85
      vertex 4.62395 21.754 15.75
      vertex 3.4791 21.9662 15.75
    endloop
  endfacet
  facet normal -0.156252 -0.843196 0.514399
    outer loop
      vertex 4.51168 21.2258 14.85
      vertex 3.4791 21.9662 15.75
      vertex 3.39463 21.4328 14.85
    endloop
  endfacet
  facet normal 0.18223 0.983256 -0
    outer loop
      vertex 4.88592 22.9865 14.74
      vertex 4.64797 23.0306 14.75
      vertex 4.88592 22.9865 14.85
    endloop
  endfacet
  facet normal 0.18223 0.983256 0
    outer loop
      vertex 4.64797 23.0306 14.75
      vertex 4.88592 22.9865 14.74
      vertex 4.64797 23.0306 14.74
    endloop
  endfacet
  facet normal 0.18223 0.983256 0
    outer loop
      vertex 4.64797 23.0306 14.75
      vertex 4.88592 22.9865 15.75
      vertex 4.88592 22.9865 14.85
    endloop
  endfacet
  facet normal 0.182129 0.983275 2.49364e-05
    outer loop
      vertex 4.0649 23.1386 14.75
      vertex 4.88592 22.9865 15.75
      vertex 4.64797 23.0306 14.75
    endloop
  endfacet
  facet normal 0.18223 0.983256 -6.16048e-05
    outer loop
      vertex 4.88592 22.9865 15.75
      vertex 4.0649 23.1386 14.75
      vertex 3.67621 23.2107 15.75
    endloop
  endfacet
  facet normal 0.182384 0.983227 0
    outer loop
      vertex 3.67621 23.2107 14.74
      vertex 4.0649 23.1386 14.75
      vertex 4.0649 23.1386 14.74
    endloop
  endfacet
  facet normal 0.182384 0.983227 0
    outer loop
      vertex 4.0649 23.1386 14.75
      vertex 3.67621 23.2107 14.74
      vertex 3.67621 23.2107 15.75
    endloop
  endfacet
  facet normal -0.111949 -0.850212 0.514399
    outer loop
      vertex 3.39463 21.4328 14.85
      vertex 3.4791 21.9662 15.75
      vertex 2.32471 22.1182 15.75
    endloop
  endfacet
  facet normal -0.111941 -0.850209 0.514406
    outer loop
      vertex 3.39463 21.4328 14.85
      vertex 2.32471 22.1182 15.75
      vertex 2.26827 21.5811 14.85
    endloop
  endfacet
  facet normal 0.130455 0.991454 3.26136e-05
    outer loop
      vertex 2.82602 23.3226 14.75
      vertex 3.67621 23.2107 15.75
      vertex 3.41502 23.2451 14.75
    endloop
  endfacet
  facet normal 0.130577 0.991438 -0
    outer loop
      vertex 3.67621 23.2107 14.74
      vertex 3.41502 23.2451 14.75
      vertex 3.67621 23.2107 15.75
    endloop
  endfacet
  facet normal 0.130577 0.991438 0
    outer loop
      vertex 3.41502 23.2451 14.75
      vertex 3.67621 23.2107 14.74
      vertex 3.41502 23.2451 14.74
    endloop
  endfacet
  facet normal 0.130535 0.991444 -3.73993e-05
    outer loop
      vertex 3.67621 23.2107 15.75
      vertex 2.82602 23.3226 14.75
      vertex 2.45642 23.3713 15.75
    endloop
  endfacet
  facet normal 0.130635 0.991431 0
    outer loop
      vertex 2.45642 23.3713 14.74
      vertex 2.82602 23.3226 14.75
      vertex 2.82602 23.3226 14.74
    endloop
  endfacet
  facet normal 0.130635 0.991431 0
    outer loop
      vertex 2.82602 23.3226 14.75
      vertex 2.45642 23.3713 14.74
      vertex 2.45642 23.3713 15.75
    endloop
  endfacet
  facet normal -0.067243 -0.854906 0.514406
    outer loop
      vertex 2.26827 21.5811 14.85
      vertex 2.32471 22.1182 15.75
      vertex 1.16395 22.2095 15.75
    endloop
  endfacet
  facet normal -0.0673343 -0.854949 0.514324
    outer loop
      vertex 2.26827 21.5811 14.85
      vertex 1.16395 22.2095 15.75
      vertex 1.13569 21.6703 14.85
    endloop
  endfacet
  facet normal 0.0785182 0.996913 -7.9021e-05
    outer loop
      vertex 1.57935 23.4403 14.75
      vertex 2.45642 23.3713 15.75
      vertex 2.17228 23.3936 14.75
    endloop
  endfacet
  facet normal 0.0782418 0.996934 -0
    outer loop
      vertex 2.45642 23.3713 14.74
      vertex 2.17228 23.3936 14.75
      vertex 2.45642 23.3713 15.75
    endloop
  endfacet
  facet normal 0.0782418 0.996934 0
    outer loop
      vertex 2.17228 23.3936 14.75
      vertex 2.45642 23.3713 14.74
      vertex 2.17228 23.3936 14.74
    endloop
  endfacet
  facet normal 0.0784349 0.996919 -5.43354e-06
    outer loop
      vertex 2.45642 23.3713 15.75
      vertex 1.57935 23.4403 14.75
      vertex 1.22989 23.4678 15.75
    endloop
  endfacet
  facet normal 0.0784503 0.996918 0
    outer loop
      vertex 1.22989 23.4678 14.74
      vertex 1.57935 23.4403 14.75
      vertex 1.57935 23.4403 14.74
    endloop
  endfacet
  facet normal 0.0784503 0.996918 0
    outer loop
      vertex 1.57935 23.4403 14.75
      vertex 1.22989 23.4678 14.74
      vertex 1.22989 23.4678 15.75
    endloop
  endfacet
  facet normal -0.0224646 -0.857302 0.514324
    outer loop
      vertex 1.13569 21.6703 14.85
      vertex 1.16395 22.2095 15.75
      vertex 0 22.24 15.75
    endloop
  endfacet
  facet normal -0.0224191 -0.857277 0.514366
    outer loop
      vertex 1.13569 21.6703 14.85
      vertex 0 22.24 15.75
      vertex 0 21.7 14.85
    endloop
  endfacet
  facet normal 0.0262117 0.999656 -3.80581e-05
    outer loop
      vertex 0.328387 23.4914 14.75
      vertex 1.22989 23.4678 15.75
      vertex 0.923336 23.4758 14.75
    endloop
  endfacet
  facet normal 0.0260877 0.99966 -0
    outer loop
      vertex 1.22989 23.4678 14.74
      vertex 0.923336 23.4758 14.75
      vertex 1.22989 23.4678 15.75
    endloop
  endfacet
  facet normal 0.0260877 0.99966 0
    outer loop
      vertex 0.923336 23.4758 14.75
      vertex 1.22989 23.4678 14.74
      vertex 0.923336 23.4758 14.74
    endloop
  endfacet
  facet normal 0.0261722 0.999657 -2.43239e-06
    outer loop
      vertex 1.22989 23.4678 15.75
      vertex 0.328387 23.4914 14.75
      vertex 0 23.5 15.75
    endloop
  endfacet
  facet normal 0.0261796 0.999657 0
    outer loop
      vertex 0 23.5 14.74
      vertex 0.328387 23.4914 14.75
      vertex 0.328387 23.4914 14.74
    endloop
  endfacet
  facet normal 0.0261796 0.999657 0
    outer loop
      vertex 0.328387 23.4914 14.75
      vertex 0 23.5 14.74
      vertex 0 23.5 15.75
    endloop
  endfacet
  facet normal 0.022464 -0.857277 0.514366
    outer loop
      vertex 0 21.7 14.85
      vertex 0 22.24 15.75
      vertex -1.16395 22.2095 15.75
    endloop
  endfacet
  facet normal 0.0224198 -0.857303 0.514324
    outer loop
      vertex -1.13569 21.6703 14.85
      vertex 0 21.7 14.85
      vertex -1.16395 22.2095 15.75
    endloop
  endfacet
  facet normal -0.0261722 0.999657 -2.43239e-06
    outer loop
      vertex 0 23.5 15.75
      vertex -0.328387 23.4914 14.75
      vertex -1.22989 23.4678 15.75
    endloop
  endfacet
  facet normal -0.0261796 0.999657 0
    outer loop
      vertex 0 23.5 14.74
      vertex -0.328387 23.4914 14.75
      vertex 0 23.5 15.75
    endloop
  endfacet
  facet normal -0.0261796 0.999657 0
    outer loop
      vertex -0.328387 23.4914 14.75
      vertex 0 23.5 14.74
      vertex -0.328387 23.4914 14.74
    endloop
  endfacet
  facet normal -0.0262117 0.999656 -3.80581e-05
    outer loop
      vertex -0.923336 23.4758 14.75
      vertex -1.22989 23.4678 15.75
      vertex -0.328387 23.4914 14.75
    endloop
  endfacet
  facet normal -0.0260877 0.99966 0
    outer loop
      vertex -1.22989 23.4678 14.74
      vertex -0.923336 23.4758 14.75
      vertex -0.923336 23.4758 14.74
    endloop
  endfacet
  facet normal -0.0260877 0.99966 0
    outer loop
      vertex -0.923336 23.4758 14.75
      vertex -1.22989 23.4678 14.74
      vertex -1.22989 23.4678 15.75
    endloop
  endfacet
  facet normal 0.0672468 -0.854955 0.514325
    outer loop
      vertex -1.13569 21.6703 14.85
      vertex -1.16395 22.2095 15.75
      vertex -2.32471 22.1182 15.75
    endloop
  endfacet
  facet normal 0.0673303 -0.854899 0.514407
    outer loop
      vertex -2.26827 21.5811 14.85
      vertex -1.13569 21.6703 14.85
      vertex -2.32471 22.1182 15.75
    endloop
  endfacet
  facet normal -0.0784349 0.996919 -5.43354e-06
    outer loop
      vertex -1.22989 23.4678 15.75
      vertex -1.57935 23.4403 14.75
      vertex -2.45642 23.3713 15.75
    endloop
  endfacet
  facet normal -0.0784503 0.996918 0
    outer loop
      vertex -1.22989 23.4678 14.74
      vertex -1.57935 23.4403 14.75
      vertex -1.22989 23.4678 15.75
    endloop
  endfacet
  facet normal -0.0784503 0.996918 0
    outer loop
      vertex -1.57935 23.4403 14.75
      vertex -1.22989 23.4678 14.74
      vertex -1.57935 23.4403 14.74
    endloop
  endfacet
  facet normal -0.0785182 0.996913 -7.9021e-05
    outer loop
      vertex -2.17228 23.3936 14.75
      vertex -2.45642 23.3713 15.75
      vertex -1.57935 23.4403 14.75
    endloop
  endfacet
  facet normal -0.0782418 0.996934 0
    outer loop
      vertex -2.45642 23.3713 14.74
      vertex -2.17228 23.3936 14.75
      vertex -2.17228 23.3936 14.74
    endloop
  endfacet
  facet normal -0.0782418 0.996934 0
    outer loop
      vertex -2.17228 23.3936 14.75
      vertex -2.45642 23.3713 14.74
      vertex -2.45642 23.3713 15.75
    endloop
  endfacet
  facet normal 0.111948 -0.850208 0.514406
    outer loop
      vertex -2.26827 21.5811 14.85
      vertex -2.32471 22.1182 15.75
      vertex -3.4791 21.9662 15.75
    endloop
  endfacet
  facet normal 0.111942 -0.850213 0.514399
    outer loop
      vertex -3.39463 21.4328 14.85
      vertex -2.26827 21.5811 14.85
      vertex -3.4791 21.9662 15.75
    endloop
  endfacet
  facet normal -0.130535 0.991444 -3.73993e-05
    outer loop
      vertex -2.45642 23.3713 15.75
      vertex -2.82602 23.3226 14.75
      vertex -3.67621 23.2107 15.75
    endloop
  endfacet
  facet normal -0.130635 0.991431 0
    outer loop
      vertex -2.45642 23.3713 14.74
      vertex -2.82602 23.3226 14.75
      vertex -2.45642 23.3713 15.75
    endloop
  endfacet
  facet normal -0.130635 0.991431 0
    outer loop
      vertex -2.82602 23.3226 14.75
      vertex -2.45642 23.3713 14.74
      vertex -2.82602 23.3226 14.74
    endloop
  endfacet
  facet normal -0.130455 0.991454 3.26136e-05
    outer loop
      vertex -3.41502 23.2451 14.75
      vertex -3.67621 23.2107 15.75
      vertex -2.82602 23.3226 14.75
    endloop
  endfacet
  facet normal -0.130577 0.991438 0
    outer loop
      vertex -3.67621 23.2107 14.74
      vertex -3.41502 23.2451 14.75
      vertex -3.41502 23.2451 14.74
    endloop
  endfacet
  facet normal -0.130577 0.991438 0
    outer loop
      vertex -3.41502 23.2451 14.75
      vertex -3.67621 23.2107 14.74
      vertex -3.67621 23.2107 15.75
    endloop
  endfacet
  facet normal 0 0 1
    outer loop
      vertex 4.51168 21.2258 14.85
      vertex 4.63643 21.8127 14.85
      vertex 4.88592 22.9865 14.85
    endloop
  endfacet
  facet normal 0 0 -1
    outer loop
      vertex 4.51168 21.2258 14.85
      vertex 3.48849 22.0254 14.85
      vertex 4.63643 21.8127 14.85
    endloop
  endfacet
  facet normal 0 0 -1
    outer loop
      vertex 3.39463 21.4328 14.85
      vertex 3.48849 22.0254 14.85
      vertex 4.51168 21.2258 14.85
    endloop
  endfacet
  facet normal 0 0 -1
    outer loop
      vertex 3.39463 21.4328 14.85
      vertex 2.33098 22.1778 14.85
      vertex 3.48849 22.0254 14.85
    endloop
  endfacet
  facet normal 0 0 -1
    outer loop
      vertex 2.26827 21.5811 14.85
      vertex 2.33098 22.1778 14.85
      vertex 3.39463 21.4328 14.85
    endloop
  endfacet
  facet normal 0 0 -1
    outer loop
      vertex 2.26827 21.5811 14.85
      vertex 1.16709 22.2694 14.85
      vertex 2.33098 22.1778 14.85
    endloop
  endfacet
  facet normal 0 0 -1
    outer loop
      vertex 1.13569 21.6703 14.85
      vertex 1.16709 22.2694 14.85
      vertex 2.26827 21.5811 14.85
    endloop
  endfacet
  facet normal 0 0 -1
    outer loop
      vertex 0 21.7 14.85
      vertex 1.16709 22.2694 14.85
      vertex 1.13569 21.6703 14.85
    endloop
  endfacet
  facet normal 0 0 -1
    outer loop
      vertex 0 21.7 14.85
      vertex 0 22.3 14.85
      vertex 1.16709 22.2694 14.85
    endloop
  endfacet
  facet normal 0 0 -1
    outer loop
      vertex -1.13569 21.6703 14.85
      vertex 0 22.3 14.85
      vertex 0 21.7 14.85
    endloop
  endfacet
  facet normal 0 0 -1
    outer loop
      vertex -1.13569 21.6703 14.85
      vertex -1.16709 22.2694 14.85
      vertex 0 22.3 14.85
    endloop
  endfacet
  facet normal 0 0 -1
    outer loop
      vertex -2.26827 21.5811 14.85
      vertex -1.16709 22.2694 14.85
      vertex -1.13569 21.6703 14.85
    endloop
  endfacet
  facet normal 0 0 -1
    outer loop
      vertex -2.26827 21.5811 14.85
      vertex -2.33098 22.1778 14.85
      vertex -1.16709 22.2694 14.85
    endloop
  endfacet
  facet normal 0 0 -1
    outer loop
      vertex -3.39463 21.4328 14.85
      vertex -2.33098 22.1778 14.85
      vertex -2.26827 21.5811 14.85
    endloop
  endfacet
  facet normal 0 0 -1
    outer loop
      vertex -3.39463 21.4328 14.85
      vertex -3.48849 22.0254 14.85
      vertex -2.33098 22.1778 14.85
    endloop
  endfacet
  facet normal 0 0 -1
    outer loop
      vertex -4.51168 21.2258 14.85
      vertex -3.48849 22.0254 14.85
      vertex -3.39463 21.4328 14.85
    endloop
  endfacet
  facet normal 0 0 -1
    outer loop
      vertex -4.51168 21.2258 14.85
      vertex -4.63643 21.8127 14.85
      vertex -3.48849 22.0254 14.85
    endloop
  endfacet
  facet normal -0 -0 1
    outer loop
      vertex -4.63643 21.8127 14.85
      vertex -4.51168 21.2258 14.85
      vertex -4.88592 22.9865 14.85
    endloop
  endfacet
  facet normal 0.156287 -0.843189 0.514399
    outer loop
      vertex -3.39463 21.4328 14.85
      vertex -3.4791 21.9662 15.75
      vertex -4.62395 21.754 15.75
    endloop
  endfacet
  facet normal 0.156256 -0.843215 0.514366
    outer loop
      vertex -4.51168 21.2258 14.85
      vertex -3.39463 21.4328 14.85
      vertex -4.62395 21.754 15.75
    endloop
  endfacet
  facet normal 0 0 1
    outer loop
      vertex 3.67621 23.2107 15.75
      vertex 4.62395 21.754 15.75
      vertex 4.88592 22.9865 15.75
    endloop
  endfacet
  facet normal 0 0 1
    outer loop
      vertex 3.67621 23.2107 15.75
      vertex 3.4791 21.9662 15.75
      vertex 4.62395 21.754 15.75
    endloop
  endfacet
  facet normal 0 0 1
    outer loop
      vertex 2.45642 23.3713 15.75
      vertex 3.4791 21.9662 15.75
      vertex 3.67621 23.2107 15.75
    endloop
  endfacet
  facet normal 0 0 1
    outer loop
      vertex 2.45642 23.3713 15.75
      vertex 2.32471 22.1182 15.75
      vertex 3.4791 21.9662 15.75
    endloop
  endfacet
  facet normal 0 0 1
    outer loop
      vertex 1.22989 23.4678 15.75
      vertex 2.32471 22.1182 15.75
      vertex 2.45642 23.3713 15.75
    endloop
  endfacet
  facet normal 0 0 1
    outer loop
      vertex 1.22989 23.4678 15.75
      vertex 1.16395 22.2095 15.75
      vertex 2.32471 22.1182 15.75
    endloop
  endfacet
  facet normal 0 0 1
    outer loop
      vertex 0 23.5 15.75
      vertex 1.16395 22.2095 15.75
      vertex 1.22989 23.4678 15.75
    endloop
  endfacet
  facet normal 0 0 1
    outer loop
      vertex 0 23.5 15.75
      vertex 0 22.24 15.75
      vertex 1.16395 22.2095 15.75
    endloop
  endfacet
  facet normal 0 0 1
    outer loop
      vertex 0 23.5 15.75
      vertex -1.16395 22.2095 15.75
      vertex 0 22.24 15.75
    endloop
  endfacet
  facet normal -0 0 1
    outer loop
      vertex -1.22989 23.4678 15.75
      vertex -1.16395 22.2095 15.75
      vertex 0 23.5 15.75
    endloop
  endfacet
  facet normal 0 0 1
    outer loop
      vertex -1.22989 23.4678 15.75
      vertex -2.32471 22.1182 15.75
      vertex -1.16395 22.2095 15.75
    endloop
  endfacet
  facet normal -0 0 1
    outer loop
      vertex -2.45642 23.3713 15.75
      vertex -2.32471 22.1182 15.75
      vertex -1.22989 23.4678 15.75
    endloop
  endfacet
  facet normal 0 0 1
    outer loop
      vertex -2.45642 23.3713 15.75
      vertex -3.4791 21.9662 15.75
      vertex -2.32471 22.1182 15.75
    endloop
  endfacet
  facet normal -0 0 1
    outer loop
      vertex -3.67621 23.2107 15.75
      vertex -3.4791 21.9662 15.75
      vertex -2.45642 23.3713 15.75
    endloop
  endfacet
  facet normal 0 0 1
    outer loop
      vertex -3.67621 23.2107 15.75
      vertex -4.62395 21.754 15.75
      vertex -3.4791 21.9662 15.75
    endloop
  endfacet
  facet normal 0 -0 1
    outer loop
      vertex -4.62395 21.754 15.75
      vertex -3.67621 23.2107 15.75
      vertex -4.88592 22.9865 15.75
    endloop
  endfacet
  facet normal -0.18223 0.983256 -6.16048e-05
    outer loop
      vertex -4.0649 23.1386 14.75
      vertex -4.88592 22.9865 15.75
      vertex -3.67621 23.2107 15.75
    endloop
  endfacet
  facet normal -0.182129 0.983275 2.49364e-05
    outer loop
      vertex -4.88592 22.9865 15.75
      vertex -4.0649 23.1386 14.75
      vertex -4.64797 23.0306 14.75
    endloop
  endfacet
  facet normal -0.182384 0.983227 0
    outer loop
      vertex -3.67621 23.2107 14.74
      vertex -4.0649 23.1386 14.75
      vertex -3.67621 23.2107 15.75
    endloop
  endfacet
  facet normal -0.182384 0.983227 0
    outer loop
      vertex -4.0649 23.1386 14.75
      vertex -3.67621 23.2107 14.74
      vertex -4.0649 23.1386 14.74
    endloop
  endfacet
  facet normal -0.18223 0.983256 0
    outer loop
      vertex -4.88592 22.9865 15.75
      vertex -4.64797 23.0306 14.75
      vertex -4.88592 22.9865 14.85
    endloop
  endfacet
  facet normal -0.18223 0.983256 0
    outer loop
      vertex -4.88592 22.9865 14.74
      vertex -4.64797 23.0306 14.75
      vertex -4.64797 23.0306 14.74
    endloop
  endfacet
  facet normal -0.18223 0.983256 0
    outer loop
      vertex -4.64797 23.0306 14.75
      vertex -4.88592 22.9865 14.74
      vertex -4.88592 22.9865 14.85
    endloop
  endfacet
  facet normal 0.978629 -0.205636 0
    outer loop
      vertex 4.88592 22.9865 14.85
      vertex 4.88426 22.9786 14.75
      vertex 4.88592 22.9865 14.74
    endloop
  endfacet
  facet normal 0.978144 -0.207927 0.000189074
    outer loop
      vertex 4.88592 22.9865 14.85
      vertex 4.76118 22.3996 14.75
      vertex 4.88426 22.9786 14.75
    endloop
  endfacet
  facet normal 0.978149 -0.207905 4.89075e-05
    outer loop
      vertex 4.63643 21.8127 14.85
      vertex 4.76118 22.3996 14.75
      vertex 4.88592 22.9865 14.85
    endloop
  endfacet
  facet normal 0.978147 -0.207913 0
    outer loop
      vertex 4.63643 21.8127 14.74
      vertex 4.76118 22.3996 14.75
      vertex 4.63643 21.8127 14.85
    endloop
  endfacet
  facet normal 0.978147 -0.207913 0
    outer loop
      vertex 4.76118 22.3996 14.75
      vertex 4.63643 21.8127 14.74
      vertex 4.76118 22.3996 14.74
    endloop
  endfacet
  facet normal 0.978629 -0.205636 0
    outer loop
      vertex 4.88592 22.9865 14.74
      vertex 4.88426 22.9786 14.75
      vertex 4.88426 22.9786 14.74
    endloop
  endfacet
  facet normal -0.978147 -0.207913 0
    outer loop
      vertex -4.76118 22.3996 14.74
      vertex -4.63643 21.8127 14.74
      vertex -4.76118 22.3996 14.75
    endloop
  endfacet
  facet normal -0.978629 -0.205636 -0
    outer loop
      vertex -4.88426 22.9786 14.75
      vertex -4.88592 22.9865 14.74
      vertex -4.88426 22.9786 14.74
    endloop
  endfacet
  facet normal -0.978629 -0.205636 0
    outer loop
      vertex -4.88592 22.9865 14.74
      vertex -4.88426 22.9786 14.75
      vertex -4.88592 22.9865 14.85
    endloop
  endfacet
  facet normal -0.978144 -0.207927 0.000189074
    outer loop
      vertex -4.76118 22.3996 14.75
      vertex -4.88592 22.9865 14.85
      vertex -4.88426 22.9786 14.75
    endloop
  endfacet
  facet normal -0.978147 -0.207913 -0
    outer loop
      vertex -4.63643 21.8127 14.85
      vertex -4.76118 22.3996 14.75
      vertex -4.63643 21.8127 14.74
    endloop
  endfacet
  facet normal -0.978149 -0.207905 4.89075e-05
    outer loop
      vertex -4.76118 22.3996 14.75
      vertex -4.63643 21.8127 14.85
      vertex -4.88592 22.9865 14.85
    endloop
  endfacet
  facet normal -0 0 -1
    outer loop
      vertex 4.88592 22.9865 14.74
      vertex 4.88426 22.9786 14.74
      vertex 4.64797 23.0306 14.74
    endloop
  endfacet
  facet normal 0 0 -1
    outer loop
      vertex -4.64797 23.0306 14.74
      vertex -4.88426 22.9786 14.74
      vertex -4.88592 22.9865 14.74
    endloop
  endfacet
  facet normal -0 -0 -1
    outer loop
      vertex 3.67621 23.2107 14.74
      vertex 4.0649 23.1386 14.74
      vertex 3.41502 23.2451 14.74
    endloop
  endfacet
  facet normal -0 -0 -1
    outer loop
      vertex 2.45642 23.3713 14.74
      vertex 2.82602 23.3226 14.74
      vertex 2.17228 23.3936 14.74
    endloop
  endfacet
  facet normal -0 -0 -1
    outer loop
      vertex 1.22989 23.4678 14.74
      vertex 1.57935 23.4403 14.74
      vertex 0.923336 23.4758 14.74
    endloop
  endfacet
  facet normal 0 -0 -1
    outer loop
      vertex 0 23.5 14.74
      vertex 0.328387 23.4914 14.74
      vertex -0.328387 23.4914 14.74
    endloop
  endfacet
  facet normal 0 -0 -1
    outer loop
      vertex -1.22989 23.4678 14.74
      vertex -0.923336 23.4758 14.74
      vertex -1.57935 23.4403 14.74
    endloop
  endfacet
  facet normal 0 -0 -1
    outer loop
      vertex -2.45642 23.3713 14.74
      vertex -2.17228 23.3936 14.74
      vertex -2.82602 23.3226 14.74
    endloop
  endfacet
  facet normal 0 -0 -1
    outer loop
      vertex -3.67621 23.2107 14.74
      vertex -3.41502 23.2451 14.74
      vertex -4.0649 23.1386 14.74
    endloop
  endfacet
  facet normal 0.207907 0.978149 0
    outer loop
      vertex -22.9865 4.88592 15.75
      vertex -21.754 4.62395 15.75
      vertex -22.9865 4.88592 14.85
    endloop
  endfacet
  facet normal 0.207907 0.978149 -1.36417e-07
    outer loop
      vertex -21.754 4.62395 15.75
      vertex -21.2258 4.51168 14.85
      vertex -22.9865 4.88592 14.85
    endloop
  endfacet
  facet normal 0.207907 -0.978149 0
    outer loop
      vertex -21.754 -4.62395 15.75
      vertex -22.9865 -4.88592 15.75
      vertex -22.9865 -4.88592 14.85
    endloop
  endfacet
  facet normal 0.207907 -0.978149 -1.36417e-07
    outer loop
      vertex -21.2258 -4.51168 14.85
      vertex -21.754 -4.62395 15.75
      vertex -22.9865 -4.88592 14.85
    endloop
  endfacet
  facet normal 0.843209 -0.15629 0.514366
    outer loop
      vertex -21.2258 4.51168 14.85
      vertex -21.754 4.62395 15.75
      vertex -21.9662 3.4791 15.75
    endloop
  endfacet
  facet normal 0.843196 -0.156252 0.514399
    outer loop
      vertex -21.4328 3.39463 14.85
      vertex -21.2258 4.51168 14.85
      vertex -21.9662 3.4791 15.75
    endloop
  endfacet
  facet normal -0.983227 0.182384 0
    outer loop
      vertex -23.1386 4.0649 14.74
      vertex -23.2107 3.67621 14.74
      vertex -23.1386 4.0649 14.75
    endloop
  endfacet
  facet normal -0.983256 0.18223 0
    outer loop
      vertex -23.0306 4.64797 14.75
      vertex -22.9865 4.88592 14.85
      vertex -22.9865 4.88592 14.74
    endloop
  endfacet
  facet normal -0.983256 0.18223 0
    outer loop
      vertex -23.0306 4.64797 14.75
      vertex -22.9865 4.88592 14.74
      vertex -23.0306 4.64797 14.74
    endloop
  endfacet
  facet normal -0.983256 0.18223 0
    outer loop
      vertex -22.9865 4.88592 14.85
      vertex -23.0306 4.64797 14.75
      vertex -22.9865 4.88592 15.75
    endloop
  endfacet
  facet normal -0.983275 0.182129 2.49364e-05
    outer loop
      vertex -23.1386 4.0649 14.75
      vertex -22.9865 4.88592 15.75
      vertex -23.0306 4.64797 14.75
    endloop
  endfacet
  facet normal -0.983227 0.182384 0
    outer loop
      vertex -23.2107 3.67621 15.75
      vertex -23.1386 4.0649 14.75
      vertex -23.2107 3.67621 14.74
    endloop
  endfacet
  facet normal -0.983256 0.18223 -6.16048e-05
    outer loop
      vertex -23.1386 4.0649 14.75
      vertex -23.2107 3.67621 15.75
      vertex -22.9865 4.88592 15.75
    endloop
  endfacet
  facet normal 0.850212 -0.111949 0.514399
    outer loop
      vertex -21.4328 3.39463 14.85
      vertex -21.9662 3.4791 15.75
      vertex -22.1182 2.32471 15.75
    endloop
  endfacet
  facet normal 0.850209 -0.111941 0.514406
    outer loop
      vertex -21.5811 2.26827 14.85
      vertex -21.4328 3.39463 14.85
      vertex -22.1182 2.32471 15.75
    endloop
  endfacet
  facet normal -0.991431 0.130635 0
    outer loop
      vertex -23.3226 2.82602 14.74
      vertex -23.3713 2.45642 14.74
      vertex -23.3226 2.82602 14.75
    endloop
  endfacet
  facet normal -0.991438 0.130577 0
    outer loop
      vertex -23.2451 3.41502 14.75
      vertex -23.2107 3.67621 14.74
      vertex -23.2451 3.41502 14.74
    endloop
  endfacet
  facet normal -0.991438 0.130577 0
    outer loop
      vertex -23.2107 3.67621 14.74
      vertex -23.2451 3.41502 14.75
      vertex -23.2107 3.67621 15.75
    endloop
  endfacet
  facet normal -0.991454 0.130455 3.26136e-05
    outer loop
      vertex -23.3226 2.82602 14.75
      vertex -23.2107 3.67621 15.75
      vertex -23.2451 3.41502 14.75
    endloop
  endfacet
  facet normal -0.991431 0.130635 0
    outer loop
      vertex -23.3713 2.45642 15.75
      vertex -23.3226 2.82602 14.75
      vertex -23.3713 2.45642 14.74
    endloop
  endfacet
  facet normal -0.991444 0.130535 -3.73993e-05
    outer loop
      vertex -23.3226 2.82602 14.75
      vertex -23.3713 2.45642 15.75
      vertex -23.2107 3.67621 15.75
    endloop
  endfacet
  facet normal 0.854906 -0.067243 0.514406
    outer loop
      vertex -21.5811 2.26827 14.85
      vertex -22.1182 2.32471 15.75
      vertex -22.2095 1.16395 15.75
    endloop
  endfacet
  facet normal 0.854949 -0.0673343 0.514324
    outer loop
      vertex -21.6703 1.13569 14.85
      vertex -21.5811 2.26827 14.85
      vertex -22.2095 1.16395 15.75
    endloop
  endfacet
  facet normal -0.996918 0.0784503 0
    outer loop
      vertex -23.4403 1.57935 14.74
      vertex -23.4678 1.22989 14.74
      vertex -23.4403 1.57935 14.75
    endloop
  endfacet
  facet normal -0.996934 0.0782418 0
    outer loop
      vertex -23.3936 2.17228 14.75
      vertex -23.3713 2.45642 14.74
      vertex -23.3936 2.17228 14.74
    endloop
  endfacet
  facet normal -0.996934 0.0782418 0
    outer loop
      vertex -23.3713 2.45642 14.74
      vertex -23.3936 2.17228 14.75
      vertex -23.3713 2.45642 15.75
    endloop
  endfacet
  facet normal -0.996913 0.0785182 -7.9021e-05
    outer loop
      vertex -23.4403 1.57935 14.75
      vertex -23.3713 2.45642 15.75
      vertex -23.3936 2.17228 14.75
    endloop
  endfacet
  facet normal -0.996918 0.0784503 0
    outer loop
      vertex -23.4678 1.22989 15.75
      vertex -23.4403 1.57935 14.75
      vertex -23.4678 1.22989 14.74
    endloop
  endfacet
  facet normal -0.996919 0.0784349 -5.43354e-06
    outer loop
      vertex -23.4403 1.57935 14.75
      vertex -23.4678 1.22989 15.75
      vertex -23.3713 2.45642 15.75
    endloop
  endfacet
  facet normal 0 0 -1
    outer loop
      vertex -22.2694 -1.16709 14.85
      vertex -21.6703 -1.13569 14.85
      vertex -22.1778 -2.33098 14.85
    endloop
  endfacet
  facet normal 0 0 -1
    outer loop
      vertex -21.7 0 14.85
      vertex -22.0254 3.48849 14.85
      vertex -21.8127 4.63643 14.85
    endloop
  endfacet
  facet normal -0 0 -1
    outer loop
      vertex -21.6703 -1.13569 14.85
      vertex -22.2694 -1.16709 14.85
      vertex -21.7 0 14.85
    endloop
  endfacet
  facet normal 0 0 -1
    outer loop
      vertex -21.7 0 14.85
      vertex -22.1778 2.33098 14.85
      vertex -22.0254 3.48849 14.85
    endloop
  endfacet
  facet normal 0 0 -1
    outer loop
      vertex -22.3 0 14.85
      vertex -21.7 0 14.85
      vertex -22.2694 -1.16709 14.85
    endloop
  endfacet
  facet normal 0 0 -1
    outer loop
      vertex -21.7 0 14.85
      vertex -22.2694 1.16709 14.85
      vertex -22.1778 2.33098 14.85
    endloop
  endfacet
  facet normal 0 0 -1
    outer loop
      vertex -21.7 0 14.85
      vertex -22.3 0 14.85
      vertex -22.2694 1.16709 14.85
    endloop
  endfacet
  facet normal 0 0 -1
    outer loop
      vertex -22.1778 -2.33098 14.85
      vertex -21.5811 -2.26827 14.85
      vertex -22.0254 -3.48849 14.85
    endloop
  endfacet
  facet normal -0 0 -1
    outer loop
      vertex -21.4328 -3.39463 14.85
      vertex -22.0254 -3.48849 14.85
      vertex -21.5811 -2.26827 14.85
    endloop
  endfacet
  facet normal 0 0 -1
    outer loop
      vertex -22.0254 -3.48849 14.85
      vertex -21.4328 -3.39463 14.85
      vertex -21.8127 -4.63643 14.85
    endloop
  endfacet
  facet normal -0 0 -1
    outer loop
      vertex -21.2258 -4.51168 14.85
      vertex -21.8127 -4.63643 14.85
      vertex -21.4328 -3.39463 14.85
    endloop
  endfacet
  facet normal 0 -0 1
    outer loop
      vertex -21.8127 -4.63643 14.85
      vertex -21.2258 -4.51168 14.85
      vertex -22.9865 -4.88592 14.85
    endloop
  endfacet
  facet normal -0 0 -1
    outer loop
      vertex -21.5811 -2.26827 14.85
      vertex -22.1778 -2.33098 14.85
      vertex -21.6703 -1.13569 14.85
    endloop
  endfacet
  facet normal 0 0 -1
    outer loop
      vertex -21.8127 4.63643 14.85
      vertex -21.6703 1.13569 14.85
      vertex -21.7 0 14.85
    endloop
  endfacet
  facet normal 0 0 -1
    outer loop
      vertex -21.8127 4.63643 14.85
      vertex -21.5811 2.26827 14.85
      vertex -21.6703 1.13569 14.85
    endloop
  endfacet
  facet normal 0 0 -1
    outer loop
      vertex -21.8127 4.63643 14.85
      vertex -21.4328 3.39463 14.85
      vertex -21.5811 2.26827 14.85
    endloop
  endfacet
  facet normal 0 0 -1
    outer loop
      vertex -21.8127 4.63643 14.85
      vertex -21.2258 4.51168 14.85
      vertex -21.4328 3.39463 14.85
    endloop
  endfacet
  facet normal 0 0 1
    outer loop
      vertex -21.2258 4.51168 14.85
      vertex -21.8127 4.63643 14.85
      vertex -22.9865 4.88592 14.85
    endloop
  endfacet
  facet normal 0.857302 -0.0224646 0.514324
    outer loop
      vertex -21.6703 1.13569 14.85
      vertex -22.2095 1.16395 15.75
      vertex -22.24 0 15.75
    endloop
  endfacet
  facet normal 0.857277 -0.0224191 0.514366
    outer loop
      vertex -21.7 0 14.85
      vertex -21.6703 1.13569 14.85
      vertex -22.24 0 15.75
    endloop
  endfacet
  facet normal -0.999657 0.0261796 0
    outer loop
      vertex -23.4914 0.328387 14.74
      vertex -23.5 0 14.74
      vertex -23.4914 0.328387 14.75
    endloop
  endfacet
  facet normal -0.99966 0.0260877 0
    outer loop
      vertex -23.4758 0.923336 14.75
      vertex -23.4678 1.22989 14.74
      vertex -23.4758 0.923336 14.74
    endloop
  endfacet
  facet normal -0.99966 0.0260877 0
    outer loop
      vertex -23.4678 1.22989 14.74
      vertex -23.4758 0.923336 14.75
      vertex -23.4678 1.22989 15.75
    endloop
  endfacet
  facet normal -0.999656 0.0262117 -3.80581e-05
    outer loop
      vertex -23.4914 0.328387 14.75
      vertex -23.4678 1.22989 15.75
      vertex -23.4758 0.923336 14.75
    endloop
  endfacet
  facet normal -0.999657 0.0261796 0
    outer loop
      vertex -23.5 0 15.75
      vertex -23.4914 0.328387 14.75
      vertex -23.5 0 14.74
    endloop
  endfacet
  facet normal -0.999657 0.0261722 -2.43239e-06
    outer loop
      vertex -23.4914 0.328387 14.75
      vertex -23.5 0 15.75
      vertex -23.4678 1.22989 15.75
    endloop
  endfacet
  facet normal 0.857277 0.022464 0.514366
    outer loop
      vertex -22.2095 -1.16395 15.75
      vertex -21.7 0 14.85
      vertex -22.24 0 15.75
    endloop
  endfacet
  facet normal 0.857303 0.0224198 0.514324
    outer loop
      vertex -21.6703 -1.13569 14.85
      vertex -21.7 0 14.85
      vertex -22.2095 -1.16395 15.75
    endloop
  endfacet
  facet normal -0 0 1
    outer loop
      vertex -23.3713 2.45642 15.75
      vertex -22.1182 2.32471 15.75
      vertex -23.2107 3.67621 15.75
    endloop
  endfacet
  facet normal 0 0 1
    outer loop
      vertex -21.9662 3.4791 15.75
      vertex -23.2107 3.67621 15.75
      vertex -22.1182 2.32471 15.75
    endloop
  endfacet
  facet normal -0 0 1
    outer loop
      vertex -23.2107 3.67621 15.75
      vertex -21.9662 3.4791 15.75
      vertex -22.9865 4.88592 15.75
    endloop
  endfacet
  facet normal 0 0 1
    outer loop
      vertex -22.9865 4.88592 15.75
      vertex -21.9662 3.4791 15.75
      vertex -21.754 4.62395 15.75
    endloop
  endfacet
  facet normal 0 0 1
    outer loop
      vertex -22.1182 2.32471 15.75
      vertex -23.3713 2.45642 15.75
      vertex -22.2095 1.16395 15.75
    endloop
  endfacet
  facet normal -0 0 1
    outer loop
      vertex -23.4678 1.22989 15.75
      vertex -22.2095 1.16395 15.75
      vertex -23.3713 2.45642 15.75
    endloop
  endfacet
  facet normal 0 0 1
    outer loop
      vertex -21.9662 -3.4791 15.75
      vertex -22.9865 -4.88592 15.75
      vertex -21.754 -4.62395 15.75
    endloop
  endfacet
  facet normal 0 0 1
    outer loop
      vertex -23.2107 -3.67621 15.75
      vertex -21.9662 -3.4791 15.75
      vertex -22.1182 -2.32471 15.75
    endloop
  endfacet
  facet normal 0 0 1
    outer loop
      vertex -22.2095 1.16395 15.75
      vertex -23.4678 1.22989 15.75
      vertex -22.24 0 15.75
    endloop
  endfacet
  facet normal 0 0 1
    outer loop
      vertex -23.5 0 15.75
      vertex -22.24 0 15.75
      vertex -23.4678 1.22989 15.75
    endloop
  endfacet
  facet normal 0 0 1
    outer loop
      vertex -21.9662 -3.4791 15.75
      vertex -23.2107 -3.67621 15.75
      vertex -22.9865 -4.88592 15.75
    endloop
  endfacet
  facet normal 0 0 1
    outer loop
      vertex -22.24 0 15.75
      vertex -23.5 0 15.75
      vertex -22.2095 -1.16395 15.75
    endloop
  endfacet
  facet normal 0 0 1
    outer loop
      vertex -22.1182 -2.32471 15.75
      vertex -23.3713 -2.45642 15.75
      vertex -23.2107 -3.67621 15.75
    endloop
  endfacet
  facet normal 0 -0 1
    outer loop
      vertex -23.4678 -1.22989 15.75
      vertex -22.2095 -1.16395 15.75
      vertex -23.5 0 15.75
    endloop
  endfacet
  facet normal 0 0 1
    outer loop
      vertex -22.1182 -2.32471 15.75
      vertex -23.4678 -1.22989 15.75
      vertex -23.3713 -2.45642 15.75
    endloop
  endfacet
  facet normal 0 0 1
    outer loop
      vertex -22.2095 -1.16395 15.75
      vertex -23.4678 -1.22989 15.75
      vertex -22.1182 -2.32471 15.75
    endloop
  endfacet
  facet normal -0.99966 -0.0260877 0
    outer loop
      vertex -23.4758 -0.923336 14.74
      vertex -23.4678 -1.22989 14.74
      vertex -23.4758 -0.923336 14.75
    endloop
  endfacet
  facet normal -0.999657 -0.0261796 -0
    outer loop
      vertex -23.4914 -0.328387 14.75
      vertex -23.5 0 14.74
      vertex -23.4914 -0.328387 14.74
    endloop
  endfacet
  facet normal -0.999657 -0.0261796 0
    outer loop
      vertex -23.5 0 14.74
      vertex -23.4914 -0.328387 14.75
      vertex -23.5 0 15.75
    endloop
  endfacet
  facet normal -0.999656 -0.0262117 -3.80581e-05
    outer loop
      vertex -23.4678 -1.22989 15.75
      vertex -23.4914 -0.328387 14.75
      vertex -23.4758 -0.923336 14.75
    endloop
  endfacet
  facet normal -0.99966 -0.0260877 -0
    outer loop
      vertex -23.4678 -1.22989 15.75
      vertex -23.4758 -0.923336 14.75
      vertex -23.4678 -1.22989 14.74
    endloop
  endfacet
  facet normal -0.999657 -0.0261722 -2.43239e-06
    outer loop
      vertex -23.4914 -0.328387 14.75
      vertex -23.4678 -1.22989 15.75
      vertex -23.5 0 15.75
    endloop
  endfacet
  facet normal 0.854955 0.0672468 0.514325
    outer loop
      vertex -22.1182 -2.32471 15.75
      vertex -21.6703 -1.13569 14.85
      vertex -22.2095 -1.16395 15.75
    endloop
  endfacet
  facet normal 0.854899 0.0673303 0.514407
    outer loop
      vertex -21.5811 -2.26827 14.85
      vertex -21.6703 -1.13569 14.85
      vertex -22.1182 -2.32471 15.75
    endloop
  endfacet
  facet normal -0.996934 -0.0782418 0
    outer loop
      vertex -23.3936 -2.17228 14.74
      vertex -23.3713 -2.45642 14.74
      vertex -23.3936 -2.17228 14.75
    endloop
  endfacet
  facet normal -0.996918 -0.0784503 -0
    outer loop
      vertex -23.4403 -1.57935 14.75
      vertex -23.4678 -1.22989 14.74
      vertex -23.4403 -1.57935 14.74
    endloop
  endfacet
  facet normal -0.996918 -0.0784503 0
    outer loop
      vertex -23.4678 -1.22989 14.74
      vertex -23.4403 -1.57935 14.75
      vertex -23.4678 -1.22989 15.75
    endloop
  endfacet
  facet normal -0.996913 -0.0785182 -7.9021e-05
    outer loop
      vertex -23.3713 -2.45642 15.75
      vertex -23.4403 -1.57935 14.75
      vertex -23.3936 -2.17228 14.75
    endloop
  endfacet
  facet normal -0.996934 -0.0782418 -0
    outer loop
      vertex -23.3713 -2.45642 15.75
      vertex -23.3936 -2.17228 14.75
      vertex -23.3713 -2.45642 14.74
    endloop
  endfacet
  facet normal -0.996919 -0.0784349 -5.43354e-06
    outer loop
      vertex -23.4403 -1.57935 14.75
      vertex -23.3713 -2.45642 15.75
      vertex -23.4678 -1.22989 15.75
    endloop
  endfacet
  facet normal 0.850208 0.111948 0.514406
    outer loop
      vertex -21.9662 -3.4791 15.75
      vertex -21.5811 -2.26827 14.85
      vertex -22.1182 -2.32471 15.75
    endloop
  endfacet
  facet normal 0.850213 0.111942 0.514399
    outer loop
      vertex -21.4328 -3.39463 14.85
      vertex -21.5811 -2.26827 14.85
      vertex -21.9662 -3.4791 15.75
    endloop
  endfacet
  facet normal -0.991438 -0.130577 0
    outer loop
      vertex -23.2451 -3.41502 14.74
      vertex -23.2107 -3.67621 14.74
      vertex -23.2451 -3.41502 14.75
    endloop
  endfacet
  facet normal -0.991431 -0.130635 -0
    outer loop
      vertex -23.3226 -2.82602 14.75
      vertex -23.3713 -2.45642 14.74
      vertex -23.3226 -2.82602 14.74
    endloop
  endfacet
  facet normal -0.991431 -0.130635 0
    outer loop
      vertex -23.3713 -2.45642 14.74
      vertex -23.3226 -2.82602 14.75
      vertex -23.3713 -2.45642 15.75
    endloop
  endfacet
  facet normal -0.991454 -0.130455 3.26136e-05
    outer loop
      vertex -23.2107 -3.67621 15.75
      vertex -23.3226 -2.82602 14.75
      vertex -23.2451 -3.41502 14.75
    endloop
  endfacet
  facet normal -0.991438 -0.130577 -0
    outer loop
      vertex -23.2107 -3.67621 15.75
      vertex -23.2451 -3.41502 14.75
      vertex -23.2107 -3.67621 14.74
    endloop
  endfacet
  facet normal -0.991444 -0.130535 -3.73993e-05
    outer loop
      vertex -23.3226 -2.82602 14.75
      vertex -23.2107 -3.67621 15.75
      vertex -23.3713 -2.45642 15.75
    endloop
  endfacet
  facet normal 0.843189 0.156287 0.514399
    outer loop
      vertex -21.754 -4.62395 15.75
      vertex -21.4328 -3.39463 14.85
      vertex -21.9662 -3.4791 15.75
    endloop
  endfacet
  facet normal 0.843215 0.156256 0.514366
    outer loop
      vertex -21.2258 -4.51168 14.85
      vertex -21.4328 -3.39463 14.85
      vertex -21.754 -4.62395 15.75
    endloop
  endfacet
  facet normal -0.983256 -0.18223 0
    outer loop
      vertex -23.0306 -4.64797 14.74
      vertex -22.9865 -4.88592 14.74
      vertex -23.0306 -4.64797 14.75
    endloop
  endfacet
  facet normal -0.983227 -0.182384 -0
    outer loop
      vertex -23.1386 -4.0649 14.75
      vertex -23.2107 -3.67621 14.74
      vertex -23.1386 -4.0649 14.74
    endloop
  endfacet
  facet normal -0.983227 -0.182384 0
    outer loop
      vertex -23.2107 -3.67621 14.74
      vertex -23.1386 -4.0649 14.75
      vertex -23.2107 -3.67621 15.75
    endloop
  endfacet
  facet normal -0.983275 -0.182129 2.49364e-05
    outer loop
      vertex -22.9865 -4.88592 15.75
      vertex -23.1386 -4.0649 14.75
      vertex -23.0306 -4.64797 14.75
    endloop
  endfacet
  facet normal -0.983256 -0.18223 -0
    outer loop
      vertex -22.9865 -4.88592 14.85
      vertex -23.0306 -4.64797 14.75
      vertex -22.9865 -4.88592 14.74
    endloop
  endfacet
  facet normal -0.983256 -0.18223 -0
    outer loop
      vertex -22.9865 -4.88592 15.75
      vertex -23.0306 -4.64797 14.75
      vertex -22.9865 -4.88592 14.85
    endloop
  endfacet
  facet normal -0.983256 -0.18223 -6.16048e-05
    outer loop
      vertex -23.1386 -4.0649 14.75
      vertex -22.9865 -4.88592 15.75
      vertex -23.2107 -3.67621 15.75
    endloop
  endfacet
  facet normal 0.207905 0.978149 4.89075e-05
    outer loop
      vertex -21.8127 4.63643 14.85
      vertex -22.3996 4.76118 14.75
      vertex -22.9865 4.88592 14.85
    endloop
  endfacet
  facet normal 0.207913 0.978147 -0
    outer loop
      vertex -21.8127 4.63643 14.74
      vertex -22.3996 4.76118 14.75
      vertex -21.8127 4.63643 14.85
    endloop
  endfacet
  facet normal 0.207913 0.978147 0
    outer loop
      vertex -22.3996 4.76118 14.75
      vertex -21.8127 4.63643 14.74
      vertex -22.3996 4.76118 14.74
    endloop
  endfacet
  facet normal 0.207927 0.978144 0.000189074
    outer loop
      vertex -22.9786 4.88426 14.75
      vertex -22.9865 4.88592 14.85
      vertex -22.3996 4.76118 14.75
    endloop
  endfacet
  facet normal 0.205636 0.978629 0
    outer loop
      vertex -22.9865 4.88592 14.74
      vertex -22.9786 4.88426 14.75
      vertex -22.9786 4.88426 14.74
    endloop
  endfacet
  facet normal 0.205636 0.978629 0
    outer loop
      vertex -22.9786 4.88426 14.75
      vertex -22.9865 4.88592 14.74
      vertex -22.9865 4.88592 14.85
    endloop
  endfacet
  facet normal 0.207927 -0.978144 0.000189074
    outer loop
      vertex -22.3996 -4.76118 14.75
      vertex -22.9865 -4.88592 14.85
      vertex -22.9786 -4.88426 14.75
    endloop
  endfacet
  facet normal 0.205636 -0.978629 0
    outer loop
      vertex -22.9865 -4.88592 14.74
      vertex -22.9786 -4.88426 14.75
      vertex -22.9865 -4.88592 14.85
    endloop
  endfacet
  facet normal 0.205636 -0.978629 0
    outer loop
      vertex -22.9786 -4.88426 14.75
      vertex -22.9865 -4.88592 14.74
      vertex -22.9786 -4.88426 14.74
    endloop
  endfacet
  facet normal 0.207905 -0.978149 4.89075e-05
    outer loop
      vertex -22.9865 -4.88592 14.85
      vertex -22.3996 -4.76118 14.75
      vertex -21.8127 -4.63643 14.85
    endloop
  endfacet
  facet normal 0.207913 -0.978147 0
    outer loop
      vertex -21.8127 -4.63643 14.74
      vertex -22.3996 -4.76118 14.75
      vertex -22.3996 -4.76118 14.74
    endloop
  endfacet
  facet normal 0.207913 -0.978147 0
    outer loop
      vertex -22.3996 -4.76118 14.75
      vertex -21.8127 -4.63643 14.74
      vertex -21.8127 -4.63643 14.85
    endloop
  endfacet
  facet normal 0 -0 -1
    outer loop
      vertex -22.9865 4.88592 14.74
      vertex -22.9786 4.88426 14.74
      vertex -23.0306 4.64797 14.74
    endloop
  endfacet
  facet normal -0 0 -1
    outer loop
      vertex -22.9786 -4.88426 14.74
      vertex -22.9865 -4.88592 14.74
      vertex -23.0306 -4.64797 14.74
    endloop
  endfacet
  facet normal 0 -0 -1
    outer loop
      vertex -23.2107 3.67621 14.74
      vertex -23.1386 4.0649 14.74
      vertex -23.2451 3.41502 14.74
    endloop
  endfacet
  facet normal 0 -0 -1
    outer loop
      vertex -23.3713 2.45642 14.74
      vertex -23.3226 2.82602 14.74
      vertex -23.3936 2.17228 14.74
    endloop
  endfacet
  facet normal 0 -0 -1
    outer loop
      vertex -23.4678 1.22989 14.74
      vertex -23.4403 1.57935 14.74
      vertex -23.4758 0.923336 14.74
    endloop
  endfacet
  facet normal 0 -0 -1
    outer loop
      vertex -23.4914 0.328387 14.74
      vertex -23.4914 -0.328387 14.74
      vertex -23.5 0 14.74
    endloop
  endfacet
  facet normal 0 0 -1
    outer loop
      vertex -23.4403 -1.57935 14.74
      vertex -23.4678 -1.22989 14.74
      vertex -23.4758 -0.923336 14.74
    endloop
  endfacet
  facet normal 0 0 -1
    outer loop
      vertex -23.3226 -2.82602 14.74
      vertex -23.3713 -2.45642 14.74
      vertex -23.3936 -2.17228 14.74
    endloop
  endfacet
  facet normal 0 0 -1
    outer loop
      vertex -23.1386 -4.0649 14.74
      vertex -23.2107 -3.67621 14.74
      vertex -23.2451 -3.41502 14.74
    endloop
  endfacet
  facet normal -0.978149 0.207907 0
    outer loop
      vertex -4.88592 -22.9865 15.75
      vertex -4.62395 -21.754 15.75
      vertex -4.88592 -22.9865 14.85
    endloop
  endfacet
  facet normal -0.978149 0.207907 -1.36417e-07
    outer loop
      vertex -4.62395 -21.754 15.75
      vertex -4.51168 -21.2258 14.85
      vertex -4.88592 -22.9865 14.85
    endloop
  endfacet
  facet normal 0.978149 0.207907 0
    outer loop
      vertex 4.88592 -22.9865 15.75
      vertex 4.88592 -22.9865 14.85
      vertex 4.62395 -21.754 15.75
    endloop
  endfacet
  facet normal 0.978149 0.207907 -1.36417e-07
    outer loop
      vertex 4.62395 -21.754 15.75
      vertex 4.88592 -22.9865 14.85
      vertex 4.51168 -21.2258 14.85
    endloop
  endfacet
  facet normal 0 0 1
    outer loop
      vertex 4.63643 -21.8127 14.85
      vertex 4.51168 -21.2258 14.85
      vertex 4.88592 -22.9865 14.85
    endloop
  endfacet
  facet normal 0 0 -1
    outer loop
      vertex 3.48849 -22.0254 14.85
      vertex 4.51168 -21.2258 14.85
      vertex 4.63643 -21.8127 14.85
    endloop
  endfacet
  facet normal 0 0 -1
    outer loop
      vertex 3.48849 -22.0254 14.85
      vertex 3.39463 -21.4328 14.85
      vertex 4.51168 -21.2258 14.85
    endloop
  endfacet
  facet normal 0 0 -1
    outer loop
      vertex 2.33098 -22.1778 14.85
      vertex 3.39463 -21.4328 14.85
      vertex 3.48849 -22.0254 14.85
    endloop
  endfacet
  facet normal 0 0 -1
    outer loop
      vertex 2.33098 -22.1778 14.85
      vertex 2.26827 -21.5811 14.85
      vertex 3.39463 -21.4328 14.85
    endloop
  endfacet
  facet normal 0 0 -1
    outer loop
      vertex 1.16709 -22.2694 14.85
      vertex 2.26827 -21.5811 14.85
      vertex 2.33098 -22.1778 14.85
    endloop
  endfacet
  facet normal 0 0 -1
    outer loop
      vertex 1.16709 -22.2694 14.85
      vertex 1.13569 -21.6703 14.85
      vertex 2.26827 -21.5811 14.85
    endloop
  endfacet
  facet normal 0 0 -1
    outer loop
      vertex 0 -22.3 14.85
      vertex 1.13569 -21.6703 14.85
      vertex 1.16709 -22.2694 14.85
    endloop
  endfacet
  facet normal 0 0 -1
    outer loop
      vertex 0 -22.3 14.85
      vertex 0 -21.7 14.85
      vertex 1.13569 -21.6703 14.85
    endloop
  endfacet
  facet normal 0 0 -1
    outer loop
      vertex 0 -22.3 14.85
      vertex -1.13569 -21.6703 14.85
      vertex 0 -21.7 14.85
    endloop
  endfacet
  facet normal 0 0 -1
    outer loop
      vertex -1.16709 -22.2694 14.85
      vertex -1.13569 -21.6703 14.85
      vertex 0 -22.3 14.85
    endloop
  endfacet
  facet normal 0 0 -1
    outer loop
      vertex -1.16709 -22.2694 14.85
      vertex -2.26827 -21.5811 14.85
      vertex -1.13569 -21.6703 14.85
    endloop
  endfacet
  facet normal 0 0 -1
    outer loop
      vertex -2.33098 -22.1778 14.85
      vertex -2.26827 -21.5811 14.85
      vertex -1.16709 -22.2694 14.85
    endloop
  endfacet
  facet normal 0 0 -1
    outer loop
      vertex -2.33098 -22.1778 14.85
      vertex -3.39463 -21.4328 14.85
      vertex -2.26827 -21.5811 14.85
    endloop
  endfacet
  facet normal 0 0 -1
    outer loop
      vertex -3.48849 -22.0254 14.85
      vertex -3.39463 -21.4328 14.85
      vertex -2.33098 -22.1778 14.85
    endloop
  endfacet
  facet normal 0 0 -1
    outer loop
      vertex -3.48849 -22.0254 14.85
      vertex -4.51168 -21.2258 14.85
      vertex -3.39463 -21.4328 14.85
    endloop
  endfacet
  facet normal 0 0 -1
    outer loop
      vertex -4.63643 -21.8127 14.85
      vertex -4.51168 -21.2258 14.85
      vertex -3.48849 -22.0254 14.85
    endloop
  endfacet
  facet normal 0 0 1
    outer loop
      vertex -4.51168 -21.2258 14.85
      vertex -4.63643 -21.8127 14.85
      vertex -4.88592 -22.9865 14.85
    endloop
  endfacet
  facet normal 0.15629 0.843209 0.514366
    outer loop
      vertex -3.4791 -21.9662 15.75
      vertex -4.51168 -21.2258 14.85
      vertex -4.62395 -21.754 15.75
    endloop
  endfacet
  facet normal 0.156252 0.843196 0.514399
    outer loop
      vertex -3.4791 -21.9662 15.75
      vertex -3.39463 -21.4328 14.85
      vertex -4.51168 -21.2258 14.85
    endloop
  endfacet
  facet normal 0 0 1
    outer loop
      vertex 4.62395 -21.754 15.75
      vertex 3.67621 -23.2107 15.75
      vertex 4.88592 -22.9865 15.75
    endloop
  endfacet
  facet normal -0 0 1
    outer loop
      vertex 3.4791 -21.9662 15.75
      vertex 3.67621 -23.2107 15.75
      vertex 4.62395 -21.754 15.75
    endloop
  endfacet
  facet normal 0 0 1
    outer loop
      vertex 3.4791 -21.9662 15.75
      vertex 2.45642 -23.3713 15.75
      vertex 3.67621 -23.2107 15.75
    endloop
  endfacet
  facet normal -0 0 1
    outer loop
      vertex 2.32471 -22.1182 15.75
      vertex 2.45642 -23.3713 15.75
      vertex 3.4791 -21.9662 15.75
    endloop
  endfacet
  facet normal 0 0 1
    outer loop
      vertex 2.32471 -22.1182 15.75
      vertex 1.22989 -23.4678 15.75
      vertex 2.45642 -23.3713 15.75
    endloop
  endfacet
  facet normal -0 0 1
    outer loop
      vertex 1.16395 -22.2095 15.75
      vertex 1.22989 -23.4678 15.75
      vertex 2.32471 -22.1182 15.75
    endloop
  endfacet
  facet normal -0 0 1
    outer loop
      vertex 0 -22.24 15.75
      vertex 1.22989 -23.4678 15.75
      vertex 1.16395 -22.2095 15.75
    endloop
  endfacet
  facet normal 0 0 1
    outer loop
      vertex 0 -22.24 15.75
      vertex 0 -23.5 15.75
      vertex 1.22989 -23.4678 15.75
    endloop
  endfacet
  facet normal 0 0 1
    outer loop
      vertex -1.16395 -22.2095 15.75
      vertex 0 -23.5 15.75
      vertex 0 -22.24 15.75
    endloop
  endfacet
  facet normal 0 0 1
    outer loop
      vertex -1.16395 -22.2095 15.75
      vertex -1.22989 -23.4678 15.75
      vertex 0 -23.5 15.75
    endloop
  endfacet
  facet normal 0 0 1
    outer loop
      vertex -2.32471 -22.1182 15.75
      vertex -1.22989 -23.4678 15.75
      vertex -1.16395 -22.2095 15.75
    endloop
  endfacet
  facet normal 0 0 1
    outer loop
      vertex -2.32471 -22.1182 15.75
      vertex -2.45642 -23.3713 15.75
      vertex -1.22989 -23.4678 15.75
    endloop
  endfacet
  facet normal 0 0 1
    outer loop
      vertex -3.4791 -21.9662 15.75
      vertex -2.45642 -23.3713 15.75
      vertex -2.32471 -22.1182 15.75
    endloop
  endfacet
  facet normal 0 0 1
    outer loop
      vertex -3.4791 -21.9662 15.75
      vertex -3.67621 -23.2107 15.75
      vertex -2.45642 -23.3713 15.75
    endloop
  endfacet
  facet normal 0 0 1
    outer loop
      vertex -4.62395 -21.754 15.75
      vertex -3.67621 -23.2107 15.75
      vertex -3.4791 -21.9662 15.75
    endloop
  endfacet
  facet normal 0 0 1
    outer loop
      vertex -3.67621 -23.2107 15.75
      vertex -4.62395 -21.754 15.75
      vertex -4.88592 -22.9865 15.75
    endloop
  endfacet
  facet normal -0.18223 -0.983256 0
    outer loop
      vertex -4.88592 -22.9865 14.74
      vertex -4.64797 -23.0306 14.75
      vertex -4.88592 -22.9865 14.85
    endloop
  endfacet
  facet normal -0.18223 -0.983256 -0
    outer loop
      vertex -4.64797 -23.0306 14.75
      vertex -4.88592 -22.9865 14.74
      vertex -4.64797 -23.0306 14.74
    endloop
  endfacet
  facet normal -0.18223 -0.983256 0
    outer loop
      vertex -4.64797 -23.0306 14.75
      vertex -4.88592 -22.9865 15.75
      vertex -4.88592 -22.9865 14.85
    endloop
  endfacet
  facet normal -0.182129 -0.983275 2.49364e-05
    outer loop
      vertex -4.0649 -23.1386 14.75
      vertex -4.88592 -22.9865 15.75
      vertex -4.64797 -23.0306 14.75
    endloop
  endfacet
  facet normal -0.18223 -0.983256 -6.16048e-05
    outer loop
      vertex -4.88592 -22.9865 15.75
      vertex -4.0649 -23.1386 14.75
      vertex -3.67621 -23.2107 15.75
    endloop
  endfacet
  facet normal -0.182384 -0.983227 0
    outer loop
      vertex -3.67621 -23.2107 14.74
      vertex -4.0649 -23.1386 14.75
      vertex -4.0649 -23.1386 14.74
    endloop
  endfacet
  facet normal -0.182384 -0.983227 0
    outer loop
      vertex -4.0649 -23.1386 14.75
      vertex -3.67621 -23.2107 14.74
      vertex -3.67621 -23.2107 15.75
    endloop
  endfacet
  facet normal 0.111949 0.850212 0.514399
    outer loop
      vertex -2.32471 -22.1182 15.75
      vertex -3.39463 -21.4328 14.85
      vertex -3.4791 -21.9662 15.75
    endloop
  endfacet
  facet normal 0.111941 0.850209 0.514406
    outer loop
      vertex -2.32471 -22.1182 15.75
      vertex -2.26827 -21.5811 14.85
      vertex -3.39463 -21.4328 14.85
    endloop
  endfacet
  facet normal -0.130455 -0.991454 3.26136e-05
    outer loop
      vertex -2.82602 -23.3226 14.75
      vertex -3.67621 -23.2107 15.75
      vertex -3.41502 -23.2451 14.75
    endloop
  endfacet
  facet normal -0.130577 -0.991438 0
    outer loop
      vertex -3.67621 -23.2107 14.74
      vertex -3.41502 -23.2451 14.75
      vertex -3.67621 -23.2107 15.75
    endloop
  endfacet
  facet normal -0.130577 -0.991438 -0
    outer loop
      vertex -3.41502 -23.2451 14.75
      vertex -3.67621 -23.2107 14.74
      vertex -3.41502 -23.2451 14.74
    endloop
  endfacet
  facet normal -0.130535 -0.991444 -3.73993e-05
    outer loop
      vertex -3.67621 -23.2107 15.75
      vertex -2.82602 -23.3226 14.75
      vertex -2.45642 -23.3713 15.75
    endloop
  endfacet
  facet normal -0.130635 -0.991431 0
    outer loop
      vertex -2.45642 -23.3713 14.74
      vertex -2.82602 -23.3226 14.75
      vertex -2.82602 -23.3226 14.74
    endloop
  endfacet
  facet normal -0.130635 -0.991431 0
    outer loop
      vertex -2.82602 -23.3226 14.75
      vertex -2.45642 -23.3713 14.74
      vertex -2.45642 -23.3713 15.75
    endloop
  endfacet
  facet normal 0.067243 0.854906 0.514406
    outer loop
      vertex -1.16395 -22.2095 15.75
      vertex -2.26827 -21.5811 14.85
      vertex -2.32471 -22.1182 15.75
    endloop
  endfacet
  facet normal 0.0673343 0.854949 0.514324
    outer loop
      vertex -1.16395 -22.2095 15.75
      vertex -1.13569 -21.6703 14.85
      vertex -2.26827 -21.5811 14.85
    endloop
  endfacet
  facet normal -0.0785182 -0.996913 -7.9021e-05
    outer loop
      vertex -1.57935 -23.4403 14.75
      vertex -2.45642 -23.3713 15.75
      vertex -2.17228 -23.3936 14.75
    endloop
  endfacet
  facet normal -0.0782418 -0.996934 0
    outer loop
      vertex -2.45642 -23.3713 14.74
      vertex -2.17228 -23.3936 14.75
      vertex -2.45642 -23.3713 15.75
    endloop
  endfacet
  facet normal -0.0782418 -0.996934 -0
    outer loop
      vertex -2.17228 -23.3936 14.75
      vertex -2.45642 -23.3713 14.74
      vertex -2.17228 -23.3936 14.74
    endloop
  endfacet
  facet normal -0.0784349 -0.996919 -5.43354e-06
    outer loop
      vertex -2.45642 -23.3713 15.75
      vertex -1.57935 -23.4403 14.75
      vertex -1.22989 -23.4678 15.75
    endloop
  endfacet
  facet normal -0.0784503 -0.996918 0
    outer loop
      vertex -1.22989 -23.4678 14.74
      vertex -1.57935 -23.4403 14.75
      vertex -1.57935 -23.4403 14.74
    endloop
  endfacet
  facet normal -0.0784503 -0.996918 0
    outer loop
      vertex -1.57935 -23.4403 14.75
      vertex -1.22989 -23.4678 14.74
      vertex -1.22989 -23.4678 15.75
    endloop
  endfacet
  facet normal 0.0224646 0.857302 0.514324
    outer loop
      vertex 0 -22.24 15.75
      vertex -1.13569 -21.6703 14.85
      vertex -1.16395 -22.2095 15.75
    endloop
  endfacet
  facet normal 0.0224191 0.857277 0.514366
    outer loop
      vertex 0 -22.24 15.75
      vertex 0 -21.7 14.85
      vertex -1.13569 -21.6703 14.85
    endloop
  endfacet
  facet normal -0.0262117 -0.999656 -3.80581e-05
    outer loop
      vertex -0.328387 -23.4914 14.75
      vertex -1.22989 -23.4678 15.75
      vertex -0.923336 -23.4758 14.75
    endloop
  endfacet
  facet normal -0.0260877 -0.99966 0
    outer loop
      vertex -1.22989 -23.4678 14.74
      vertex -0.923336 -23.4758 14.75
      vertex -1.22989 -23.4678 15.75
    endloop
  endfacet
  facet normal -0.0260877 -0.99966 -0
    outer loop
      vertex -0.923336 -23.4758 14.75
      vertex -1.22989 -23.4678 14.74
      vertex -0.923336 -23.4758 14.74
    endloop
  endfacet
  facet normal -0.0261722 -0.999657 -2.43239e-06
    outer loop
      vertex -1.22989 -23.4678 15.75
      vertex -0.328387 -23.4914 14.75
      vertex 0 -23.5 15.75
    endloop
  endfacet
  facet normal -0.0261796 -0.999657 0
    outer loop
      vertex 0 -23.5 14.74
      vertex -0.328387 -23.4914 14.75
      vertex -0.328387 -23.4914 14.74
    endloop
  endfacet
  facet normal -0.0261796 -0.999657 0
    outer loop
      vertex -0.328387 -23.4914 14.75
      vertex 0 -23.5 14.74
      vertex 0 -23.5 15.75
    endloop
  endfacet
  facet normal -0.022464 0.857277 0.514366
    outer loop
      vertex 1.16395 -22.2095 15.75
      vertex 0 -21.7 14.85
      vertex 0 -22.24 15.75
    endloop
  endfacet
  facet normal -0.0224198 0.857303 0.514324
    outer loop
      vertex 1.16395 -22.2095 15.75
      vertex 1.13569 -21.6703 14.85
      vertex 0 -21.7 14.85
    endloop
  endfacet
  facet normal 0.0261722 -0.999657 -2.43239e-06
    outer loop
      vertex 0 -23.5 15.75
      vertex 0.328387 -23.4914 14.75
      vertex 1.22989 -23.4678 15.75
    endloop
  endfacet
  facet normal 0.0261796 -0.999657 0
    outer loop
      vertex 0 -23.5 14.74
      vertex 0.328387 -23.4914 14.75
      vertex 0 -23.5 15.75
    endloop
  endfacet
  facet normal 0.0261796 -0.999657 0
    outer loop
      vertex 0.328387 -23.4914 14.75
      vertex 0 -23.5 14.74
      vertex 0.328387 -23.4914 14.74
    endloop
  endfacet
  facet normal 0.0262117 -0.999656 -3.80581e-05
    outer loop
      vertex 0.923336 -23.4758 14.75
      vertex 1.22989 -23.4678 15.75
      vertex 0.328387 -23.4914 14.75
    endloop
  endfacet
  facet normal 0.0260877 -0.99966 0
    outer loop
      vertex 1.22989 -23.4678 14.74
      vertex 0.923336 -23.4758 14.75
      vertex 0.923336 -23.4758 14.74
    endloop
  endfacet
  facet normal 0.0260877 -0.99966 0
    outer loop
      vertex 0.923336 -23.4758 14.75
      vertex 1.22989 -23.4678 14.74
      vertex 1.22989 -23.4678 15.75
    endloop
  endfacet
  facet normal -0.0672468 0.854955 0.514325
    outer loop
      vertex 1.16395 -22.2095 15.75
      vertex 2.32471 -22.1182 15.75
      vertex 1.13569 -21.6703 14.85
    endloop
  endfacet
  facet normal -0.0673303 0.854899 0.514407
    outer loop
      vertex 2.32471 -22.1182 15.75
      vertex 2.26827 -21.5811 14.85
      vertex 1.13569 -21.6703 14.85
    endloop
  endfacet
  facet normal 0.0784349 -0.996919 -5.43354e-06
    outer loop
      vertex 1.22989 -23.4678 15.75
      vertex 1.57935 -23.4403 14.75
      vertex 2.45642 -23.3713 15.75
    endloop
  endfacet
  facet normal 0.0784503 -0.996918 0
    outer loop
      vertex 1.22989 -23.4678 14.74
      vertex 1.57935 -23.4403 14.75
      vertex 1.22989 -23.4678 15.75
    endloop
  endfacet
  facet normal 0.0784503 -0.996918 0
    outer loop
      vertex 1.57935 -23.4403 14.75
      vertex 1.22989 -23.4678 14.74
      vertex 1.57935 -23.4403 14.74
    endloop
  endfacet
  facet normal 0.0785182 -0.996913 -7.9021e-05
    outer loop
      vertex 2.17228 -23.3936 14.75
      vertex 2.45642 -23.3713 15.75
      vertex 1.57935 -23.4403 14.75
    endloop
  endfacet
  facet normal 0.0782418 -0.996934 0
    outer loop
      vertex 2.45642 -23.3713 14.74
      vertex 2.17228 -23.3936 14.75
      vertex 2.17228 -23.3936 14.74
    endloop
  endfacet
  facet normal 0.0782418 -0.996934 0
    outer loop
      vertex 2.17228 -23.3936 14.75
      vertex 2.45642 -23.3713 14.74
      vertex 2.45642 -23.3713 15.75
    endloop
  endfacet
  facet normal -0.111948 0.850208 0.514406
    outer loop
      vertex 2.32471 -22.1182 15.75
      vertex 3.4791 -21.9662 15.75
      vertex 2.26827 -21.5811 14.85
    endloop
  endfacet
  facet normal -0.111942 0.850213 0.514399
    outer loop
      vertex 3.4791 -21.9662 15.75
      vertex 3.39463 -21.4328 14.85
      vertex 2.26827 -21.5811 14.85
    endloop
  endfacet
  facet normal 0.130535 -0.991444 -3.73993e-05
    outer loop
      vertex 2.45642 -23.3713 15.75
      vertex 2.82602 -23.3226 14.75
      vertex 3.67621 -23.2107 15.75
    endloop
  endfacet
  facet normal 0.130635 -0.991431 0
    outer loop
      vertex 2.45642 -23.3713 14.74
      vertex 2.82602 -23.3226 14.75
      vertex 2.45642 -23.3713 15.75
    endloop
  endfacet
  facet normal 0.130635 -0.991431 0
    outer loop
      vertex 2.82602 -23.3226 14.75
      vertex 2.45642 -23.3713 14.74
      vertex 2.82602 -23.3226 14.74
    endloop
  endfacet
  facet normal 0.130455 -0.991454 3.26136e-05
    outer loop
      vertex 3.41502 -23.2451 14.75
      vertex 3.67621 -23.2107 15.75
      vertex 2.82602 -23.3226 14.75
    endloop
  endfacet
  facet normal 0.130577 -0.991438 0
    outer loop
      vertex 3.67621 -23.2107 14.74
      vertex 3.41502 -23.2451 14.75
      vertex 3.41502 -23.2451 14.74
    endloop
  endfacet
  facet normal 0.130577 -0.991438 0
    outer loop
      vertex 3.41502 -23.2451 14.75
      vertex 3.67621 -23.2107 14.74
      vertex 3.67621 -23.2107 15.75
    endloop
  endfacet
  facet normal -0.156287 0.843189 0.514399
    outer loop
      vertex 3.4791 -21.9662 15.75
      vertex 4.62395 -21.754 15.75
      vertex 3.39463 -21.4328 14.85
    endloop
  endfacet
  facet normal -0.156256 0.843215 0.514366
    outer loop
      vertex 4.62395 -21.754 15.75
      vertex 4.51168 -21.2258 14.85
      vertex 3.39463 -21.4328 14.85
    endloop
  endfacet
  facet normal 0.18223 -0.983256 -6.16048e-05
    outer loop
      vertex 4.0649 -23.1386 14.75
      vertex 4.88592 -22.9865 15.75
      vertex 3.67621 -23.2107 15.75
    endloop
  endfacet
  facet normal 0.182129 -0.983275 2.49364e-05
    outer loop
      vertex 4.88592 -22.9865 15.75
      vertex 4.0649 -23.1386 14.75
      vertex 4.64797 -23.0306 14.75
    endloop
  endfacet
  facet normal 0.182384 -0.983227 0
    outer loop
      vertex 3.67621 -23.2107 14.74
      vertex 4.0649 -23.1386 14.75
      vertex 3.67621 -23.2107 15.75
    endloop
  endfacet
  facet normal 0.182384 -0.983227 0
    outer loop
      vertex 4.0649 -23.1386 14.75
      vertex 3.67621 -23.2107 14.74
      vertex 4.0649 -23.1386 14.74
    endloop
  endfacet
  facet normal 0.18223 -0.983256 0
    outer loop
      vertex 4.88592 -22.9865 15.75
      vertex 4.64797 -23.0306 14.75
      vertex 4.88592 -22.9865 14.85
    endloop
  endfacet
  facet normal 0.18223 -0.983256 0
    outer loop
      vertex 4.88592 -22.9865 14.74
      vertex 4.64797 -23.0306 14.75
      vertex 4.64797 -23.0306 14.74
    endloop
  endfacet
  facet normal 0.18223 -0.983256 0
    outer loop
      vertex 4.64797 -23.0306 14.75
      vertex 4.88592 -22.9865 14.74
      vertex 4.88592 -22.9865 14.85
    endloop
  endfacet
  facet normal -0.978629 0.205636 0
    outer loop
      vertex -4.88426 -22.9786 14.74
      vertex -4.88592 -22.9865 14.74
      vertex -4.88426 -22.9786 14.75
    endloop
  endfacet
  facet normal -0.978147 0.207913 0
    outer loop
      vertex -4.76118 -22.3996 14.75
      vertex -4.63643 -21.8127 14.74
      vertex -4.76118 -22.3996 14.74
    endloop
  endfacet
  facet normal -0.978147 0.207913 0
    outer loop
      vertex -4.63643 -21.8127 14.74
      vertex -4.76118 -22.3996 14.75
      vertex -4.63643 -21.8127 14.85
    endloop
  endfacet
  facet normal -0.978144 0.207927 0.000189074
    outer loop
      vertex -4.88592 -22.9865 14.85
      vertex -4.76118 -22.3996 14.75
      vertex -4.88426 -22.9786 14.75
    endloop
  endfacet
  facet normal -0.978149 0.207905 4.89075e-05
    outer loop
      vertex -4.76118 -22.3996 14.75
      vertex -4.88592 -22.9865 14.85
      vertex -4.63643 -21.8127 14.85
    endloop
  endfacet
  facet normal -0.978629 0.205636 0
    outer loop
      vertex -4.88592 -22.9865 14.85
      vertex -4.88426 -22.9786 14.75
      vertex -4.88592 -22.9865 14.74
    endloop
  endfacet
  facet normal 0.978147 0.207913 0
    outer loop
      vertex 4.63643 -21.8127 14.85
      vertex 4.76118 -22.3996 14.75
      vertex 4.63643 -21.8127 14.74
    endloop
  endfacet
  facet normal 0.978149 0.207905 4.89075e-05
    outer loop
      vertex 4.88592 -22.9865 14.85
      vertex 4.76118 -22.3996 14.75
      vertex 4.63643 -21.8127 14.85
    endloop
  endfacet
  facet normal 0.978144 0.207927 0.000189074
    outer loop
      vertex 4.76118 -22.3996 14.75
      vertex 4.88592 -22.9865 14.85
      vertex 4.88426 -22.9786 14.75
    endloop
  endfacet
  facet normal 0.978629 0.205636 -0
    outer loop
      vertex 4.88592 -22.9865 14.74
      vertex 4.88426 -22.9786 14.75
      vertex 4.88592 -22.9865 14.85
    endloop
  endfacet
  facet normal 0.978629 0.205636 0
    outer loop
      vertex 4.88426 -22.9786 14.75
      vertex 4.88592 -22.9865 14.74
      vertex 4.88426 -22.9786 14.74
    endloop
  endfacet
  facet normal 0.978147 0.207913 0
    outer loop
      vertex 4.63643 -21.8127 14.74
      vertex 4.76118 -22.3996 14.75
      vertex 4.76118 -22.3996 14.74
    endloop
  endfacet
  facet normal 0 -0 -1
    outer loop
      vertex -4.88426 -22.9786 14.74
      vertex -4.64797 -23.0306 14.74
      vertex -4.88592 -22.9865 14.74
    endloop
  endfacet
  facet normal 0 -0 -1
    outer loop
      vertex 4.88426 -22.9786 14.74
      vertex 4.88592 -22.9865 14.74
      vertex 4.64797 -23.0306 14.74
    endloop
  endfacet
  facet normal 0 0 -1
    outer loop
      vertex -3.41502 -23.2451 14.74
      vertex -3.67621 -23.2107 14.74
      vertex -4.0649 -23.1386 14.74
    endloop
  endfacet
  facet normal 0 0 -1
    outer loop
      vertex -2.17228 -23.3936 14.74
      vertex -2.45642 -23.3713 14.74
      vertex -2.82602 -23.3226 14.74
    endloop
  endfacet
  facet normal 0 0 -1
    outer loop
      vertex -0.923336 -23.4758 14.74
      vertex -1.22989 -23.4678 14.74
      vertex -1.57935 -23.4403 14.74
    endloop
  endfacet
  facet normal -0 0 -1
    outer loop
      vertex 0.328387 -23.4914 14.74
      vertex 0 -23.5 14.74
      vertex -0.328387 -23.4914 14.74
    endloop
  endfacet
  facet normal 0 0 -1
    outer loop
      vertex 1.57935 -23.4403 14.74
      vertex 1.22989 -23.4678 14.74
      vertex 0.923336 -23.4758 14.74
    endloop
  endfacet
  facet normal 0 0 -1
    outer loop
      vertex 2.82602 -23.3226 14.74
      vertex 2.45642 -23.3713 14.74
      vertex 2.17228 -23.3936 14.74
    endloop
  endfacet
  facet normal 0 0 -1
    outer loop
      vertex 4.0649 -23.1386 14.74
      vertex 3.67621 -23.2107 14.74
      vertex 3.41502 -23.2451 14.74
    endloop
  endfacet
  facet normal 0.981682 0.0256961 0.188784
    outer loop
      vertex 6.65 0 14.34
      vertex 7.14804 0.00133862 11.75
      vertex 6.64089 0.348034 14.34
    endloop
  endfacet
  facet normal 0.981584 0.0293312 0.188767
    outer loop
      vertex 7.14804 0.00133862 11.75
      vertex 6.65 0 14.34
      vertex 7.14808 0 11.75
    endloop
  endfacet
  facet normal 0.981682 0.0257033 0.188783
    outer loop
      vertex 7.13828 0.374101 11.75
      vertex 6.64089 0.348034 14.34
      vertex 7.14804 0.00133862 11.75
    endloop
  endfacet
  facet normal 0.675983 0.712326 0.188783
    outer loop
      vertex 4.78397 5.31113 11.75
      vertex 4.70226 4.70226 14.34
      vertex 5.05445 5.05445 11.75
    endloop
  endfacet
  facet normal -0.955234 -0.227786 0.188791
    outer loop
      vertex -6.99156 -1.48747 11.75
      vertex -6.50468 -1.38261 14.34
      vertex -6.99187 -1.48617 11.75
    endloop
  endfacet
  facet normal -0.954889 -0.229231 0.188785
    outer loop
      vertex -6.50468 -1.38261 14.34
      vertex -6.99156 -1.48747 11.75
      vertex -6.42341 -1.72115 14.34
    endloop
  endfacet
  facet normal -0.746739 -0.637763 0.188785
    outer loop
      vertex -5.16802 -4.18498 14.34
      vertex -5.5551 -4.49843 11.75
      vertex -5.31293 -4.78198 11.75
    endloop
  endfacet
  facet normal 0.227786 -0.955234 0.188791
    outer loop
      vertex 1.48747 -6.99156 11.75
      vertex 1.38261 -6.50468 14.34
      vertex 1.48617 -6.99187 11.75
    endloop
  endfacet
  facet normal 0.229231 -0.954889 0.188785
    outer loop
      vertex 1.38261 -6.50468 14.34
      vertex 1.48747 -6.99156 11.75
      vertex 1.72115 -6.42341 14.34
    endloop
  endfacet
  facet normal 0.863018 -0.468573 0.188783
    outer loop
      vertex 5.75907 -3.325 14.34
      vertex 6.19105 -3.57286 11.75
      vertex 5.92519 -3.01904 14.34
    endloop
  endfacet
  facet normal 0.86629 -0.462511 0.188748
    outer loop
      vertex 6.19105 -3.57286 11.75
      vertex 5.75907 -3.325 14.34
      vertex 6.19042 -3.57404 11.75
    endloop
  endfacet
  facet normal 0.978991 -0.0770571 0.188783
    outer loop
      vertex 7.13828 -0.374101 11.75
      vertex 6.64089 -0.348034 14.34
      vertex 7.10902 -0.745842 11.75
    endloop
  endfacet
  facet normal 0.965577 0.178947 0.188783
    outer loop
      vertex 6.99212 1.48485 11.75
      vertex 6.56813 1.04029 14.34
      vertex 7.06007 1.1182 11.75
    endloop
  endfacet
  facet normal 0.978991 0.0770571 0.188783
    outer loop
      vertex 7.10902 0.745842 11.75
      vertex 6.64089 0.348034 14.34
      vertex 7.13828 0.374101 11.75
    endloop
  endfacet
  facet normal -0.780284 0.596255 0.188776
    outer loop
      vertex -5.55591 4.49737 11.75
      vertex -5.16802 4.18498 14.34
      vertex -5.5551 4.49843 11.75
    endloop
  endfacet
  facet normal -0.779092 0.597809 0.188784
    outer loop
      vertex -5.16802 4.18498 14.34
      vertex -5.55591 4.49737 11.75
      vertex -5.37996 3.90877 14.34
    endloop
  endfacet
  facet normal 0.925694 0.327798 0.188783
    outer loop
      vertex 6.67375 2.56038 11.75
      vertex 6.32453 2.05496 14.34
      vertex 6.79822 2.20888 11.75
    endloop
  endfacet
  facet normal -0.556237 -0.809297 0.188784
    outer loop
      vertex -3.90877 -5.37996 14.34
      vertex -4.20153 -5.78291 11.75
      vertex -3.89423 -5.99412 11.75
    endloop
  endfacet
  facet normal -0.229231 -0.954889 0.188785
    outer loop
      vertex -1.48747 -6.99156 11.75
      vertex -1.38261 -6.50468 14.34
      vertex -1.72115 -6.42341 14.34
    endloop
  endfacet
  facet normal -0.227786 -0.955234 0.188791
    outer loop
      vertex -1.38261 -6.50468 14.34
      vertex -1.48747 -6.99156 11.75
      vertex -1.48617 -6.99187 11.75
    endloop
  endfacet
  facet normal -0.965572 -0.178972 0.188786
    outer loop
      vertex -6.99212 -1.48485 11.75
      vertex -6.50468 -1.38261 14.34
      vertex -6.56813 -1.04029 14.34
    endloop
  endfacet
  facet normal -0.964863 -0.182739 0.188802
    outer loop
      vertex -6.50468 -1.38261 14.34
      vertex -6.99212 -1.48485 11.75
      vertex -6.99187 -1.48617 11.75
    endloop
  endfacet
  facet normal -0.941576 -0.27892 0.188783
    outer loop
      vertex -6.42341 -1.72115 14.34
      vertex -6.90451 -1.85006 11.75
      vertex -6.7986 -2.20759 11.75
    endloop
  endfacet
  facet normal -0.863018 -0.468573 0.188783
    outer loop
      vertex -6.19105 -3.57286 11.75
      vertex -5.75907 -3.325 14.34
      vertex -5.92519 -3.01904 14.34
    endloop
  endfacet
  facet normal -0.86629 -0.462511 0.188748
    outer loop
      vertex -5.75907 -3.325 14.34
      vertex -6.19105 -3.57286 11.75
      vertex -6.19042 -3.57404 11.75
    endloop
  endfacet
  facet normal -0.712333 -0.675974 0.188787
    outer loop
      vertex -5.31206 -4.783 11.75
      vertex -4.70226 -4.70226 14.34
      vertex -4.94191 -4.44972 14.34
    endloop
  endfacet
  facet normal -0.708948 -0.679713 0.188107
    outer loop
      vertex -4.70226 -4.70226 14.34
      vertex -5.31206 -4.783 11.75
      vertex -5.31113 -4.78397 11.75
    endloop
  endfacet
  facet normal 0.468573 -0.863018 0.188783
    outer loop
      vertex 3.57286 -6.19105 11.75
      vertex 3.325 -5.75907 14.34
      vertex 3.01904 -5.92519 14.34
    endloop
  endfacet
  facet normal 0.462511 -0.86629 0.188748
    outer loop
      vertex 3.325 -5.75907 14.34
      vertex 3.57286 -6.19105 11.75
      vertex 3.57404 -6.19042 11.75
    endloop
  endfacet
  facet normal 0.178972 -0.965572 0.188786
    outer loop
      vertex 1.48485 -6.99212 11.75
      vertex 1.38261 -6.50468 14.34
      vertex 1.04029 -6.56813 14.34
    endloop
  endfacet
  facet normal 0.182739 -0.964863 0.188802
    outer loop
      vertex 1.38261 -6.50468 14.34
      vertex 1.48485 -6.99212 11.75
      vertex 1.48617 -6.99187 11.75
    endloop
  endfacet
  facet normal 0.27892 -0.941576 0.188783
    outer loop
      vertex 2.20759 -6.7986 11.75
      vertex 1.72115 -6.42341 14.34
      vertex 1.85006 -6.90451 11.75
    endloop
  endfacet
  facet normal 0.779095 -0.597805 0.188784
    outer loop
      vertex 5.78291 -4.20153 11.75
      vertex 5.37996 -3.90877 14.34
      vertex 5.55591 -4.49737 11.75
    endloop
  endfacet
  facet normal 0.8093 -0.556232 0.188784
    outer loop
      vertex 5.37996 -3.90877 14.34
      vertex 5.99488 -3.89312 11.75
      vertex 5.57716 -3.62185 14.34
    endloop
  endfacet
  facet normal 0.810251 -0.554766 0.189018
    outer loop
      vertex 5.99488 -3.89312 11.75
      vertex 5.37996 -3.90877 14.34
      vertex 5.99412 -3.89423 11.75
    endloop
  endfacet
  facet normal 0.965577 -0.178947 0.188783
    outer loop
      vertex 7.06007 -1.1182 11.75
      vertex 6.56813 -1.04029 14.34
      vertex 6.99212 -1.48485 11.75
    endloop
  endfacet
  facet normal 0.973124 -0.131899 0.188766
    outer loop
      vertex 6.61357 -0.695114 14.34
      vertex 7.10874 -0.748505 11.75
      vertex 7.10892 -0.747177 11.75
    endloop
  endfacet
  facet normal 0.973619 -0.12817 0.188784
    outer loop
      vertex 7.10874 -0.748505 11.75
      vertex 6.61357 -0.695114 14.34
      vertex 6.56813 -1.04029 14.34
    endloop
  endfacet
  facet normal 0.981682 -0.0257033 0.188783
    outer loop
      vertex 7.14804 -0.00133862 11.75
      vertex 6.64089 -0.348034 14.34
      vertex 7.13828 -0.374101 11.75
    endloop
  endfacet
  facet normal 0.964863 0.182739 0.188802
    outer loop
      vertex 6.50468 1.38261 14.34
      vertex 6.99212 1.48485 11.75
      vertex 6.99187 1.48617 11.75
    endloop
  endfacet
  facet normal 0.965572 0.178972 0.188786
    outer loop
      vertex 6.99212 1.48485 11.75
      vertex 6.50468 1.38261 14.34
      vertex 6.56813 1.04029 14.34
    endloop
  endfacet
  facet normal -0.981584 0.0293312 0.188767
    outer loop
      vertex -6.65 0 14.34
      vertex -7.14804 0.00133862 11.75
      vertex -7.14808 0 11.75
    endloop
  endfacet
  facet normal -0.981682 0.0256961 0.188784
    outer loop
      vertex -7.14804 0.00133862 11.75
      vertex -6.65 0 14.34
      vertex -6.64089 0.348034 14.34
    endloop
  endfacet
  facet normal -0.675974 0.712333 0.188787
    outer loop
      vertex -4.783 5.31206 11.75
      vertex -4.70226 4.70226 14.34
      vertex -4.44972 4.94191 14.34
    endloop
  endfacet
  facet normal -0.679713 0.708948 0.188107
    outer loop
      vertex -4.70226 4.70226 14.34
      vertex -4.783 5.31206 11.75
      vertex -4.78397 5.31113 11.75
    endloop
  endfacet
  facet normal -0.227786 0.955234 0.188791
    outer loop
      vertex -1.48747 6.99156 11.75
      vertex -1.38261 6.50468 14.34
      vertex -1.48617 6.99187 11.75
    endloop
  endfacet
  facet normal -0.229231 0.954889 0.188785
    outer loop
      vertex -1.38261 6.50468 14.34
      vertex -1.48747 6.99156 11.75
      vertex -1.72115 6.42341 14.34
    endloop
  endfacet
  facet normal -0.809297 0.556237 0.188784
    outer loop
      vertex -5.78291 4.20153 11.75
      vertex -5.99412 3.89423 11.75
      vertex -5.37996 3.90877 14.34
    endloop
  endfacet
  facet normal -0.925694 0.327798 0.188783
    outer loop
      vertex -6.67375 2.56038 11.75
      vertex -6.79822 2.20888 11.75
      vertex -6.32453 2.05496 14.34
    endloop
  endfacet
  facet normal 0.941576 0.27892 0.188783
    outer loop
      vertex 6.7986 2.20759 11.75
      vertex 6.42341 1.72115 14.34
      vertex 6.90451 1.85006 11.75
    endloop
  endfacet
  facet normal 0.679713 0.708948 0.188107
    outer loop
      vertex 4.783 5.31206 11.75
      vertex 4.70226 4.70226 14.34
      vertex 4.78397 5.31113 11.75
    endloop
  endfacet
  facet normal 0.675974 0.712333 0.188787
    outer loop
      vertex 4.70226 4.70226 14.34
      vertex 4.783 5.31206 11.75
      vertex 4.44972 4.94191 14.34
    endloop
  endfacet
  facet normal 0.836867 0.513866 0.188668
    outer loop
      vertex 5.57716 3.62185 14.34
      vertex 6.19042 3.57404 11.75
      vertex 6.18972 3.57518 11.75
    endloop
  endfacet
  facet normal 0.837308 0.513103 0.188786
    outer loop
      vertex 6.19042 3.57404 11.75
      vertex 5.57716 3.62185 14.34
      vertex 5.75907 3.325 14.34
    endloop
  endfacet
  facet normal 0.780284 0.596255 0.188776
    outer loop
      vertex 5.16802 4.18498 14.34
      vertex 5.55591 4.49737 11.75
      vertex 5.5551 4.49843 11.75
    endloop
  endfacet
  facet normal 0.779092 0.597809 0.188784
    outer loop
      vertex 5.55591 4.49737 11.75
      vertex 5.16802 4.18498 14.34
      vertex 5.37996 3.90877 14.34
    endloop
  endfacet
  facet normal 0.0256961 0.981682 0.188784
    outer loop
      vertex 0.00133862 7.14804 11.75
      vertex 0 6.65 14.34
      vertex 0.348034 6.64089 14.34
    endloop
  endfacet
  facet normal 0.0293312 0.981584 0.188767
    outer loop
      vertex 0 6.65 14.34
      vertex 0.00133862 7.14804 11.75
      vertex 0 7.14808 11.75
    endloop
  endfacet
  facet normal 0.178947 0.965577 0.188783
    outer loop
      vertex 1.1182 7.06007 11.75
      vertex 1.04029 6.56813 14.34
      vertex 1.48485 6.99212 11.75
    endloop
  endfacet
  facet normal 0.382392 0.904504 0.188812
    outer loop
      vertex 2.90615 6.53061 11.75
      vertex 2.7048 6.07508 14.34
      vertex 2.90738 6.53009 11.75
    endloop
  endfacet
  facet normal 0.375798 0.907268 0.188786
    outer loop
      vertex 2.7048 6.07508 14.34
      vertex 2.90615 6.53061 11.75
      vertex 2.38315 6.20831 14.34
    endloop
  endfacet
  facet normal 0.556237 0.809297 0.188784
    outer loop
      vertex 4.20153 5.78291 11.75
      vertex 3.89423 5.99412 11.75
      vertex 3.90877 5.37996 14.34
    endloop
  endfacet
  facet normal -0.981584 -0.0293312 0.188767
    outer loop
      vertex -7.14804 -0.00133862 11.75
      vertex -6.65 0 14.34
      vertex -7.14808 0 11.75
    endloop
  endfacet
  facet normal -0.981682 -0.0256961 0.188784
    outer loop
      vertex -6.65 0 14.34
      vertex -7.14804 -0.00133862 11.75
      vertex -6.64089 -0.348034 14.34
    endloop
  endfacet
  facet normal -0.0256961 -0.981682 0.188784
    outer loop
      vertex -0.00133862 -7.14804 11.75
      vertex 0 -6.65 14.34
      vertex -0.348034 -6.64089 14.34
    endloop
  endfacet
  facet normal -0.0293312 -0.981584 0.188767
    outer loop
      vertex 0 -6.65 14.34
      vertex -0.00133862 -7.14804 11.75
      vertex 0 -7.14808 11.75
    endloop
  endfacet
  facet normal -0.382392 -0.904504 0.188812
    outer loop
      vertex -2.90615 -6.53061 11.75
      vertex -2.7048 -6.07508 14.34
      vertex -2.90738 -6.53009 11.75
    endloop
  endfacet
  facet normal -0.375798 -0.907268 0.188786
    outer loop
      vertex -2.7048 -6.07508 14.34
      vertex -2.90615 -6.53061 11.75
      vertex -2.38315 -6.20831 14.34
    endloop
  endfacet
  facet normal -0.513115 -0.837301 0.188784
    outer loop
      vertex -3.62185 -5.57716 14.34
      vertex -3.89312 -5.99488 11.75
      vertex -3.57518 -6.18972 11.75
    endloop
  endfacet
  facet normal -0.513866 -0.836867 0.188668
    outer loop
      vertex -3.57404 -6.19042 11.75
      vertex -3.62185 -5.57716 14.34
      vertex -3.57518 -6.18972 11.75
    endloop
  endfacet
  facet normal -0.513103 -0.837308 0.188786
    outer loop
      vertex -3.62185 -5.57716 14.34
      vertex -3.57404 -6.19042 11.75
      vertex -3.325 -5.75907 14.34
    endloop
  endfacet
  facet normal -0.973618 -0.128176 0.188783
    outer loop
      vertex -6.56813 -1.04029 14.34
      vertex -7.10874 -0.748505 11.75
      vertex -7.06007 -1.1182 11.75
    endloop
  endfacet
  facet normal -0.965577 -0.178947 0.188783
    outer loop
      vertex -6.56813 -1.04029 14.34
      vertex -7.06007 -1.1182 11.75
      vertex -6.99212 -1.48485 11.75
    endloop
  endfacet
  facet normal -0.981682 -0.0257033 0.188783
    outer loop
      vertex -6.64089 -0.348034 14.34
      vertex -7.14804 -0.00133862 11.75
      vertex -7.13828 -0.374101 11.75
    endloop
  endfacet
  facet normal -0.978991 -0.0770571 0.188783
    outer loop
      vertex -6.64089 -0.348034 14.34
      vertex -7.13828 -0.374101 11.75
      vertex -7.10902 -0.745842 11.75
    endloop
  endfacet
  facet normal -0.954886 -0.229247 0.188783
    outer loop
      vertex -6.42341 -1.72115 14.34
      vertex -6.99156 -1.48747 11.75
      vertex -6.90451 -1.85006 11.75
    endloop
  endfacet
  facet normal -0.925694 -0.327798 0.188783
    outer loop
      vertex -6.32453 -2.05496 14.34
      vertex -6.79822 -2.20888 11.75
      vertex -6.67375 -2.56038 11.75
    endloop
  endfacet
  facet normal -0.907268 -0.375798 0.188786
    outer loop
      vertex -6.53061 -2.90615 11.75
      vertex -6.07508 -2.7048 14.34
      vertex -6.20831 -2.38315 14.34
    endloop
  endfacet
  facet normal -0.904504 -0.382392 0.188812
    outer loop
      vertex -6.07508 -2.7048 14.34
      vertex -6.53061 -2.90615 11.75
      vertex -6.53009 -2.90738 11.75
    endloop
  endfacet
  facet normal -0.712326 -0.675983 0.188783
    outer loop
      vertex -4.70226 -4.70226 14.34
      vertex -5.31113 -4.78397 11.75
      vertex -5.05445 -5.05445 11.75
    endloop
  endfacet
  facet normal -0.779092 -0.597809 0.188784
    outer loop
      vertex -5.55591 -4.49737 11.75
      vertex -5.16802 -4.18498 14.34
      vertex -5.37996 -3.90877 14.34
    endloop
  endfacet
  facet normal -0.780284 -0.596255 0.188776
    outer loop
      vertex -5.16802 -4.18498 14.34
      vertex -5.55591 -4.49737 11.75
      vertex -5.5551 -4.49843 11.75
    endloop
  endfacet
  facet normal -0.837301 -0.513115 0.188784
    outer loop
      vertex -5.57716 -3.62185 14.34
      vertex -6.18972 -3.57518 11.75
      vertex -5.99488 -3.89312 11.75
    endloop
  endfacet
  facet normal 0.0293312 -0.981584 0.188767
    outer loop
      vertex 0.00133862 -7.14804 11.75
      vertex 0 -6.65 14.34
      vertex 0 -7.14808 11.75
    endloop
  endfacet
  facet normal 0.0256961 -0.981682 0.188784
    outer loop
      vertex 0 -6.65 14.34
      vertex 0.00133862 -7.14804 11.75
      vertex 0.348034 -6.64089 14.34
    endloop
  endfacet
  facet normal 0.712326 -0.675983 0.188783
    outer loop
      vertex 5.31113 -4.78397 11.75
      vertex 4.70226 -4.70226 14.34
      vertex 5.05445 -5.05445 11.75
    endloop
  endfacet
  facet normal 0.128176 -0.973618 0.188783
    outer loop
      vertex 1.04029 -6.56813 14.34
      vertex 0.748505 -7.10874 11.75
      vertex 1.1182 -7.06007 11.75
    endloop
  endfacet
  facet normal 0.178947 -0.965577 0.188783
    outer loop
      vertex 1.48485 -6.99212 11.75
      vertex 1.04029 -6.56813 14.34
      vertex 1.1182 -7.06007 11.75
    endloop
  endfacet
  facet normal 0.0257033 -0.981682 0.188783
    outer loop
      vertex 0.348034 -6.64089 14.34
      vertex 0.00133862 -7.14804 11.75
      vertex 0.374101 -7.13828 11.75
    endloop
  endfacet
  facet normal 0.0770571 -0.978991 0.188783
    outer loop
      vertex 0.745842 -7.10902 11.75
      vertex 0.348034 -6.64089 14.34
      vertex 0.374101 -7.13828 11.75
    endloop
  endfacet
  facet normal 0.229247 -0.954886 0.188783
    outer loop
      vertex 1.72115 -6.42341 14.34
      vertex 1.48747 -6.99156 11.75
      vertex 1.85006 -6.90451 11.75
    endloop
  endfacet
  facet normal 0.327798 -0.925694 0.188783
    outer loop
      vertex 2.56038 -6.67375 11.75
      vertex 2.05496 -6.32453 14.34
      vertex 2.20888 -6.79822 11.75
    endloop
  endfacet
  facet normal 0.375798 -0.907268 0.188786
    outer loop
      vertex 2.90615 -6.53061 11.75
      vertex 2.7048 -6.07508 14.34
      vertex 2.38315 -6.20831 14.34
    endloop
  endfacet
  facet normal 0.382392 -0.904504 0.188812
    outer loop
      vertex 2.7048 -6.07508 14.34
      vertex 2.90615 -6.53061 11.75
      vertex 2.90738 -6.53009 11.75
    endloop
  endfacet
  facet normal 0.809297 -0.556237 0.188784
    outer loop
      vertex 5.99412 -3.89423 11.75
      vertex 5.37996 -3.90877 14.34
      vertex 5.78291 -4.20153 11.75
    endloop
  endfacet
  facet normal 0.712333 -0.675974 0.188787
    outer loop
      vertex 4.70226 -4.70226 14.34
      vertex 5.31206 -4.783 11.75
      vertex 4.94191 -4.44972 14.34
    endloop
  endfacet
  facet normal 0.708948 -0.679713 0.188107
    outer loop
      vertex 5.31206 -4.783 11.75
      vertex 4.70226 -4.70226 14.34
      vertex 5.31113 -4.78397 11.75
    endloop
  endfacet
  facet normal 0.907268 -0.375798 0.188786
    outer loop
      vertex 6.07508 -2.7048 14.34
      vertex 6.53061 -2.90615 11.75
      vertex 6.20831 -2.38315 14.34
    endloop
  endfacet
  facet normal 0.904504 -0.382392 0.188812
    outer loop
      vertex 6.53061 -2.90615 11.75
      vertex 6.07508 -2.7048 14.34
      vertex 6.53009 -2.90738 11.75
    endloop
  endfacet
  facet normal 0.886351 -0.422779 0.188785
    outer loop
      vertex 6.52952 -2.90859 11.75
      vertex 5.92519 -3.01904 14.34
      vertex 6.36898 -3.24516 11.75
    endloop
  endfacet
  facet normal 0.941579 -0.278911 0.188782
    outer loop
      vertex 6.32453 -2.05496 14.34
      vertex 6.7986 -2.20759 11.75
      vertex 6.42341 -1.72115 14.34
    endloop
  endfacet
  facet normal 0.942 -0.277488 0.188775
    outer loop
      vertex 6.7986 -2.20759 11.75
      vertex 6.32453 -2.05496 14.34
      vertex 6.79822 -2.20888 11.75
    endloop
  endfacet
  facet normal 0.907277 -0.375778 0.188783
    outer loop
      vertex 6.6733 -2.56164 11.75
      vertex 6.20831 -2.38315 14.34
      vertex 6.53061 -2.90615 11.75
    endloop
  endfacet
  facet normal 0.973618 -0.128176 0.188783
    outer loop
      vertex 7.10874 -0.748505 11.75
      vertex 6.56813 -1.04029 14.34
      vertex 7.06007 -1.1182 11.75
    endloop
  endfacet
  facet normal 0.981584 -0.0293312 0.188767
    outer loop
      vertex 6.65 0 14.34
      vertex 7.14804 -0.00133862 11.75
      vertex 7.14808 0 11.75
    endloop
  endfacet
  facet normal 0.981682 -0.0256961 0.188784
    outer loop
      vertex 7.14804 -0.00133862 11.75
      vertex 6.65 0 14.34
      vertex 6.64089 -0.348034 14.34
    endloop
  endfacet
  facet normal 0.979279 0.0733542 0.188766
    outer loop
      vertex 6.61357 0.695114 14.34
      vertex 7.10902 0.745842 11.75
      vertex 7.10892 0.747177 11.75
    endloop
  endfacet
  facet normal 0.978991 0.0770601 0.188784
    outer loop
      vertex 7.10902 0.745842 11.75
      vertex 6.61357 0.695114 14.34
      vertex 6.64089 0.348034 14.34
    endloop
  endfacet
  facet normal 0.973618 0.128176 0.188783
    outer loop
      vertex 7.06007 1.1182 11.75
      vertex 6.56813 1.04029 14.34
      vertex 7.10874 0.748505 11.75
    endloop
  endfacet
  facet normal -0.978991 0.0770571 0.188783
    outer loop
      vertex -7.10902 0.745842 11.75
      vertex -7.13828 0.374101 11.75
      vertex -6.64089 0.348034 14.34
    endloop
  endfacet
  facet normal -0.981682 0.0257033 0.188783
    outer loop
      vertex -7.13828 0.374101 11.75
      vertex -7.14804 0.00133862 11.75
      vertex -6.64089 0.348034 14.34
    endloop
  endfacet
  facet normal -0.942 0.277488 0.188775
    outer loop
      vertex -6.7986 2.20759 11.75
      vertex -6.32453 2.05496 14.34
      vertex -6.79822 2.20888 11.75
    endloop
  endfacet
  facet normal -0.941579 0.278911 0.188782
    outer loop
      vertex -6.32453 2.05496 14.34
      vertex -6.7986 2.20759 11.75
      vertex -6.42341 1.72115 14.34
    endloop
  endfacet
  facet normal -0.973618 0.128176 0.188783
    outer loop
      vertex -7.06007 1.1182 11.75
      vertex -7.10874 0.748505 11.75
      vertex -6.56813 1.04029 14.34
    endloop
  endfacet
  facet normal -0.556237 0.809297 0.188784
    outer loop
      vertex -3.89423 5.99412 11.75
      vertex -4.20153 5.78291 11.75
      vertex -3.90877 5.37996 14.34
    endloop
  endfacet
  facet normal -0.422782 0.88635 0.188782
    outer loop
      vertex -2.90738 6.53009 11.75
      vertex -3.01904 5.92519 14.34
      vertex -2.7048 6.07508 14.34
    endloop
  endfacet
  facet normal -0.418442 0.888272 0.189418
    outer loop
      vertex -3.01904 5.92519 14.34
      vertex -2.90738 6.53009 11.75
      vertex -2.90859 6.52952 11.75
    endloop
  endfacet
  facet normal -0.746739 0.637763 0.188785
    outer loop
      vertex -5.31293 4.78198 11.75
      vertex -5.5551 4.49843 11.75
      vertex -5.16802 4.18498 14.34
    endloop
  endfacet
  facet normal -0.904504 0.382392 0.188812
    outer loop
      vertex -6.53061 2.90615 11.75
      vertex -6.07508 2.7048 14.34
      vertex -6.53009 2.90738 11.75
    endloop
  endfacet
  facet normal -0.907268 0.375798 0.188786
    outer loop
      vertex -6.07508 2.7048 14.34
      vertex -6.53061 2.90615 11.75
      vertex -6.20831 2.38315 14.34
    endloop
  endfacet
  facet normal -0.836867 0.513866 0.188668
    outer loop
      vertex -6.19042 3.57404 11.75
      vertex -5.57716 3.62185 14.34
      vertex -6.18972 3.57518 11.75
    endloop
  endfacet
  facet normal -0.837308 0.513103 0.188786
    outer loop
      vertex -5.57716 3.62185 14.34
      vertex -6.19042 3.57404 11.75
      vertex -5.75907 3.325 14.34
    endloop
  endfacet
  facet normal 0.907277 0.375778 0.188783
    outer loop
      vertex 6.53061 2.90615 11.75
      vertex 6.20831 2.38315 14.34
      vertex 6.6733 2.56164 11.75
    endloop
  endfacet
  facet normal 0.904504 0.382392 0.188812
    outer loop
      vertex 6.07508 2.7048 14.34
      vertex 6.53061 2.90615 11.75
      vertex 6.53009 2.90738 11.75
    endloop
  endfacet
  facet normal 0.907268 0.375798 0.188786
    outer loop
      vertex 6.53061 2.90615 11.75
      vertex 6.07508 2.7048 14.34
      vertex 6.20831 2.38315 14.34
    endloop
  endfacet
  facet normal 0.954886 0.229247 0.188783
    outer loop
      vertex 6.90451 1.85006 11.75
      vertex 6.42341 1.72115 14.34
      vertex 6.99156 1.48747 11.75
    endloop
  endfacet
  facet normal 0.747153 0.637278 0.188784
    outer loop
      vertex 4.94191 4.44972 14.34
      vertex 5.31293 4.78198 11.75
      vertex 5.31206 4.783 11.75
    endloop
  endfacet
  facet normal 0.746731 0.637771 0.188787
    outer loop
      vertex 5.31293 4.78198 11.75
      vertex 4.94191 4.44972 14.34
      vertex 5.16802 4.18498 14.34
    endloop
  endfacet
  facet normal 0.712326 0.675983 0.188783
    outer loop
      vertex 5.05445 5.05445 11.75
      vertex 4.70226 4.70226 14.34
      vertex 5.31113 4.78397 11.75
    endloop
  endfacet
  facet normal 0.810251 0.554766 0.189018
    outer loop
      vertex 5.37996 3.90877 14.34
      vertex 5.99488 3.89312 11.75
      vertex 5.99412 3.89423 11.75
    endloop
  endfacet
  facet normal 0.8093 0.556232 0.188784
    outer loop
      vertex 5.99488 3.89312 11.75
      vertex 5.37996 3.90877 14.34
      vertex 5.57716 3.62185 14.34
    endloop
  endfacet
  facet normal 0.837301 0.513115 0.188784
    outer loop
      vertex 5.99488 3.89312 11.75
      vertex 5.57716 3.62185 14.34
      vertex 6.18972 3.57518 11.75
    endloop
  endfacet
  facet normal 0.86629 0.462511 0.188748
    outer loop
      vertex 5.75907 3.325 14.34
      vertex 6.19105 3.57286 11.75
      vertex 6.19042 3.57404 11.75
    endloop
  endfacet
  facet normal 0.863018 0.468573 0.188783
    outer loop
      vertex 6.19105 3.57286 11.75
      vertex 5.75907 3.325 14.34
      vertex 5.92519 3.01904 14.34
    endloop
  endfacet
  facet normal 0.809297 0.556237 0.188784
    outer loop
      vertex 5.78291 4.20153 11.75
      vertex 5.37996 3.90877 14.34
      vertex 5.99412 3.89423 11.75
    endloop
  endfacet
  facet normal 0.779095 0.597805 0.188784
    outer loop
      vertex 5.55591 4.49737 11.75
      vertex 5.37996 3.90877 14.34
      vertex 5.78291 4.20153 11.75
    endloop
  endfacet
  facet normal 0.746739 0.637763 0.188785
    outer loop
      vertex 5.31293 4.78198 11.75
      vertex 5.16802 4.18498 14.34
      vertex 5.5551 4.49843 11.75
    endloop
  endfacet
  facet normal -0.0293312 0.981584 0.188767
    outer loop
      vertex -0.00133862 7.14804 11.75
      vertex 0 6.65 14.34
      vertex 0 7.14808 11.75
    endloop
  endfacet
  facet normal -0.0256961 0.981682 0.188784
    outer loop
      vertex 0 6.65 14.34
      vertex -0.00133862 7.14804 11.75
      vertex -0.348034 6.64089 14.34
    endloop
  endfacet
  facet normal 0.0770571 0.978991 0.188783
    outer loop
      vertex 0.374101 7.13828 11.75
      vertex 0.348034 6.64089 14.34
      vertex 0.745842 7.10902 11.75
    endloop
  endfacet
  facet normal 0.12817 0.973619 0.188784
    outer loop
      vertex 0.748505 7.10874 11.75
      vertex 0.695114 6.61357 14.34
      vertex 1.04029 6.56813 14.34
    endloop
  endfacet
  facet normal 0.131899 0.973124 0.188766
    outer loop
      vertex 0.695114 6.61357 14.34
      vertex 0.748505 7.10874 11.75
      vertex 0.747177 7.10892 11.75
    endloop
  endfacet
  facet normal 0.554766 0.810251 0.189018
    outer loop
      vertex 3.89312 5.99488 11.75
      vertex 3.90877 5.37996 14.34
      vertex 3.89423 5.99412 11.75
    endloop
  endfacet
  facet normal 0.556232 0.8093 0.188784
    outer loop
      vertex 3.90877 5.37996 14.34
      vertex 3.89312 5.99488 11.75
      vertex 3.62185 5.57716 14.34
    endloop
  endfacet
  facet normal 0.513115 0.837301 0.188784
    outer loop
      vertex 3.89312 5.99488 11.75
      vertex 3.57518 6.18972 11.75
      vertex 3.62185 5.57716 14.34
    endloop
  endfacet
  facet normal 0.375778 0.907277 0.188783
    outer loop
      vertex 2.56164 6.6733 11.75
      vertex 2.38315 6.20831 14.34
      vertex 2.90615 6.53061 11.75
    endloop
  endfacet
  facet normal 0.468586 0.863011 0.188785
    outer loop
      vertex 3.24516 6.36898 11.75
      vertex 3.01904 5.92519 14.34
      vertex 3.57286 6.19105 11.75
    endloop
  endfacet
  facet normal 0.277488 0.942 0.188775
    outer loop
      vertex 2.20759 6.7986 11.75
      vertex 2.05496 6.32453 14.34
      vertex 2.20888 6.79822 11.75
    endloop
  endfacet
  facet normal 0.278911 0.941579 0.188782
    outer loop
      vertex 2.05496 6.32453 14.34
      vertex 2.20759 6.7986 11.75
      vertex 1.72115 6.42341 14.34
    endloop
  endfacet
  facet normal 0.596255 0.780284 0.188776
    outer loop
      vertex 4.49737 5.55591 11.75
      vertex 4.18498 5.16802 14.34
      vertex 4.49843 5.5551 11.75
    endloop
  endfacet
  facet normal 0.597809 0.779092 0.188784
    outer loop
      vertex 4.18498 5.16802 14.34
      vertex 4.49737 5.55591 11.75
      vertex 3.90877 5.37996 14.34
    endloop
  endfacet
  facet normal -0.0770571 -0.978991 0.188783
    outer loop
      vertex -0.348034 -6.64089 14.34
      vertex -0.745842 -7.10902 11.75
      vertex -0.374101 -7.13828 11.75
    endloop
  endfacet
  facet normal -0.0257033 -0.981682 0.188783
    outer loop
      vertex -0.348034 -6.64089 14.34
      vertex -0.374101 -7.13828 11.75
      vertex -0.00133862 -7.14804 11.75
    endloop
  endfacet
  facet normal -0.178947 -0.965577 0.188783
    outer loop
      vertex -1.04029 -6.56813 14.34
      vertex -1.48485 -6.99212 11.75
      vertex -1.1182 -7.06007 11.75
    endloop
  endfacet
  facet normal -0.128176 -0.973618 0.188783
    outer loop
      vertex -1.04029 -6.56813 14.34
      vertex -1.1182 -7.06007 11.75
      vertex -0.748505 -7.10874 11.75
    endloop
  endfacet
  facet normal -0.277488 -0.942 0.188775
    outer loop
      vertex -2.20759 -6.7986 11.75
      vertex -2.05496 -6.32453 14.34
      vertex -2.20888 -6.79822 11.75
    endloop
  endfacet
  facet normal -0.278911 -0.941579 0.188782
    outer loop
      vertex -2.05496 -6.32453 14.34
      vertex -2.20759 -6.7986 11.75
      vertex -1.72115 -6.42341 14.34
    endloop
  endfacet
  facet normal -0.675983 -0.712326 0.188783
    outer loop
      vertex -4.70226 -4.70226 14.34
      vertex -5.05445 -5.05445 11.75
      vertex -4.78397 -5.31113 11.75
    endloop
  endfacet
  facet normal -0.462511 -0.86629 0.188748
    outer loop
      vertex -3.57286 -6.19105 11.75
      vertex -3.325 -5.75907 14.34
      vertex -3.57404 -6.19042 11.75
    endloop
  endfacet
  facet normal -0.468573 -0.863018 0.188783
    outer loop
      vertex -3.325 -5.75907 14.34
      vertex -3.57286 -6.19105 11.75
      vertex -3.01904 -5.92519 14.34
    endloop
  endfacet
  facet normal -0.973124 -0.131899 0.188766
    outer loop
      vertex -7.10874 -0.748505 11.75
      vertex -6.61357 -0.695114 14.34
      vertex -7.10892 -0.747177 11.75
    endloop
  endfacet
  facet normal -0.973619 -0.12817 0.188784
    outer loop
      vertex -6.61357 -0.695114 14.34
      vertex -7.10874 -0.748505 11.75
      vertex -6.56813 -1.04029 14.34
    endloop
  endfacet
  facet normal -0.907277 -0.375778 0.188783
    outer loop
      vertex -6.20831 -2.38315 14.34
      vertex -6.6733 -2.56164 11.75
      vertex -6.53061 -2.90615 11.75
    endloop
  endfacet
  facet normal -0.92569 -0.327809 0.188784
    outer loop
      vertex -6.67375 -2.56038 11.75
      vertex -6.20831 -2.38315 14.34
      vertex -6.32453 -2.05496 14.34
    endloop
  endfacet
  facet normal -0.924806 -0.330288 0.188795
    outer loop
      vertex -6.20831 -2.38315 14.34
      vertex -6.67375 -2.56038 11.75
      vertex -6.6733 -2.56164 11.75
    endloop
  endfacet
  facet normal -0.746731 -0.637771 0.188787
    outer loop
      vertex -5.31293 -4.78198 11.75
      vertex -4.94191 -4.44972 14.34
      vertex -5.16802 -4.18498 14.34
    endloop
  endfacet
  facet normal -0.747153 -0.637278 0.188784
    outer loop
      vertex -4.94191 -4.44972 14.34
      vertex -5.31293 -4.78198 11.75
      vertex -5.31206 -4.783 11.75
    endloop
  endfacet
  facet normal -0.810251 -0.554766 0.189018
    outer loop
      vertex -5.37996 -3.90877 14.34
      vertex -5.99488 -3.89312 11.75
      vertex -5.99412 -3.89423 11.75
    endloop
  endfacet
  facet normal -0.8093 -0.556232 0.188784
    outer loop
      vertex -5.99488 -3.89312 11.75
      vertex -5.37996 -3.90877 14.34
      vertex -5.57716 -3.62185 14.34
    endloop
  endfacet
  facet normal -0.836867 -0.513866 0.188668
    outer loop
      vertex -5.57716 -3.62185 14.34
      vertex -6.19042 -3.57404 11.75
      vertex -6.18972 -3.57518 11.75
    endloop
  endfacet
  facet normal -0.837308 -0.513103 0.188786
    outer loop
      vertex -6.19042 -3.57404 11.75
      vertex -5.57716 -3.62185 14.34
      vertex -5.75907 -3.325 14.34
    endloop
  endfacet
  facet normal 0.675983 -0.712326 0.188783
    outer loop
      vertex 5.05445 -5.05445 11.75
      vertex 4.70226 -4.70226 14.34
      vertex 4.78397 -5.31113 11.75
    endloop
  endfacet
  facet normal 0.597809 -0.779092 0.188784
    outer loop
      vertex 4.49737 -5.55591 11.75
      vertex 4.18498 -5.16802 14.34
      vertex 3.90877 -5.37996 14.34
    endloop
  endfacet
  facet normal 0.596255 -0.780284 0.188776
    outer loop
      vertex 4.18498 -5.16802 14.34
      vertex 4.49737 -5.55591 11.75
      vertex 4.49843 -5.5551 11.75
    endloop
  endfacet
  facet normal 0.675974 -0.712333 0.188787
    outer loop
      vertex 4.783 -5.31206 11.75
      vertex 4.70226 -4.70226 14.34
      vertex 4.44972 -4.94191 14.34
    endloop
  endfacet
  facet normal 0.679713 -0.708948 0.188107
    outer loop
      vertex 4.70226 -4.70226 14.34
      vertex 4.783 -5.31206 11.75
      vertex 4.78397 -5.31113 11.75
    endloop
  endfacet
  facet normal 0.513103 -0.837308 0.188786
    outer loop
      vertex 3.57404 -6.19042 11.75
      vertex 3.62185 -5.57716 14.34
      vertex 3.325 -5.75907 14.34
    endloop
  endfacet
  facet normal 0.513866 -0.836867 0.188668
    outer loop
      vertex 3.62185 -5.57716 14.34
      vertex 3.57404 -6.19042 11.75
      vertex 3.57518 -6.18972 11.75
    endloop
  endfacet
  facet normal 0.131899 -0.973124 0.188766
    outer loop
      vertex 0.748505 -7.10874 11.75
      vertex 0.695114 -6.61357 14.34
      vertex 0.747177 -7.10892 11.75
    endloop
  endfacet
  facet normal 0.12817 -0.973619 0.188784
    outer loop
      vertex 0.695114 -6.61357 14.34
      vertex 0.748505 -7.10874 11.75
      vertex 1.04029 -6.56813 14.34
    endloop
  endfacet
  facet normal 0.375778 -0.907277 0.188783
    outer loop
      vertex 2.90615 -6.53061 11.75
      vertex 2.38315 -6.20831 14.34
      vertex 2.56164 -6.6733 11.75
    endloop
  endfacet
  facet normal 0.327809 -0.92569 0.188784
    outer loop
      vertex 2.56038 -6.67375 11.75
      vertex 2.38315 -6.20831 14.34
      vertex 2.05496 -6.32453 14.34
    endloop
  endfacet
  facet normal 0.330288 -0.924806 0.188795
    outer loop
      vertex 2.38315 -6.20831 14.34
      vertex 2.56038 -6.67375 11.75
      vertex 2.56164 -6.6733 11.75
    endloop
  endfacet
  facet normal 0.779092 -0.597809 0.188784
    outer loop
      vertex 5.16802 -4.18498 14.34
      vertex 5.55591 -4.49737 11.75
      vertex 5.37996 -3.90877 14.34
    endloop
  endfacet
  facet normal 0.780284 -0.596255 0.188776
    outer loop
      vertex 5.55591 -4.49737 11.75
      vertex 5.16802 -4.18498 14.34
      vertex 5.5551 -4.49843 11.75
    endloop
  endfacet
  facet normal 0.88635 -0.422782 0.188782
    outer loop
      vertex 5.92519 -3.01904 14.34
      vertex 6.53009 -2.90738 11.75
      vertex 6.07508 -2.7048 14.34
    endloop
  endfacet
  facet normal 0.888272 -0.418442 0.189418
    outer loop
      vertex 6.53009 -2.90738 11.75
      vertex 5.92519 -3.01904 14.34
      vertex 6.52952 -2.90859 11.75
    endloop
  endfacet
  facet normal 0.954886 -0.229247 0.188783
    outer loop
      vertex 6.99156 -1.48747 11.75
      vertex 6.42341 -1.72115 14.34
      vertex 6.90451 -1.85006 11.75
    endloop
  endfacet
  facet normal 0.941576 -0.27892 0.188783
    outer loop
      vertex 6.90451 -1.85006 11.75
      vertex 6.42341 -1.72115 14.34
      vertex 6.7986 -2.20759 11.75
    endloop
  endfacet
  facet normal 0.955234 -0.227786 0.188791
    outer loop
      vertex 6.50468 -1.38261 14.34
      vertex 6.99156 -1.48747 11.75
      vertex 6.99187 -1.48617 11.75
    endloop
  endfacet
  facet normal 0.954889 -0.229231 0.188785
    outer loop
      vertex 6.99156 -1.48747 11.75
      vertex 6.50468 -1.38261 14.34
      vertex 6.42341 -1.72115 14.34
    endloop
  endfacet
  facet normal 0.965572 -0.178972 0.188786
    outer loop
      vertex 6.50468 -1.38261 14.34
      vertex 6.99212 -1.48485 11.75
      vertex 6.56813 -1.04029 14.34
    endloop
  endfacet
  facet normal 0.964863 -0.182739 0.188802
    outer loop
      vertex 6.99212 -1.48485 11.75
      vertex 6.50468 -1.38261 14.34
      vertex 6.99187 -1.48617 11.75
    endloop
  endfacet
  facet normal 0.92569 -0.327809 0.188784
    outer loop
      vertex 6.20831 -2.38315 14.34
      vertex 6.67375 -2.56038 11.75
      vertex 6.32453 -2.05496 14.34
    endloop
  endfacet
  facet normal 0.924806 -0.330288 0.188795
    outer loop
      vertex 6.67375 -2.56038 11.75
      vertex 6.20831 -2.38315 14.34
      vertex 6.6733 -2.56164 11.75
    endloop
  endfacet
  facet normal 0.925694 -0.327798 0.188783
    outer loop
      vertex 6.79822 -2.20888 11.75
      vertex 6.32453 -2.05496 14.34
      vertex 6.67375 -2.56038 11.75
    endloop
  endfacet
  facet normal 0.978991 -0.0770601 0.188784
    outer loop
      vertex 6.61357 -0.695114 14.34
      vertex 7.10902 -0.745842 11.75
      vertex 6.64089 -0.348034 14.34
    endloop
  endfacet
  facet normal 0.979279 -0.0733542 0.188766
    outer loop
      vertex 7.10902 -0.745842 11.75
      vertex 6.61357 -0.695114 14.34
      vertex 7.10892 -0.747177 11.75
    endloop
  endfacet
  facet normal 0.954889 0.229231 0.188785
    outer loop
      vertex 6.50468 1.38261 14.34
      vertex 6.99156 1.48747 11.75
      vertex 6.42341 1.72115 14.34
    endloop
  endfacet
  facet normal 0.955234 0.227786 0.188791
    outer loop
      vertex 6.99156 1.48747 11.75
      vertex 6.50468 1.38261 14.34
      vertex 6.99187 1.48617 11.75
    endloop
  endfacet
  facet normal 0.973619 0.12817 0.188784
    outer loop
      vertex 6.61357 0.695114 14.34
      vertex 7.10874 0.748505 11.75
      vertex 6.56813 1.04029 14.34
    endloop
  endfacet
  facet normal 0.973124 0.131899 0.188766
    outer loop
      vertex 7.10874 0.748505 11.75
      vertex 6.61357 0.695114 14.34
      vertex 7.10892 0.747177 11.75
    endloop
  endfacet
  facet normal 0 0 1
    outer loop
      vertex 6.64089 0.348034 14.34
      vertex 6.64089 -0.348034 14.34
      vertex 6.65 0 14.34
    endloop
  endfacet
  facet normal 0 0 1
    outer loop
      vertex 6.61357 0.695114 14.34
      vertex 6.64089 -0.348034 14.34
      vertex 6.64089 0.348034 14.34
    endloop
  endfacet
  facet normal 0 0 1
    outer loop
      vertex 6.61357 0.695114 14.34
      vertex 6.61357 -0.695114 14.34
      vertex 6.64089 -0.348034 14.34
    endloop
  endfacet
  facet normal 0 0 1
    outer loop
      vertex 6.56813 1.04029 14.34
      vertex 6.61357 -0.695114 14.34
      vertex 6.61357 0.695114 14.34
    endloop
  endfacet
  facet normal 0 0 1
    outer loop
      vertex 6.56813 1.04029 14.34
      vertex 6.56813 -1.04029 14.34
      vertex 6.61357 -0.695114 14.34
    endloop
  endfacet
  facet normal 0 0 1
    outer loop
      vertex 6.50468 1.38261 14.34
      vertex 6.56813 -1.04029 14.34
      vertex 6.56813 1.04029 14.34
    endloop
  endfacet
  facet normal 0 0 1
    outer loop
      vertex 6.50468 1.38261 14.34
      vertex 6.50468 -1.38261 14.34
      vertex 6.56813 -1.04029 14.34
    endloop
  endfacet
  facet normal 0 0 1
    outer loop
      vertex 6.42341 1.72115 14.34
      vertex 6.50468 -1.38261 14.34
      vertex 6.50468 1.38261 14.34
    endloop
  endfacet
  facet normal 0 0 1
    outer loop
      vertex 6.42341 1.72115 14.34
      vertex 6.42341 -1.72115 14.34
      vertex 6.50468 -1.38261 14.34
    endloop
  endfacet
  facet normal 0 0 1
    outer loop
      vertex 6.32453 2.05496 14.34
      vertex 6.42341 -1.72115 14.34
      vertex 6.42341 1.72115 14.34
    endloop
  endfacet
  facet normal 0 0 1
    outer loop
      vertex 6.32453 2.05496 14.34
      vertex 6.32453 -2.05496 14.34
      vertex 6.42341 -1.72115 14.34
    endloop
  endfacet
  facet normal 0 0 1
    outer loop
      vertex 6.20831 2.38315 14.34
      vertex 6.32453 -2.05496 14.34
      vertex 6.32453 2.05496 14.34
    endloop
  endfacet
  facet normal 0 0 1
    outer loop
      vertex 6.20831 2.38315 14.34
      vertex 6.20831 -2.38315 14.34
      vertex 6.32453 -2.05496 14.34
    endloop
  endfacet
  facet normal 0 0 1
    outer loop
      vertex 6.07508 2.7048 14.34
      vertex 6.20831 -2.38315 14.34
      vertex 6.20831 2.38315 14.34
    endloop
  endfacet
  facet normal 0 0 1
    outer loop
      vertex 6.07508 2.7048 14.34
      vertex 6.07508 -2.7048 14.34
      vertex 6.20831 -2.38315 14.34
    endloop
  endfacet
  facet normal 0 0 1
    outer loop
      vertex 5.92519 3.01904 14.34
      vertex 6.07508 -2.7048 14.34
      vertex 6.07508 2.7048 14.34
    endloop
  endfacet
  facet normal 0 0 1
    outer loop
      vertex 5.92519 3.01904 14.34
      vertex 5.92519 -3.01904 14.34
      vertex 6.07508 -2.7048 14.34
    endloop
  endfacet
  facet normal 0 0 1
    outer loop
      vertex 5.75907 3.325 14.34
      vertex 5.92519 -3.01904 14.34
      vertex 5.92519 3.01904 14.34
    endloop
  endfacet
  facet normal 0 0 1
    outer loop
      vertex 5.75907 3.325 14.34
      vertex 5.75907 -3.325 14.34
      vertex 5.92519 -3.01904 14.34
    endloop
  endfacet
  facet normal 0 0 1
    outer loop
      vertex 5.57716 3.62185 14.34
      vertex 5.75907 -3.325 14.34
      vertex 5.75907 3.325 14.34
    endloop
  endfacet
  facet normal 0 0 1
    outer loop
      vertex 5.57716 3.62185 14.34
      vertex 5.57716 -3.62185 14.34
      vertex 5.75907 -3.325 14.34
    endloop
  endfacet
  facet normal 0 0 1
    outer loop
      vertex 5.37996 3.90877 14.34
      vertex 5.57716 -3.62185 14.34
      vertex 5.57716 3.62185 14.34
    endloop
  endfacet
  facet normal 0 0 1
    outer loop
      vertex 5.37996 3.90877 14.34
      vertex 5.37996 -3.90877 14.34
      vertex 5.57716 -3.62185 14.34
    endloop
  endfacet
  facet normal 0 0 1
    outer loop
      vertex 5.16802 4.18498 14.34
      vertex 5.37996 -3.90877 14.34
      vertex 5.37996 3.90877 14.34
    endloop
  endfacet
  facet normal 0 0 1
    outer loop
      vertex 5.16802 4.18498 14.34
      vertex 5.16802 -4.18498 14.34
      vertex 5.37996 -3.90877 14.34
    endloop
  endfacet
  facet normal 0 0 1
    outer loop
      vertex 4.94191 4.44972 14.34
      vertex 5.16802 -4.18498 14.34
      vertex 5.16802 4.18498 14.34
    endloop
  endfacet
  facet normal 0 0 1
    outer loop
      vertex 4.94191 4.44972 14.34
      vertex 4.94191 -4.44972 14.34
      vertex 5.16802 -4.18498 14.34
    endloop
  endfacet
  facet normal 0 0 1
    outer loop
      vertex 4.70226 4.70226 14.34
      vertex 4.94191 -4.44972 14.34
      vertex 4.94191 4.44972 14.34
    endloop
  endfacet
  facet normal 0 0 1
    outer loop
      vertex 4.70226 4.70226 14.34
      vertex 4.70226 -4.70226 14.34
      vertex 4.94191 -4.44972 14.34
    endloop
  endfacet
  facet normal 0 0 1
    outer loop
      vertex 4.44972 4.94191 14.34
      vertex 4.70226 -4.70226 14.34
      vertex 4.70226 4.70226 14.34
    endloop
  endfacet
  facet normal 0 0 1
    outer loop
      vertex 4.44972 4.94191 14.34
      vertex 4.44972 -4.94191 14.34
      vertex 4.70226 -4.70226 14.34
    endloop
  endfacet
  facet normal 0 0 1
    outer loop
      vertex 4.18498 5.16802 14.34
      vertex 4.44972 -4.94191 14.34
      vertex 4.44972 4.94191 14.34
    endloop
  endfacet
  facet normal 0 0 1
    outer loop
      vertex 4.18498 5.16802 14.34
      vertex 4.18498 -5.16802 14.34
      vertex 4.44972 -4.94191 14.34
    endloop
  endfacet
  facet normal 0 0 1
    outer loop
      vertex 3.90877 5.37996 14.34
      vertex 4.18498 -5.16802 14.34
      vertex 4.18498 5.16802 14.34
    endloop
  endfacet
  facet normal 0 0 1
    outer loop
      vertex 3.90877 5.37996 14.34
      vertex 3.90877 -5.37996 14.34
      vertex 4.18498 -5.16802 14.34
    endloop
  endfacet
  facet normal 0 0 1
    outer loop
      vertex 3.62185 5.57716 14.34
      vertex 3.90877 -5.37996 14.34
      vertex 3.90877 5.37996 14.34
    endloop
  endfacet
  facet normal 0 0 1
    outer loop
      vertex 3.62185 5.57716 14.34
      vertex 3.62185 -5.57716 14.34
      vertex 3.90877 -5.37996 14.34
    endloop
  endfacet
  facet normal 0 0 1
    outer loop
      vertex 3.325 5.75907 14.34
      vertex 3.62185 -5.57716 14.34
      vertex 3.62185 5.57716 14.34
    endloop
  endfacet
  facet normal 0 0 1
    outer loop
      vertex 3.325 5.75907 14.34
      vertex 3.325 -5.75907 14.34
      vertex 3.62185 -5.57716 14.34
    endloop
  endfacet
  facet normal 0 0 1
    outer loop
      vertex 3.01904 5.92519 14.34
      vertex 3.325 -5.75907 14.34
      vertex 3.325 5.75907 14.34
    endloop
  endfacet
  facet normal 0 0 1
    outer loop
      vertex 3.01904 5.92519 14.34
      vertex 3.01904 -5.92519 14.34
      vertex 3.325 -5.75907 14.34
    endloop
  endfacet
  facet normal 0 0 1
    outer loop
      vertex 2.7048 6.07508 14.34
      vertex 3.01904 -5.92519 14.34
      vertex 3.01904 5.92519 14.34
    endloop
  endfacet
  facet normal 0 0 1
    outer loop
      vertex 2.7048 6.07508 14.34
      vertex 2.7048 -6.07508 14.34
      vertex 3.01904 -5.92519 14.34
    endloop
  endfacet
  facet normal 0 0 1
    outer loop
      vertex 2.38315 6.20831 14.34
      vertex 2.7048 -6.07508 14.34
      vertex 2.7048 6.07508 14.34
    endloop
  endfacet
  facet normal 0 0 1
    outer loop
      vertex 2.38315 6.20831 14.34
      vertex 2.38315 -6.20831 14.34
      vertex 2.7048 -6.07508 14.34
    endloop
  endfacet
  facet normal 0 0 1
    outer loop
      vertex 2.05496 6.32453 14.34
      vertex 2.38315 -6.20831 14.34
      vertex 2.38315 6.20831 14.34
    endloop
  endfacet
  facet normal 0 0 1
    outer loop
      vertex 2.05496 6.32453 14.34
      vertex 2.05496 -6.32453 14.34
      vertex 2.38315 -6.20831 14.34
    endloop
  endfacet
  facet normal 0 0 1
    outer loop
      vertex 1.72115 6.42341 14.34
      vertex 2.05496 -6.32453 14.34
      vertex 2.05496 6.32453 14.34
    endloop
  endfacet
  facet normal 0 0 1
    outer loop
      vertex 1.72115 6.42341 14.34
      vertex 1.72115 -6.42341 14.34
      vertex 2.05496 -6.32453 14.34
    endloop
  endfacet
  facet normal 0 0 1
    outer loop
      vertex 1.38261 6.50468 14.34
      vertex 1.72115 -6.42341 14.34
      vertex 1.72115 6.42341 14.34
    endloop
  endfacet
  facet normal 0 0 1
    outer loop
      vertex 1.38261 6.50468 14.34
      vertex 1.38261 -6.50468 14.34
      vertex 1.72115 -6.42341 14.34
    endloop
  endfacet
  facet normal 0 0 1
    outer loop
      vertex 1.04029 6.56813 14.34
      vertex 1.38261 -6.50468 14.34
      vertex 1.38261 6.50468 14.34
    endloop
  endfacet
  facet normal 0 0 1
    outer loop
      vertex 1.04029 6.56813 14.34
      vertex 1.04029 -6.56813 14.34
      vertex 1.38261 -6.50468 14.34
    endloop
  endfacet
  facet normal 0 0 1
    outer loop
      vertex 0.695114 6.61357 14.34
      vertex 1.04029 -6.56813 14.34
      vertex 1.04029 6.56813 14.34
    endloop
  endfacet
  facet normal 0 0 1
    outer loop
      vertex 0.695114 6.61357 14.34
      vertex 0.695114 -6.61357 14.34
      vertex 1.04029 -6.56813 14.34
    endloop
  endfacet
  facet normal 0 0 1
    outer loop
      vertex 0.348034 6.64089 14.34
      vertex 0.695114 -6.61357 14.34
      vertex 0.695114 6.61357 14.34
    endloop
  endfacet
  facet normal 0 0 1
    outer loop
      vertex 0.348034 6.64089 14.34
      vertex 0.348034 -6.64089 14.34
      vertex 0.695114 -6.61357 14.34
    endloop
  endfacet
  facet normal 0 0 1
    outer loop
      vertex 0 6.65 14.34
      vertex 0.348034 -6.64089 14.34
      vertex 0.348034 6.64089 14.34
    endloop
  endfacet
  facet normal 0 0 1
    outer loop
      vertex 0 6.65 14.34
      vertex 0 -6.65 14.34
      vertex 0.348034 -6.64089 14.34
    endloop
  endfacet
  facet normal -0 0 1
    outer loop
      vertex -0.348034 6.64089 14.34
      vertex 0 -6.65 14.34
      vertex 0 6.65 14.34
    endloop
  endfacet
  facet normal 0 0 1
    outer loop
      vertex -0.348034 6.64089 14.34
      vertex -0.348034 -6.64089 14.34
      vertex 0 -6.65 14.34
    endloop
  endfacet
  facet normal -0 0 1
    outer loop
      vertex -0.695114 6.61357 14.34
      vertex -0.348034 -6.64089 14.34
      vertex -0.348034 6.64089 14.34
    endloop
  endfacet
  facet normal 0 0 1
    outer loop
      vertex -0.695114 6.61357 14.34
      vertex -0.695114 -6.61357 14.34
      vertex -0.348034 -6.64089 14.34
    endloop
  endfacet
  facet normal -0 0 1
    outer loop
      vertex -1.04029 6.56813 14.34
      vertex -0.695114 -6.61357 14.34
      vertex -0.695114 6.61357 14.34
    endloop
  endfacet
  facet normal 0 0 1
    outer loop
      vertex -1.04029 6.56813 14.34
      vertex -1.04029 -6.56813 14.34
      vertex -0.695114 -6.61357 14.34
    endloop
  endfacet
  facet normal -0 0 1
    outer loop
      vertex -1.38261 6.50468 14.34
      vertex -1.04029 -6.56813 14.34
      vertex -1.04029 6.56813 14.34
    endloop
  endfacet
  facet normal 0 0 1
    outer loop
      vertex -1.38261 6.50468 14.34
      vertex -1.38261 -6.50468 14.34
      vertex -1.04029 -6.56813 14.34
    endloop
  endfacet
  facet normal -0 0 1
    outer loop
      vertex -1.72115 6.42341 14.34
      vertex -1.38261 -6.50468 14.34
      vertex -1.38261 6.50468 14.34
    endloop
  endfacet
  facet normal 0 0 1
    outer loop
      vertex -1.72115 6.42341 14.34
      vertex -1.72115 -6.42341 14.34
      vertex -1.38261 -6.50468 14.34
    endloop
  endfacet
  facet normal -0 0 1
    outer loop
      vertex -2.05496 6.32453 14.34
      vertex -1.72115 -6.42341 14.34
      vertex -1.72115 6.42341 14.34
    endloop
  endfacet
  facet normal 0 0 1
    outer loop
      vertex -2.05496 6.32453 14.34
      vertex -2.05496 -6.32453 14.34
      vertex -1.72115 -6.42341 14.34
    endloop
  endfacet
  facet normal -0 0 1
    outer loop
      vertex -2.38315 6.20831 14.34
      vertex -2.05496 -6.32453 14.34
      vertex -2.05496 6.32453 14.34
    endloop
  endfacet
  facet normal 0 0 1
    outer loop
      vertex -2.38315 6.20831 14.34
      vertex -2.38315 -6.20831 14.34
      vertex -2.05496 -6.32453 14.34
    endloop
  endfacet
  facet normal -0 0 1
    outer loop
      vertex -2.7048 6.07508 14.34
      vertex -2.38315 -6.20831 14.34
      vertex -2.38315 6.20831 14.34
    endloop
  endfacet
  facet normal 0 0 1
    outer loop
      vertex -2.7048 6.07508 14.34
      vertex -2.7048 -6.07508 14.34
      vertex -2.38315 -6.20831 14.34
    endloop
  endfacet
  facet normal -0 0 1
    outer loop
      vertex -3.01904 5.92519 14.34
      vertex -2.7048 -6.07508 14.34
      vertex -2.7048 6.07508 14.34
    endloop
  endfacet
  facet normal 0 0 1
    outer loop
      vertex -3.01904 5.92519 14.34
      vertex -3.01904 -5.92519 14.34
      vertex -2.7048 -6.07508 14.34
    endloop
  endfacet
  facet normal -0 0 1
    outer loop
      vertex -3.325 5.75907 14.34
      vertex -3.01904 -5.92519 14.34
      vertex -3.01904 5.92519 14.34
    endloop
  endfacet
  facet normal 0 0 1
    outer loop
      vertex -3.325 5.75907 14.34
      vertex -3.325 -5.75907 14.34
      vertex -3.01904 -5.92519 14.34
    endloop
  endfacet
  facet normal -0 0 1
    outer loop
      vertex -3.62185 5.57716 14.34
      vertex -3.325 -5.75907 14.34
      vertex -3.325 5.75907 14.34
    endloop
  endfacet
  facet normal 0 0 1
    outer loop
      vertex -3.62185 5.57716 14.34
      vertex -3.62185 -5.57716 14.34
      vertex -3.325 -5.75907 14.34
    endloop
  endfacet
  facet normal -0 0 1
    outer loop
      vertex -3.90877 5.37996 14.34
      vertex -3.62185 -5.57716 14.34
      vertex -3.62185 5.57716 14.34
    endloop
  endfacet
  facet normal 0 0 1
    outer loop
      vertex -3.90877 5.37996 14.34
      vertex -3.90877 -5.37996 14.34
      vertex -3.62185 -5.57716 14.34
    endloop
  endfacet
  facet normal -0 0 1
    outer loop
      vertex -4.18498 5.16802 14.34
      vertex -3.90877 -5.37996 14.34
      vertex -3.90877 5.37996 14.34
    endloop
  endfacet
  facet normal 0 0 1
    outer loop
      vertex -4.18498 5.16802 14.34
      vertex -4.18498 -5.16802 14.34
      vertex -3.90877 -5.37996 14.34
    endloop
  endfacet
  facet normal -0 0 1
    outer loop
      vertex -4.44972 4.94191 14.34
      vertex -4.18498 -5.16802 14.34
      vertex -4.18498 5.16802 14.34
    endloop
  endfacet
  facet normal 0 0 1
    outer loop
      vertex -4.44972 4.94191 14.34
      vertex -4.44972 -4.94191 14.34
      vertex -4.18498 -5.16802 14.34
    endloop
  endfacet
  facet normal -0 0 1
    outer loop
      vertex -4.70226 4.70226 14.34
      vertex -4.44972 -4.94191 14.34
      vertex -4.44972 4.94191 14.34
    endloop
  endfacet
  facet normal 0 0 1
    outer loop
      vertex -4.70226 4.70226 14.34
      vertex -4.70226 -4.70226 14.34
      vertex -4.44972 -4.94191 14.34
    endloop
  endfacet
  facet normal -0 0 1
    outer loop
      vertex -4.94191 4.44972 14.34
      vertex -4.70226 -4.70226 14.34
      vertex -4.70226 4.70226 14.34
    endloop
  endfacet
  facet normal 0 0 1
    outer loop
      vertex -4.94191 4.44972 14.34
      vertex -4.94191 -4.44972 14.34
      vertex -4.70226 -4.70226 14.34
    endloop
  endfacet
  facet normal -0 0 1
    outer loop
      vertex -5.16802 4.18498 14.34
      vertex -4.94191 -4.44972 14.34
      vertex -4.94191 4.44972 14.34
    endloop
  endfacet
  facet normal 0 0 1
    outer loop
      vertex -5.16802 4.18498 14.34
      vertex -5.16802 -4.18498 14.34
      vertex -4.94191 -4.44972 14.34
    endloop
  endfacet
  facet normal -0 0 1
    outer loop
      vertex -5.37996 3.90877 14.34
      vertex -5.16802 -4.18498 14.34
      vertex -5.16802 4.18498 14.34
    endloop
  endfacet
  facet normal 0 0 1
    outer loop
      vertex -5.37996 3.90877 14.34
      vertex -5.37996 -3.90877 14.34
      vertex -5.16802 -4.18498 14.34
    endloop
  endfacet
  facet normal -0 0 1
    outer loop
      vertex -5.57716 3.62185 14.34
      vertex -5.37996 -3.90877 14.34
      vertex -5.37996 3.90877 14.34
    endloop
  endfacet
  facet normal 0 0 1
    outer loop
      vertex -5.57716 3.62185 14.34
      vertex -5.57716 -3.62185 14.34
      vertex -5.37996 -3.90877 14.34
    endloop
  endfacet
  facet normal -0 0 1
    outer loop
      vertex -5.75907 3.325 14.34
      vertex -5.57716 -3.62185 14.34
      vertex -5.57716 3.62185 14.34
    endloop
  endfacet
  facet normal 0 0 1
    outer loop
      vertex -5.75907 3.325 14.34
      vertex -5.75907 -3.325 14.34
      vertex -5.57716 -3.62185 14.34
    endloop
  endfacet
  facet normal -0 0 1
    outer loop
      vertex -5.92519 3.01904 14.34
      vertex -5.75907 -3.325 14.34
      vertex -5.75907 3.325 14.34
    endloop
  endfacet
  facet normal 0 0 1
    outer loop
      vertex -5.92519 3.01904 14.34
      vertex -5.92519 -3.01904 14.34
      vertex -5.75907 -3.325 14.34
    endloop
  endfacet
  facet normal -0 0 1
    outer loop
      vertex -6.07508 2.7048 14.34
      vertex -5.92519 -3.01904 14.34
      vertex -5.92519 3.01904 14.34
    endloop
  endfacet
  facet normal 0 0 1
    outer loop
      vertex -6.07508 2.7048 14.34
      vertex -6.07508 -2.7048 14.34
      vertex -5.92519 -3.01904 14.34
    endloop
  endfacet
  facet normal -0 0 1
    outer loop
      vertex -6.20831 2.38315 14.34
      vertex -6.07508 -2.7048 14.34
      vertex -6.07508 2.7048 14.34
    endloop
  endfacet
  facet normal 0 0 1
    outer loop
      vertex -6.20831 2.38315 14.34
      vertex -6.20831 -2.38315 14.34
      vertex -6.07508 -2.7048 14.34
    endloop
  endfacet
  facet normal -0 0 1
    outer loop
      vertex -6.32453 2.05496 14.34
      vertex -6.20831 -2.38315 14.34
      vertex -6.20831 2.38315 14.34
    endloop
  endfacet
  facet normal 0 0 1
    outer loop
      vertex -6.32453 2.05496 14.34
      vertex -6.32453 -2.05496 14.34
      vertex -6.20831 -2.38315 14.34
    endloop
  endfacet
  facet normal -0 0 1
    outer loop
      vertex -6.42341 1.72115 14.34
      vertex -6.32453 -2.05496 14.34
      vertex -6.32453 2.05496 14.34
    endloop
  endfacet
  facet normal 0 0 1
    outer loop
      vertex -6.42341 1.72115 14.34
      vertex -6.42341 -1.72115 14.34
      vertex -6.32453 -2.05496 14.34
    endloop
  endfacet
  facet normal -0 0 1
    outer loop
      vertex -6.50468 1.38261 14.34
      vertex -6.42341 -1.72115 14.34
      vertex -6.42341 1.72115 14.34
    endloop
  endfacet
  facet normal 0 0 1
    outer loop
      vertex -6.50468 1.38261 14.34
      vertex -6.50468 -1.38261 14.34
      vertex -6.42341 -1.72115 14.34
    endloop
  endfacet
  facet normal -0 0 1
    outer loop
      vertex -6.56813 1.04029 14.34
      vertex -6.50468 -1.38261 14.34
      vertex -6.50468 1.38261 14.34
    endloop
  endfacet
  facet normal 0 0 1
    outer loop
      vertex -6.56813 1.04029 14.34
      vertex -6.56813 -1.04029 14.34
      vertex -6.50468 -1.38261 14.34
    endloop
  endfacet
  facet normal -0 0 1
    outer loop
      vertex -6.61357 0.695114 14.34
      vertex -6.56813 -1.04029 14.34
      vertex -6.56813 1.04029 14.34
    endloop
  endfacet
  facet normal 0 0 1
    outer loop
      vertex -6.61357 0.695114 14.34
      vertex -6.61357 -0.695114 14.34
      vertex -6.56813 -1.04029 14.34
    endloop
  endfacet
  facet normal -0 0 1
    outer loop
      vertex -6.64089 0.348034 14.34
      vertex -6.61357 -0.695114 14.34
      vertex -6.61357 0.695114 14.34
    endloop
  endfacet
  facet normal 0 0 1
    outer loop
      vertex -6.64089 0.348034 14.34
      vertex -6.64089 -0.348034 14.34
      vertex -6.61357 -0.695114 14.34
    endloop
  endfacet
  facet normal 0 -0 1
    outer loop
      vertex -6.64089 -0.348034 14.34
      vertex -6.64089 0.348034 14.34
      vertex -6.65 0 14.34
    endloop
  endfacet
  facet normal -0.979279 0.0733542 0.188766
    outer loop
      vertex -7.10902 0.745842 11.75
      vertex -6.61357 0.695114 14.34
      vertex -7.10892 0.747177 11.75
    endloop
  endfacet
  facet normal -0.978991 0.0770601 0.188784
    outer loop
      vertex -6.61357 0.695114 14.34
      vertex -7.10902 0.745842 11.75
      vertex -6.64089 0.348034 14.34
    endloop
  endfacet
  facet normal -0.965577 0.178947 0.188783
    outer loop
      vertex -6.99212 1.48485 11.75
      vertex -7.06007 1.1182 11.75
      vertex -6.56813 1.04029 14.34
    endloop
  endfacet
  facet normal -0.712326 0.675983 0.188783
    outer loop
      vertex -5.05445 5.05445 11.75
      vertex -5.31113 4.78397 11.75
      vertex -4.70226 4.70226 14.34
    endloop
  endfacet
  facet normal -0.675983 0.712326 0.188783
    outer loop
      vertex -4.78397 5.31113 11.75
      vertex -5.05445 5.05445 11.75
      vertex -4.70226 4.70226 14.34
    endloop
  endfacet
  facet normal -0.597805 0.779095 0.188784
    outer loop
      vertex -4.20153 5.78291 11.75
      vertex -4.49737 5.55591 11.75
      vertex -3.90877 5.37996 14.34
    endloop
  endfacet
  facet normal -0.637771 0.746731 0.188787
    outer loop
      vertex -4.78198 5.31293 11.75
      vertex -4.44972 4.94191 14.34
      vertex -4.18498 5.16802 14.34
    endloop
  endfacet
  facet normal -0.637278 0.747153 0.188784
    outer loop
      vertex -4.44972 4.94191 14.34
      vertex -4.78198 5.31293 11.75
      vertex -4.783 5.31206 11.75
    endloop
  endfacet
  facet normal -0.0770601 0.978991 0.188784
    outer loop
      vertex -0.745842 7.10902 11.75
      vertex -0.695114 6.61357 14.34
      vertex -0.348034 6.64089 14.34
    endloop
  endfacet
  facet normal -0.0733542 0.979279 0.188766
    outer loop
      vertex -0.695114 6.61357 14.34
      vertex -0.745842 7.10902 11.75
      vertex -0.747177 7.10892 11.75
    endloop
  endfacet
  facet normal -0.178947 0.965577 0.188783
    outer loop
      vertex -1.1182 7.06007 11.75
      vertex -1.48485 6.99212 11.75
      vertex -1.04029 6.56813 14.34
    endloop
  endfacet
  facet normal -0.278911 0.941579 0.188782
    outer loop
      vertex -2.20759 6.7986 11.75
      vertex -2.05496 6.32453 14.34
      vertex -1.72115 6.42341 14.34
    endloop
  endfacet
  facet normal -0.277488 0.942 0.188775
    outer loop
      vertex -2.05496 6.32453 14.34
      vertex -2.20759 6.7986 11.75
      vertex -2.20888 6.79822 11.75
    endloop
  endfacet
  facet normal -0.0770571 0.978991 0.188783
    outer loop
      vertex -0.374101 7.13828 11.75
      vertex -0.745842 7.10902 11.75
      vertex -0.348034 6.64089 14.34
    endloop
  endfacet
  facet normal -0.0257033 0.981682 0.188783
    outer loop
      vertex -0.00133862 7.14804 11.75
      vertex -0.374101 7.13828 11.75
      vertex -0.348034 6.64089 14.34
    endloop
  endfacet
  facet normal -0.708948 0.679713 0.188107
    outer loop
      vertex -5.31206 4.783 11.75
      vertex -4.70226 4.70226 14.34
      vertex -5.31113 4.78397 11.75
    endloop
  endfacet
  facet normal -0.712333 0.675974 0.188787
    outer loop
      vertex -4.70226 4.70226 14.34
      vertex -5.31206 4.783 11.75
      vertex -4.94191 4.44972 14.34
    endloop
  endfacet
  facet normal -0.747153 0.637278 0.188784
    outer loop
      vertex -5.31293 4.78198 11.75
      vertex -4.94191 4.44972 14.34
      vertex -5.31206 4.783 11.75
    endloop
  endfacet
  facet normal -0.746731 0.637771 0.188787
    outer loop
      vertex -4.94191 4.44972 14.34
      vertex -5.31293 4.78198 11.75
      vertex -5.16802 4.18498 14.34
    endloop
  endfacet
  facet normal -0.779095 0.597805 0.188784
    outer loop
      vertex -5.55591 4.49737 11.75
      vertex -5.78291 4.20153 11.75
      vertex -5.37996 3.90877 14.34
    endloop
  endfacet
  facet normal -0.907277 0.375778 0.188783
    outer loop
      vertex -6.53061 2.90615 11.75
      vertex -6.6733 2.56164 11.75
      vertex -6.20831 2.38315 14.34
    endloop
  endfacet
  facet normal -0.924806 0.330288 0.188795
    outer loop
      vertex -6.67375 2.56038 11.75
      vertex -6.20831 2.38315 14.34
      vertex -6.6733 2.56164 11.75
    endloop
  endfacet
  facet normal -0.92569 0.327809 0.188784
    outer loop
      vertex -6.20831 2.38315 14.34
      vertex -6.67375 2.56038 11.75
      vertex -6.32453 2.05496 14.34
    endloop
  endfacet
  facet normal -0.888272 0.418442 0.189418
    outer loop
      vertex -6.53009 2.90738 11.75
      vertex -5.92519 3.01904 14.34
      vertex -6.52952 2.90859 11.75
    endloop
  endfacet
  facet normal -0.88635 0.422782 0.188782
    outer loop
      vertex -5.92519 3.01904 14.34
      vertex -6.53009 2.90738 11.75
      vertex -6.07508 2.7048 14.34
    endloop
  endfacet
  facet normal -0.837301 0.513115 0.188784
    outer loop
      vertex -5.99488 3.89312 11.75
      vertex -6.18972 3.57518 11.75
      vertex -5.57716 3.62185 14.34
    endloop
  endfacet
  facet normal -0.810251 0.554766 0.189018
    outer loop
      vertex -5.99488 3.89312 11.75
      vertex -5.37996 3.90877 14.34
      vertex -5.99412 3.89423 11.75
    endloop
  endfacet
  facet normal -0.8093 0.556232 0.188784
    outer loop
      vertex -5.37996 3.90877 14.34
      vertex -5.99488 3.89312 11.75
      vertex -5.57716 3.62185 14.34
    endloop
  endfacet
  facet normal 0.924806 0.330288 0.188795
    outer loop
      vertex 6.20831 2.38315 14.34
      vertex 6.67375 2.56038 11.75
      vertex 6.6733 2.56164 11.75
    endloop
  endfacet
  facet normal 0.92569 0.327809 0.188784
    outer loop
      vertex 6.67375 2.56038 11.75
      vertex 6.20831 2.38315 14.34
      vertex 6.32453 2.05496 14.34
    endloop
  endfacet
  facet normal 0.708948 0.679713 0.188107
    outer loop
      vertex 4.70226 4.70226 14.34
      vertex 5.31206 4.783 11.75
      vertex 5.31113 4.78397 11.75
    endloop
  endfacet
  facet normal 0.712333 0.675974 0.188787
    outer loop
      vertex 5.31206 4.783 11.75
      vertex 4.70226 4.70226 14.34
      vertex 4.94191 4.44972 14.34
    endloop
  endfacet
  facet normal 0.888272 0.418442 0.189418
    outer loop
      vertex 5.92519 3.01904 14.34
      vertex 6.53009 2.90738 11.75
      vertex 6.52952 2.90859 11.75
    endloop
  endfacet
  facet normal 0.88635 0.422782 0.188782
    outer loop
      vertex 6.53009 2.90738 11.75
      vertex 5.92519 3.01904 14.34
      vertex 6.07508 2.7048 14.34
    endloop
  endfacet
  facet normal 0.128176 0.973618 0.188783
    outer loop
      vertex 1.1182 7.06007 11.75
      vertex 0.748505 7.10874 11.75
      vertex 1.04029 6.56813 14.34
    endloop
  endfacet
  facet normal 0.0257033 0.981682 0.188783
    outer loop
      vertex 0.374101 7.13828 11.75
      vertex 0.00133862 7.14804 11.75
      vertex 0.348034 6.64089 14.34
    endloop
  endfacet
  facet normal 0.0733542 0.979279 0.188766
    outer loop
      vertex 0.745842 7.10902 11.75
      vertex 0.695114 6.61357 14.34
      vertex 0.747177 7.10892 11.75
    endloop
  endfacet
  facet normal 0.0770601 0.978991 0.188784
    outer loop
      vertex 0.695114 6.61357 14.34
      vertex 0.745842 7.10902 11.75
      vertex 0.348034 6.64089 14.34
    endloop
  endfacet
  facet normal 0.513866 0.836867 0.188668
    outer loop
      vertex 3.57404 6.19042 11.75
      vertex 3.62185 5.57716 14.34
      vertex 3.57518 6.18972 11.75
    endloop
  endfacet
  facet normal 0.513103 0.837308 0.188786
    outer loop
      vertex 3.62185 5.57716 14.34
      vertex 3.57404 6.19042 11.75
      vertex 3.325 5.75907 14.34
    endloop
  endfacet
  facet normal 0.330288 0.924806 0.188795
    outer loop
      vertex 2.56038 6.67375 11.75
      vertex 2.38315 6.20831 14.34
      vertex 2.56164 6.6733 11.75
    endloop
  endfacet
  facet normal 0.327809 0.92569 0.188784
    outer loop
      vertex 2.38315 6.20831 14.34
      vertex 2.56038 6.67375 11.75
      vertex 2.05496 6.32453 14.34
    endloop
  endfacet
  facet normal 0.327798 0.925694 0.188783
    outer loop
      vertex 2.20888 6.79822 11.75
      vertex 2.05496 6.32453 14.34
      vertex 2.56038 6.67375 11.75
    endloop
  endfacet
  facet normal 0.229247 0.954886 0.188783
    outer loop
      vertex 1.85006 6.90451 11.75
      vertex 1.48747 6.99156 11.75
      vertex 1.72115 6.42341 14.34
    endloop
  endfacet
  facet normal 0.637763 0.746739 0.188785
    outer loop
      vertex 4.49843 5.5551 11.75
      vertex 4.18498 5.16802 14.34
      vertex 4.78198 5.31293 11.75
    endloop
  endfacet
  facet normal 0.597805 0.779095 0.188784
    outer loop
      vertex 4.20153 5.78291 11.75
      vertex 3.90877 5.37996 14.34
      vertex 4.49737 5.55591 11.75
    endloop
  endfacet
  facet normal -0.0733542 -0.979279 0.188766
    outer loop
      vertex -0.745842 -7.10902 11.75
      vertex -0.695114 -6.61357 14.34
      vertex -0.747177 -7.10892 11.75
    endloop
  endfacet
  facet normal -0.0770601 -0.978991 0.188784
    outer loop
      vertex -0.695114 -6.61357 14.34
      vertex -0.745842 -7.10902 11.75
      vertex -0.348034 -6.64089 14.34
    endloop
  endfacet
  facet normal -0.182739 -0.964863 0.188802
    outer loop
      vertex -1.48485 -6.99212 11.75
      vertex -1.38261 -6.50468 14.34
      vertex -1.48617 -6.99187 11.75
    endloop
  endfacet
  facet normal -0.178972 -0.965572 0.188786
    outer loop
      vertex -1.38261 -6.50468 14.34
      vertex -1.48485 -6.99212 11.75
      vertex -1.04029 -6.56813 14.34
    endloop
  endfacet
  facet normal -0.27892 -0.941576 0.188783
    outer loop
      vertex -1.72115 -6.42341 14.34
      vertex -2.20759 -6.7986 11.75
      vertex -1.85006 -6.90451 11.75
    endloop
  endfacet
  facet normal -0.229247 -0.954886 0.188783
    outer loop
      vertex -1.72115 -6.42341 14.34
      vertex -1.85006 -6.90451 11.75
      vertex -1.48747 -6.99156 11.75
    endloop
  endfacet
  facet normal -0.375778 -0.907277 0.188783
    outer loop
      vertex -2.38315 -6.20831 14.34
      vertex -2.90615 -6.53061 11.75
      vertex -2.56164 -6.6733 11.75
    endloop
  endfacet
  facet normal -0.637278 -0.747153 0.188784
    outer loop
      vertex -4.78198 -5.31293 11.75
      vertex -4.44972 -4.94191 14.34
      vertex -4.783 -5.31206 11.75
    endloop
  endfacet
  facet normal -0.637771 -0.746731 0.188787
    outer loop
      vertex -4.44972 -4.94191 14.34
      vertex -4.78198 -5.31293 11.75
      vertex -4.18498 -5.16802 14.34
    endloop
  endfacet
  facet normal -0.637763 -0.746739 0.188785
    outer loop
      vertex -4.18498 -5.16802 14.34
      vertex -4.78198 -5.31293 11.75
      vertex -4.49843 -5.5551 11.75
    endloop
  endfacet
  facet normal -0.596255 -0.780284 0.188776
    outer loop
      vertex -4.49737 -5.55591 11.75
      vertex -4.18498 -5.16802 14.34
      vertex -4.49843 -5.5551 11.75
    endloop
  endfacet
  facet normal -0.597809 -0.779092 0.188784
    outer loop
      vertex -4.18498 -5.16802 14.34
      vertex -4.49737 -5.55591 11.75
      vertex -3.90877 -5.37996 14.34
    endloop
  endfacet
  facet normal -0.554766 -0.810251 0.189018
    outer loop
      vertex -3.89312 -5.99488 11.75
      vertex -3.90877 -5.37996 14.34
      vertex -3.89423 -5.99412 11.75
    endloop
  endfacet
  facet normal -0.556232 -0.8093 0.188784
    outer loop
      vertex -3.90877 -5.37996 14.34
      vertex -3.89312 -5.99488 11.75
      vertex -3.62185 -5.57716 14.34
    endloop
  endfacet
  facet normal -0.468586 -0.863011 0.188785
    outer loop
      vertex -3.01904 -5.92519 14.34
      vertex -3.57286 -6.19105 11.75
      vertex -3.24516 -6.36898 11.75
    endloop
  endfacet
  facet normal -0.978991 -0.0770601 0.188784
    outer loop
      vertex -7.10902 -0.745842 11.75
      vertex -6.61357 -0.695114 14.34
      vertex -6.64089 -0.348034 14.34
    endloop
  endfacet
  facet normal -0.979279 -0.0733542 0.188766
    outer loop
      vertex -6.61357 -0.695114 14.34
      vertex -7.10902 -0.745842 11.75
      vertex -7.10892 -0.747177 11.75
    endloop
  endfacet
  facet normal -0.941579 -0.278911 0.188782
    outer loop
      vertex -6.7986 -2.20759 11.75
      vertex -6.32453 -2.05496 14.34
      vertex -6.42341 -1.72115 14.34
    endloop
  endfacet
  facet normal -0.942 -0.277488 0.188775
    outer loop
      vertex -6.32453 -2.05496 14.34
      vertex -6.7986 -2.20759 11.75
      vertex -6.79822 -2.20888 11.75
    endloop
  endfacet
  facet normal -0.809297 -0.556237 0.188784
    outer loop
      vertex -5.37996 -3.90877 14.34
      vertex -5.99412 -3.89423 11.75
      vertex -5.78291 -4.20153 11.75
    endloop
  endfacet
  facet normal -0.779095 -0.597805 0.188784
    outer loop
      vertex -5.37996 -3.90877 14.34
      vertex -5.78291 -4.20153 11.75
      vertex -5.55591 -4.49737 11.75
    endloop
  endfacet
  facet normal -0.888272 -0.418442 0.189418
    outer loop
      vertex -5.92519 -3.01904 14.34
      vertex -6.53009 -2.90738 11.75
      vertex -6.52952 -2.90859 11.75
    endloop
  endfacet
  facet normal -0.88635 -0.422782 0.188782
    outer loop
      vertex -6.53009 -2.90738 11.75
      vertex -5.92519 -3.01904 14.34
      vertex -6.07508 -2.7048 14.34
    endloop
  endfacet
  facet normal 0.556237 -0.809297 0.188784
    outer loop
      vertex 3.90877 -5.37996 14.34
      vertex 3.89423 -5.99412 11.75
      vertex 4.20153 -5.78291 11.75
    endloop
  endfacet
  facet normal 0.637763 -0.746739 0.188785
    outer loop
      vertex 4.78198 -5.31293 11.75
      vertex 4.18498 -5.16802 14.34
      vertex 4.49843 -5.5551 11.75
    endloop
  endfacet
  facet normal 0.637771 -0.746731 0.188787
    outer loop
      vertex 4.78198 -5.31293 11.75
      vertex 4.44972 -4.94191 14.34
      vertex 4.18498 -5.16802 14.34
    endloop
  endfacet
  facet normal 0.637278 -0.747153 0.188784
    outer loop
      vertex 4.44972 -4.94191 14.34
      vertex 4.78198 -5.31293 11.75
      vertex 4.783 -5.31206 11.75
    endloop
  endfacet
  facet normal 0.422782 -0.88635 0.188782
    outer loop
      vertex 2.90738 -6.53009 11.75
      vertex 3.01904 -5.92519 14.34
      vertex 2.7048 -6.07508 14.34
    endloop
  endfacet
  facet normal 0.418442 -0.888272 0.189418
    outer loop
      vertex 3.01904 -5.92519 14.34
      vertex 2.90738 -6.53009 11.75
      vertex 2.90859 -6.52952 11.75
    endloop
  endfacet
  facet normal 0.0770601 -0.978991 0.188784
    outer loop
      vertex 0.745842 -7.10902 11.75
      vertex 0.695114 -6.61357 14.34
      vertex 0.348034 -6.64089 14.34
    endloop
  endfacet
  facet normal 0.0733542 -0.979279 0.188766
    outer loop
      vertex 0.695114 -6.61357 14.34
      vertex 0.745842 -7.10902 11.75
      vertex 0.747177 -7.10892 11.75
    endloop
  endfacet
  facet normal 0.278911 -0.941579 0.188782
    outer loop
      vertex 2.20759 -6.7986 11.75
      vertex 2.05496 -6.32453 14.34
      vertex 1.72115 -6.42341 14.34
    endloop
  endfacet
  facet normal 0.277488 -0.942 0.188775
    outer loop
      vertex 2.05496 -6.32453 14.34
      vertex 2.20759 -6.7986 11.75
      vertex 2.20888 -6.79822 11.75
    endloop
  endfacet
  facet normal 0.837301 -0.513115 0.188784
    outer loop
      vertex 6.18972 -3.57518 11.75
      vertex 5.57716 -3.62185 14.34
      vertex 5.99488 -3.89312 11.75
    endloop
  endfacet
  facet normal 0.837308 -0.513103 0.188786
    outer loop
      vertex 5.57716 -3.62185 14.34
      vertex 6.19042 -3.57404 11.75
      vertex 5.75907 -3.325 14.34
    endloop
  endfacet
  facet normal 0.836867 -0.513866 0.188668
    outer loop
      vertex 6.19042 -3.57404 11.75
      vertex 5.57716 -3.62185 14.34
      vertex 6.18972 -3.57518 11.75
    endloop
  endfacet
  facet normal 0.746731 -0.637771 0.188787
    outer loop
      vertex 4.94191 -4.44972 14.34
      vertex 5.31293 -4.78198 11.75
      vertex 5.16802 -4.18498 14.34
    endloop
  endfacet
  facet normal 0.747153 -0.637278 0.188784
    outer loop
      vertex 5.31293 -4.78198 11.75
      vertex 4.94191 -4.44972 14.34
      vertex 5.31206 -4.783 11.75
    endloop
  endfacet
  facet normal 0.746739 -0.637763 0.188785
    outer loop
      vertex 5.5551 -4.49843 11.75
      vertex 5.16802 -4.18498 14.34
      vertex 5.31293 -4.78198 11.75
    endloop
  endfacet
  facet normal 0.863011 -0.468586 0.188785
    outer loop
      vertex 6.36898 -3.24516 11.75
      vertex 5.92519 -3.01904 14.34
      vertex 6.19105 -3.57286 11.75
    endloop
  endfacet
  facet normal -0.973124 0.131899 0.188766
    outer loop
      vertex -6.61357 0.695114 14.34
      vertex -7.10874 0.748505 11.75
      vertex -7.10892 0.747177 11.75
    endloop
  endfacet
  facet normal -0.973619 0.12817 0.188784
    outer loop
      vertex -7.10874 0.748505 11.75
      vertex -6.61357 0.695114 14.34
      vertex -6.56813 1.04029 14.34
    endloop
  endfacet
  facet normal -0.954886 0.229247 0.188783
    outer loop
      vertex -6.90451 1.85006 11.75
      vertex -6.99156 1.48747 11.75
      vertex -6.42341 1.72115 14.34
    endloop
  endfacet
  facet normal -0.941576 0.27892 0.188783
    outer loop
      vertex -6.7986 2.20759 11.75
      vertex -6.90451 1.85006 11.75
      vertex -6.42341 1.72115 14.34
    endloop
  endfacet
  facet normal -0.955234 0.227786 0.188791
    outer loop
      vertex -6.50468 1.38261 14.34
      vertex -6.99156 1.48747 11.75
      vertex -6.99187 1.48617 11.75
    endloop
  endfacet
  facet normal -0.954889 0.229231 0.188785
    outer loop
      vertex -6.99156 1.48747 11.75
      vertex -6.50468 1.38261 14.34
      vertex -6.42341 1.72115 14.34
    endloop
  endfacet
  facet normal -0.964863 0.182739 0.188802
    outer loop
      vertex -6.99212 1.48485 11.75
      vertex -6.50468 1.38261 14.34
      vertex -6.99187 1.48617 11.75
    endloop
  endfacet
  facet normal -0.965572 0.178972 0.188786
    outer loop
      vertex -6.50468 1.38261 14.34
      vertex -6.99212 1.48485 11.75
      vertex -6.56813 1.04029 14.34
    endloop
  endfacet
  facet normal -0.597809 0.779092 0.188784
    outer loop
      vertex -4.49737 5.55591 11.75
      vertex -4.18498 5.16802 14.34
      vertex -3.90877 5.37996 14.34
    endloop
  endfacet
  facet normal -0.596255 0.780284 0.188776
    outer loop
      vertex -4.18498 5.16802 14.34
      vertex -4.49737 5.55591 11.75
      vertex -4.49843 5.5551 11.75
    endloop
  endfacet
  facet normal -0.637763 0.746739 0.188785
    outer loop
      vertex -4.49843 5.5551 11.75
      vertex -4.78198 5.31293 11.75
      vertex -4.18498 5.16802 14.34
    endloop
  endfacet
  facet normal -0.513103 0.837308 0.188786
    outer loop
      vertex -3.57404 6.19042 11.75
      vertex -3.62185 5.57716 14.34
      vertex -3.325 5.75907 14.34
    endloop
  endfacet
  facet normal -0.513866 0.836867 0.188668
    outer loop
      vertex -3.62185 5.57716 14.34
      vertex -3.57404 6.19042 11.75
      vertex -3.57518 6.18972 11.75
    endloop
  endfacet
  facet normal -0.178972 0.965572 0.188786
    outer loop
      vertex -1.48485 6.99212 11.75
      vertex -1.38261 6.50468 14.34
      vertex -1.04029 6.56813 14.34
    endloop
  endfacet
  facet normal -0.182739 0.964863 0.188802
    outer loop
      vertex -1.38261 6.50468 14.34
      vertex -1.48485 6.99212 11.75
      vertex -1.48617 6.99187 11.75
    endloop
  endfacet
  facet normal -0.131899 0.973124 0.188766
    outer loop
      vertex -0.748505 7.10874 11.75
      vertex -0.695114 6.61357 14.34
      vertex -0.747177 7.10892 11.75
    endloop
  endfacet
  facet normal -0.12817 0.973619 0.188784
    outer loop
      vertex -0.695114 6.61357 14.34
      vertex -0.748505 7.10874 11.75
      vertex -1.04029 6.56813 14.34
    endloop
  endfacet
  facet normal -0.128176 0.973618 0.188783
    outer loop
      vertex -0.748505 7.10874 11.75
      vertex -1.1182 7.06007 11.75
      vertex -1.04029 6.56813 14.34
    endloop
  endfacet
  facet normal -0.327798 0.925694 0.188783
    outer loop
      vertex -2.20888 6.79822 11.75
      vertex -2.56038 6.67375 11.75
      vertex -2.05496 6.32453 14.34
    endloop
  endfacet
  facet normal -0.27892 0.941576 0.188783
    outer loop
      vertex -1.85006 6.90451 11.75
      vertex -2.20759 6.7986 11.75
      vertex -1.72115 6.42341 14.34
    endloop
  endfacet
  facet normal -0.229247 0.954886 0.188783
    outer loop
      vertex -1.48747 6.99156 11.75
      vertex -1.85006 6.90451 11.75
      vertex -1.72115 6.42341 14.34
    endloop
  endfacet
  facet normal -0.863011 0.468586 0.188785
    outer loop
      vertex -6.19105 3.57286 11.75
      vertex -6.36898 3.24516 11.75
      vertex -5.92519 3.01904 14.34
    endloop
  endfacet
  facet normal -0.886351 0.422779 0.188785
    outer loop
      vertex -6.36898 3.24516 11.75
      vertex -6.52952 2.90859 11.75
      vertex -5.92519 3.01904 14.34
    endloop
  endfacet
  facet normal 0.942 0.277488 0.188775
    outer loop
      vertex 6.32453 2.05496 14.34
      vertex 6.7986 2.20759 11.75
      vertex 6.79822 2.20888 11.75
    endloop
  endfacet
  facet normal 0.941579 0.278911 0.188782
    outer loop
      vertex 6.7986 2.20759 11.75
      vertex 6.32453 2.05496 14.34
      vertex 6.42341 1.72115 14.34
    endloop
  endfacet
  facet normal 0.886351 0.422779 0.188785
    outer loop
      vertex 6.36898 3.24516 11.75
      vertex 5.92519 3.01904 14.34
      vertex 6.52952 2.90859 11.75
    endloop
  endfacet
  facet normal 0.863011 0.468586 0.188785
    outer loop
      vertex 6.19105 3.57286 11.75
      vertex 5.92519 3.01904 14.34
      vertex 6.36898 3.24516 11.75
    endloop
  endfacet
  facet normal 0.422779 0.886351 0.188785
    outer loop
      vertex 3.24516 6.36898 11.75
      vertex 2.90859 6.52952 11.75
      vertex 3.01904 5.92519 14.34
    endloop
  endfacet
  facet normal 0.418442 0.888272 0.189418
    outer loop
      vertex 2.90738 6.53009 11.75
      vertex 3.01904 5.92519 14.34
      vertex 2.90859 6.52952 11.75
    endloop
  endfacet
  facet normal 0.422782 0.88635 0.188782
    outer loop
      vertex 3.01904 5.92519 14.34
      vertex 2.90738 6.53009 11.75
      vertex 2.7048 6.07508 14.34
    endloop
  endfacet
  facet normal 0.27892 0.941576 0.188783
    outer loop
      vertex 1.85006 6.90451 11.75
      vertex 1.72115 6.42341 14.34
      vertex 2.20759 6.7986 11.75
    endloop
  endfacet
  facet normal 0.229231 0.954889 0.188785
    outer loop
      vertex 1.48747 6.99156 11.75
      vertex 1.38261 6.50468 14.34
      vertex 1.72115 6.42341 14.34
    endloop
  endfacet
  facet normal 0.227786 0.955234 0.188791
    outer loop
      vertex 1.38261 6.50468 14.34
      vertex 1.48747 6.99156 11.75
      vertex 1.48617 6.99187 11.75
    endloop
  endfacet
  facet normal 0.182739 0.964863 0.188802
    outer loop
      vertex 1.48485 6.99212 11.75
      vertex 1.38261 6.50468 14.34
      vertex 1.48617 6.99187 11.75
    endloop
  endfacet
  facet normal 0.178972 0.965572 0.188786
    outer loop
      vertex 1.38261 6.50468 14.34
      vertex 1.48485 6.99212 11.75
      vertex 1.04029 6.56813 14.34
    endloop
  endfacet
  facet normal 0.637278 0.747153 0.188784
    outer loop
      vertex 4.78198 5.31293 11.75
      vertex 4.44972 4.94191 14.34
      vertex 4.783 5.31206 11.75
    endloop
  endfacet
  facet normal 0.637771 0.746731 0.188787
    outer loop
      vertex 4.44972 4.94191 14.34
      vertex 4.78198 5.31293 11.75
      vertex 4.18498 5.16802 14.34
    endloop
  endfacet
  facet normal -0.12817 -0.973619 0.188784
    outer loop
      vertex -0.748505 -7.10874 11.75
      vertex -0.695114 -6.61357 14.34
      vertex -1.04029 -6.56813 14.34
    endloop
  endfacet
  facet normal -0.131899 -0.973124 0.188766
    outer loop
      vertex -0.695114 -6.61357 14.34
      vertex -0.748505 -7.10874 11.75
      vertex -0.747177 -7.10892 11.75
    endloop
  endfacet
  facet normal -0.330288 -0.924806 0.188795
    outer loop
      vertex -2.56038 -6.67375 11.75
      vertex -2.38315 -6.20831 14.34
      vertex -2.56164 -6.6733 11.75
    endloop
  endfacet
  facet normal -0.327809 -0.92569 0.188784
    outer loop
      vertex -2.38315 -6.20831 14.34
      vertex -2.56038 -6.67375 11.75
      vertex -2.05496 -6.32453 14.34
    endloop
  endfacet
  facet normal -0.327798 -0.925694 0.188783
    outer loop
      vertex -2.05496 -6.32453 14.34
      vertex -2.56038 -6.67375 11.75
      vertex -2.20888 -6.79822 11.75
    endloop
  endfacet
  facet normal -0.597805 -0.779095 0.188784
    outer loop
      vertex -3.90877 -5.37996 14.34
      vertex -4.49737 -5.55591 11.75
      vertex -4.20153 -5.78291 11.75
    endloop
  endfacet
  facet normal -0.679713 -0.708948 0.188107
    outer loop
      vertex -4.783 -5.31206 11.75
      vertex -4.70226 -4.70226 14.34
      vertex -4.78397 -5.31113 11.75
    endloop
  endfacet
  facet normal -0.675974 -0.712333 0.188787
    outer loop
      vertex -4.70226 -4.70226 14.34
      vertex -4.783 -5.31206 11.75
      vertex -4.44972 -4.94191 14.34
    endloop
  endfacet
  facet normal -0.422779 -0.886351 0.188785
    outer loop
      vertex -3.01904 -5.92519 14.34
      vertex -3.24516 -6.36898 11.75
      vertex -2.90859 -6.52952 11.75
    endloop
  endfacet
  facet normal -0.418442 -0.888272 0.189418
    outer loop
      vertex -2.90738 -6.53009 11.75
      vertex -3.01904 -5.92519 14.34
      vertex -2.90859 -6.52952 11.75
    endloop
  endfacet
  facet normal -0.422782 -0.88635 0.188782
    outer loop
      vertex -3.01904 -5.92519 14.34
      vertex -2.90738 -6.53009 11.75
      vertex -2.7048 -6.07508 14.34
    endloop
  endfacet
  facet normal -0.886351 -0.422779 0.188785
    outer loop
      vertex -5.92519 -3.01904 14.34
      vertex -6.52952 -2.90859 11.75
      vertex -6.36898 -3.24516 11.75
    endloop
  endfacet
  facet normal -0.863011 -0.468586 0.188785
    outer loop
      vertex -5.92519 -3.01904 14.34
      vertex -6.36898 -3.24516 11.75
      vertex -6.19105 -3.57286 11.75
    endloop
  endfacet
  facet normal 0.513115 -0.837301 0.188784
    outer loop
      vertex 3.62185 -5.57716 14.34
      vertex 3.57518 -6.18972 11.75
      vertex 3.89312 -5.99488 11.75
    endloop
  endfacet
  facet normal 0.556232 -0.8093 0.188784
    outer loop
      vertex 3.89312 -5.99488 11.75
      vertex 3.90877 -5.37996 14.34
      vertex 3.62185 -5.57716 14.34
    endloop
  endfacet
  facet normal 0.554766 -0.810251 0.189018
    outer loop
      vertex 3.90877 -5.37996 14.34
      vertex 3.89312 -5.99488 11.75
      vertex 3.89423 -5.99412 11.75
    endloop
  endfacet
  facet normal 0.597805 -0.779095 0.188784
    outer loop
      vertex 4.49737 -5.55591 11.75
      vertex 3.90877 -5.37996 14.34
      vertex 4.20153 -5.78291 11.75
    endloop
  endfacet
  facet normal 0.422779 -0.886351 0.188785
    outer loop
      vertex 3.01904 -5.92519 14.34
      vertex 2.90859 -6.52952 11.75
      vertex 3.24516 -6.36898 11.75
    endloop
  endfacet
  facet normal 0.468586 -0.863011 0.188785
    outer loop
      vertex 3.57286 -6.19105 11.75
      vertex 3.01904 -5.92519 14.34
      vertex 3.24516 -6.36898 11.75
    endloop
  endfacet
  facet normal -0.468586 0.863011 0.188785
    outer loop
      vertex -3.24516 6.36898 11.75
      vertex -3.57286 6.19105 11.75
      vertex -3.01904 5.92519 14.34
    endloop
  endfacet
  facet normal -0.422779 0.886351 0.188785
    outer loop
      vertex -2.90859 6.52952 11.75
      vertex -3.24516 6.36898 11.75
      vertex -3.01904 5.92519 14.34
    endloop
  endfacet
  facet normal -0.513115 0.837301 0.188784
    outer loop
      vertex -3.57518 6.18972 11.75
      vertex -3.89312 5.99488 11.75
      vertex -3.62185 5.57716 14.34
    endloop
  endfacet
  facet normal -0.556232 0.8093 0.188784
    outer loop
      vertex -3.89312 5.99488 11.75
      vertex -3.90877 5.37996 14.34
      vertex -3.62185 5.57716 14.34
    endloop
  endfacet
  facet normal -0.554766 0.810251 0.189018
    outer loop
      vertex -3.90877 5.37996 14.34
      vertex -3.89312 5.99488 11.75
      vertex -3.89423 5.99412 11.75
    endloop
  endfacet
  facet normal -0.327809 0.92569 0.188784
    outer loop
      vertex -2.56038 6.67375 11.75
      vertex -2.38315 6.20831 14.34
      vertex -2.05496 6.32453 14.34
    endloop
  endfacet
  facet normal -0.330288 0.924806 0.188795
    outer loop
      vertex -2.38315 6.20831 14.34
      vertex -2.56038 6.67375 11.75
      vertex -2.56164 6.6733 11.75
    endloop
  endfacet
  facet normal -0.86629 0.462511 0.188748
    outer loop
      vertex -6.19105 3.57286 11.75
      vertex -5.75907 3.325 14.34
      vertex -6.19042 3.57404 11.75
    endloop
  endfacet
  facet normal -0.863018 0.468573 0.188783
    outer loop
      vertex -5.75907 3.325 14.34
      vertex -6.19105 3.57286 11.75
      vertex -5.92519 3.01904 14.34
    endloop
  endfacet
  facet normal 0.462511 0.86629 0.188748
    outer loop
      vertex 3.57286 6.19105 11.75
      vertex 3.325 5.75907 14.34
      vertex 3.57404 6.19042 11.75
    endloop
  endfacet
  facet normal 0.468573 0.863018 0.188783
    outer loop
      vertex 3.325 5.75907 14.34
      vertex 3.57286 6.19105 11.75
      vertex 3.01904 5.92519 14.34
    endloop
  endfacet
  facet normal -0.468573 0.863018 0.188783
    outer loop
      vertex -3.57286 6.19105 11.75
      vertex -3.325 5.75907 14.34
      vertex -3.01904 5.92519 14.34
    endloop
  endfacet
  facet normal -0.462511 0.86629 0.188748
    outer loop
      vertex -3.325 5.75907 14.34
      vertex -3.57286 6.19105 11.75
      vertex -3.57404 6.19042 11.75
    endloop
  endfacet
  facet normal -0.375778 0.907277 0.188783
    outer loop
      vertex -2.56164 6.6733 11.75
      vertex -2.90615 6.53061 11.75
      vertex -2.38315 6.20831 14.34
    endloop
  endfacet
  facet normal -0.375798 0.907268 0.188786
    outer loop
      vertex -2.90615 6.53061 11.75
      vertex -2.7048 6.07508 14.34
      vertex -2.38315 6.20831 14.34
    endloop
  endfacet
  facet normal -0.382392 0.904504 0.188812
    outer loop
      vertex -2.7048 6.07508 14.34
      vertex -2.90615 6.53061 11.75
      vertex -2.90738 6.53009 11.75
    endloop
  endfacet
endsolid OpenSCAD_Model
